/*
 Navicat Premium Dump SQL

 Source Server         : Mysql84
 Source Server Type    : MySQL
 Source Server Version : 80405 (8.4.5)
 Source Host           : localhost:3306
 Source Schema         : aiaudio

 Target Server Type    : MySQL
 Target Server Version : 80405 (8.4.5)
 File Encoding         : 65001

 Date: 15/06/2025 22:05:24
*/

SET NAMES utf8mb4;
SET FOREIGN_KEY_CHECKS = 0;

-- ----------------------------
-- Table structure for ai_log
-- ----------------------------
DROP TABLE IF EXISTS `ai_log`;
CREATE TABLE `ai_log` (
  `id` int NOT NULL AUTO_INCREMENT COMMENT 'ID',
  `task_id` int NOT NULL COMMENT '任务详情ID',
  `task_type` varchar(255) CHARACTER SET utf8mb4 COLLATE utf8mb4_0900_ai_ci DEFAULT NULL COMMENT '任务类型',
  `status` varchar(255) DEFAULT NULL COMMENT '状态',
  `message` varchar(255) DEFAULT NULL COMMENT '消息',
  `log` longtext COMMENT '日志信息',
  `create_time` datetime DEFAULT NULL COMMENT '创建时间',
  PRIMARY KEY (`id`)
) ENGINE=InnoDB AUTO_INCREMENT=122 DEFAULT CHARSET=utf8mb4 COLLATE=utf8mb4_0900_ai_ci COMMENT='日志记录';

-- ----------------------------
-- Records of ai_log
-- ----------------------------
BEGIN;
COMMIT;

-- ----------------------------
-- Table structure for ai_task
-- ----------------------------
DROP TABLE IF EXISTS `ai_task`;
CREATE TABLE `ai_task` (
  `id` int NOT NULL AUTO_INCREMENT COMMENT 'id',
  `uid` int NOT NULL COMMENT '用户 id',
  `number` varchar(255) CHARACTER SET utf8mb4 COLLATE utf8mb4_general_ci NOT NULL COMMENT '任务编号',
  `name` varchar(255) CHARACTER SET utf8mb4 COLLATE utf8mb4_general_ci NOT NULL COMMENT '任务昵称',
  `status` int NOT NULL DEFAULT '1' COMMENT '状态 1.空任务 2.已检测 3.已转写 4.处理中 5.暂停中',
  `create_time` datetime DEFAULT NULL COMMENT '创建时间',
  `update_time` datetime DEFAULT NULL COMMENT '更新时间',
  `delete_time` datetime DEFAULT NULL COMMENT '删除时间',
  PRIMARY KEY (`id`) USING BTREE
) ENGINE=InnoDB AUTO_INCREMENT=101 DEFAULT CHARSET=utf8mb4 COLLATE=utf8mb4_general_ci ROW_FORMAT=DYNAMIC COMMENT='任务表';

-- ----------------------------
-- Records of ai_task
-- ----------------------------
BEGIN;
COMMIT;

-- ----------------------------
-- Table structure for ai_task_info
-- ----------------------------
DROP TABLE IF EXISTS `ai_task_info`;
CREATE TABLE `ai_task_info` (
  `id` int NOT NULL AUTO_INCREMENT COMMENT 'ID',
  `tid` int NOT NULL COMMENT '任务ID',
  `filename` varchar(255) DEFAULT NULL COMMENT '原始文件名',
  `size` varchar(255) DEFAULT NULL COMMENT '文件大小',
  `type` int NOT NULL DEFAULT '1' COMMENT '文件类型 1-语音 2-视频',
  `url` varchar(255) DEFAULT NULL COMMENT '原始文件 URL',
  `voice_url` varchar(255) DEFAULT NULL COMMENT '提取音频后的 URL',
  `clear_url` varchar(255) DEFAULT NULL COMMENT '降噪后的 URL',
  `is_extract` int NOT NULL DEFAULT '2' COMMENT '是否提取音频',
  `is_clear` int NOT NULL DEFAULT '2' COMMENT '是否降噪',
  `fast_status` int NOT NULL DEFAULT '2' COMMENT '是否快速识别',
  `transcribe_status` int NOT NULL DEFAULT '2' COMMENT '是否转写',
  `effective_voice` varchar(255) DEFAULT NULL COMMENT '有效语音时长',
  `total_voice` varchar(255) DEFAULT NULL COMMENT '音频总时长',
  `language` varchar(255) DEFAULT NULL COMMENT '语言类型',
  `text_info` longtext COMMENT '转写内容',
  `error_msg` text COMMENT '任务错误信息',
  `retry_count` tinyint NOT NULL DEFAULT '0' COMMENT '失败重试次数',
  `step` int NOT NULL DEFAULT '0' COMMENT '当前处理阶段',
  `create_time` datetime DEFAULT NULL COMMENT '创建时间',
  `update_time` datetime DEFAULT NULL COMMENT '更新时间',
  `delete_time` datetime DEFAULT NULL COMMENT '删除时间',
  PRIMARY KEY (`id`)
) ENGINE=InnoDB AUTO_INCREMENT=75 DEFAULT CHARSET=utf8mb4 COLLATE=utf8mb4_0900_ai_ci;

-- ----------------------------
-- Records of ai_task_info
-- ----------------------------
BEGIN;
COMMIT;

-- ----------------------------
-- Table structure for ai_user
-- ----------------------------
DROP TABLE IF EXISTS `ai_user`;
CREATE TABLE `ai_user` (
  `id` int unsigned NOT NULL AUTO_INCREMENT COMMENT '用户ID',
  `username` varchar(50) NOT NULL COMMENT '用户名',
  `password` varchar(255) CHARACTER SET utf8mb4 COLLATE utf8mb4_0900_ai_ci NOT NULL COMMENT '密码',
  `nickname` varchar(20) CHARACTER SET utf8mb4 COLLATE utf8mb4_0900_ai_ci DEFAULT '未命名用户' COMMENT '昵称',
  `role` tinyint NOT NULL DEFAULT '2' COMMENT '角色：2-普通用户，1-管理员',
  `status` tinyint NOT NULL DEFAULT '1' COMMENT '状态：1-正常，2-禁用',
  `create_time` datetime DEFAULT CURRENT_TIMESTAMP COMMENT '创建时间',
  `update_time` datetime DEFAULT CURRENT_TIMESTAMP ON UPDATE CURRENT_TIMESTAMP COMMENT '更新时间',
  `delete_time` datetime DEFAULT NULL COMMENT '删除时间',
  PRIMARY KEY (`id`),
  UNIQUE KEY `username` (`username`)
) ENGINE=InnoDB AUTO_INCREMENT=27 DEFAULT CHARSET=utf8mb4 COLLATE=utf8mb4_0900_ai_ci COMMENT='用户表';

-- ----------------------------
-- Records of ai_user
-- ----------------------------
BEGIN;
INSERT INTO `ai_user` (`id`, `username`, `password`, `nickname`, `role`, `status`, `create_time`, `update_time`, `delete_time`) VALUES (4, 'admin', '$2y$10$tA0rIcKqQ5VIyy/T/zWFnu47pwa8vU3JIGp2Vkpzt0NlpGOmQwJXW', '管理', 1, 1, '2025-06-06 08:37:01', '2025-06-15 09:57:44', NULL);
COMMIT;

-- ----------------------------
-- Table structure for sa_article
-- ----------------------------
DROP TABLE IF EXISTS `sa_article`;
CREATE TABLE `sa_article` (
  `id` int NOT NULL AUTO_INCREMENT COMMENT '编号',
  `category_id` int NOT NULL COMMENT '分类id',
  `title` varchar(255) NOT NULL DEFAULT '' COMMENT '文章标题',
  `author` varchar(255) DEFAULT NULL COMMENT '文章作者',
  `image` varchar(1000) DEFAULT '' COMMENT '文章图片',
  `describe` varchar(1000) NOT NULL COMMENT '文章简介',
  `content` text NOT NULL COMMENT '文章内容',
  `views` int DEFAULT '0' COMMENT '浏览次数',
  `sort` int unsigned DEFAULT '100' COMMENT '排序',
  `status` tinyint unsigned DEFAULT '1' COMMENT '状态',
  `is_link` tinyint(1) DEFAULT '2' COMMENT '是否外链',
  `link_url` varchar(255) DEFAULT NULL COMMENT '链接地址',
  `is_hot` tinyint unsigned DEFAULT '2' COMMENT '是否热门',
  `created_by` int DEFAULT NULL COMMENT '创建者',
  `updated_by` int DEFAULT NULL COMMENT '更新者',
  `create_time` datetime DEFAULT NULL COMMENT '创建时间',
  `update_time` datetime DEFAULT NULL COMMENT '修改时间',
  `delete_time` datetime DEFAULT NULL COMMENT '删除时间',
  PRIMARY KEY (`id`) USING BTREE,
  KEY `idx_category_id` (`category_id`) USING BTREE
) ENGINE=InnoDB AUTO_INCREMENT=8 DEFAULT CHARSET=utf8mb4 COLLATE=utf8mb4_0900_ai_ci ROW_FORMAT=DYNAMIC COMMENT='文章表';

-- ----------------------------
-- Records of sa_article
-- ----------------------------
BEGIN;
INSERT INTO `sa_article` (`id`, `category_id`, `title`, `author`, `image`, `describe`, `content`, `views`, `sort`, `status`, `is_link`, `link_url`, `is_hot`, `created_by`, `updated_by`, `create_time`, `update_time`, `delete_time`) VALUES (1, 4, '东欧72分独行侠4-1淘汰森林狼 东契奇西决MVP', '新浪体育', 'https://image.saithink.top/saiadmin/0d0efed68441cd12d993d30a767f6119.jpg', '北京时间5月31日，NBA西部决赛G5，独行侠124-103大胜森林狼，独行侠大比分4-1淘汰森林狼晋级总决赛，将在总决赛对阵凯尔特人。卢卡-东契奇当选西部决赛MVP', '<p><br></p>', 3, 100, 1, 2, '', 2, 1, 1, '2024-06-02 22:55:25', '2024-07-31 16:31:42', NULL);
INSERT INTO `sa_article` (`id`, `category_id`, `title`, `author`, `image`, `describe`, `content`, `views`, `sort`, `status`, `is_link`, `link_url`, `is_hot`, `created_by`, `updated_by`, `create_time`, `update_time`, `delete_time`) VALUES (2, 4, '爱德华兹29+10+9 森林狼险胜独行侠大比分1-3', '新浪体育', 'https://image.saithink.top/saiadmin/e5934011260c015721010baed74cbfaa.jpg', '北京时间5月29日，NBA季后赛西部决赛G4，森林狼105-100险胜独行侠，森林狼将大比分追至1-3。 森林狼（1-3）：爱德华兹29分10篮板9助攻、唐斯25分5篮板', '<p><br></p>', 0, 100, 1, 2, '', 2, 1, 1, '2024-06-02 22:56:47', '2024-07-31 16:31:56', NULL);
INSERT INTO `sa_article` (`id`, `category_id`, `title`, `author`, `image`, `describe`, `content`, `views`, `sort`, `status`, `is_link`, `link_url`, `is_hot`, `created_by`, `updated_by`, `create_time`, `update_time`, `delete_time`) VALUES (3, 5, '阿森纳理疗师里斯将前往曼联担任首席理疗师', '新浪体育', 'https://image.saithink.top/saiadmin/0c64a22cef1ad90d650056a6051da8c6.jpg', 'The Athletic报道，阿森纳理疗师乔丹-里斯即将加盟曼联，成为红魔的首席理疗师。曼联首席理疗师罗宾-萨德勒已于今年一月离开俱乐部', '<p><br></p>', 0, 100, 1, 2, '', 2, 1, 1, '2024-06-02 22:58:41', '2024-07-31 16:32:05', NULL);
INSERT INTO `sa_article` (`id`, `category_id`, `title`, `author`, `image`, `describe`, `content`, `views`, `sort`, `status`, `is_link`, `link_url`, `is_hot`, `created_by`, `updated_by`, `create_time`, `update_time`, `delete_time`) VALUES (4, 6, '半场-马莱莱斩获赛季第6球 申花1-0领先深圳新鹏城', '新浪体育', 'https://image.saithink.top/saiadmin/ce0c150d2ef32cf9e9c9d4332204446d.jpg', '5月26日晚上18：00，中超第14轮，深圳新鹏城主场迎战上海申花，上半场马莱莱补射斩获赛季第6球，半场战罢，申花暂1-0新鹏城', '<p> &nbsp; &nbsp; &nbsp; &nbsp;5月26日晚上18：00，中超第14轮，深圳新鹏城主场迎战上海申花，上半场马莱莱补射斩获赛季第6球，半场战罢，申花暂1-0新鹏城。</p><p><br></p>', 0, 100, 1, 2, '', 2, 1, 1, '2024-06-02 22:59:41', '2024-07-31 16:31:32', NULL);
INSERT INTO `sa_article` (`id`, `category_id`, `title`, `author`, `image`, `describe`, `content`, `views`, `sort`, `status`, `is_link`, `link_url`, `is_hot`, `created_by`, `updated_by`, `create_time`, `update_time`, `delete_time`) VALUES (5, 7, '周也热巴带火猫塑女风 如何打造猫系女孩妆容', '新浪时尚', 'https://image.saithink.top/saiadmin/6596f10181d4f482dec009ac758fbf89.jpg', '最近，要问什么最火？不是女明星胜似女明星，说的就是汤姆猫的女朋友', '<p> &nbsp; &nbsp; &nbsp; &nbsp;最近，要问什么最火？不是女明星胜似女明星，说的就是汤姆猫的女朋友：</p><p><br></p><p style=\"text-align: center;\">　　《猫和老鼠》截图（豆瓣）</p><p>　　说是女朋友，不如说是汤姆的女神更为贴切。她身上有着娇俏、妩媚、精致的人类特质，又有着像猫咪一样的慵懒和傲娇，网红和明星都纷纷将她拟人化。</p><p><br></p><p style=\"text-align: center;\">　　《猫和老鼠》截图（豆瓣）</p><p>　　周也这波，在你心里是几分？</p><p><br></p><p><br></p><p>　　猫系女孩当然会具备像小猫一样的慵懒和傲娇，体现在面部特征上，大概率就是这样的类型：</p><p><br></p><p style=\"text-align: center;\">　　微博@喜欢傲娇迪</p><p>　　首先，面部和五官的排布占比中，五官的比重更大。同时，眼睛会是偏圆润的类型。</p><p><br></p><p>　　整体看上去面部的锐感是很微弱的，而钝感较强。比较明显的对比就是Jennie、宁艺卓这类长相与黄礼志是截然不同的两种风格：</p><p><br></p><p><br></p><p>　　在圆眼型的基础上，猫系女孩的眼睛是有上扬感的。面中饱满，鼻子占比大，下巴短而圆润，看上去十分可爱。</p><p><br></p><p style=\"text-align: center;\">　　微博@喜欢傲娇迪</p><p><br></p><p style=\"text-align: center;\">　　微博@妹妹你真吃藕</p><p>　　上面的特征听起来好像都不是什么特别的长相，怎么组合在一起就变成了危险又迷人的猫女了呢？</p><p>　　这大概要归功于钝感带来的眼缘。猫系长相中，面部软组织略厚是一个重要特点。这会给人一种可爱感和亲切感，看上去还会有一种慵懒和随意的气质。同时，这种面相在传统意义中，也代表着喜庆、福气和财富。因此，这也是长辈们特别钟爱的类型。</p><p><br></p><p>　　先来说说猫系女孩怎么妆发：</p><p>　　猫系女孩的妆容烦恼也源自于面部软组织的钝感。因为这种饱满，以及面部折叠度低的特点，特写时会有点显胖。</p><p>　　要想解决这个问题，我们可以把重点放在改善面部长宽比上。长宽比较小，又没有特别突出的面部棱角感，看上去会更衬托圆润感，还会突出没有起伏的“平”，因此我们可以通过侧面内推的修容和长发，去把露肤的脖子也拉进面部比例中：</p><p><br></p><p>　　第二，我们要强化面部的起伏，也就是画强调五官的妆容。</p><p>　　猫系女孩的钝感会导致很难塑造外轮廓，因此在这个部分只需要打造向内推的流畅感即可，把轮廓交给五官。通过眼窝、山根、眉骨的轮廓架起基调，弱化上半张脸的“平”感，再通过饱满的唇妆，强化轮廓的同时增加下庭存在感。</p><p><br></p><p>　　接下来，我们再说说猫系妆感要怎么塑造。</p><p>　　重点有三。</p><p>　　其一，是面部的小巧流畅感。</p><p>　　先找到自己面部最凹陷的一些部分——可以通过手机的手电筒，从下巴往上照，最阴影的地方就是需要调整的位置。三八线、嘴角这些部分要尤其注意，在底妆时就要用亮一色的遮瑕着重遮盖，再盖上散粉。在后续上妆时，避免使用大颗粒、强反光的彩妆产品，不需强调饱满度。使用弱反光、细颗粒及哑光的自然妆感产品，会给人一种原生皮光泽感，更能够凸显猫系的元气魅力。</p><p><br></p><p><br></p><p>　　其二，是眼妆的塑造。</p><p>　　重点是眼睑下至配合眼尾上扬走势，让眼睛呈现出慵懒和深邃的质感。</p><p><br></p><p>　　轮廓色扩大面积，强调色收缩在睫毛根部周围，让眼神更聚光，营造出猫咪圆眼大瞳孔状态下的可爱质感。</p><p><br></p><p><br></p><p>　　其三是腮红和唇妆带来的大面积氛围感。</p><p><br></p><p>　　精致圆润又饱满的唇妆是猫系妆感的重要特征。我们可以在这一步，利用口红颜色的遮盖度调整唇形和唇部对称情况，强调下庭比例，也会在视觉上优化面部五官排布：</p><p><br></p><p>　　同时，使用能够与唇色呼应的腮红色，以团式打法轻扫面中，提升面部平整度的同时，强化可爱氛围感：</p><p><br></p>', 2, 100, 1, 2, '', 2, 1, 1, '2024-06-02 23:01:17', '2024-07-31 16:31:25', NULL);
INSERT INTO `sa_article` (`id`, `category_id`, `title`, `author`, `image`, `describe`, `content`, `views`, `sort`, `status`, `is_link`, `link_url`, `is_hot`, `created_by`, `updated_by`, `create_time`, `update_time`, `delete_time`) VALUES (6, 8, '深度 | 明星穿高定亮相红毯，为何遭客户投诉？', '新浪时尚', 'https://image.saithink.top/saiadmin/2e22e75a309264293ff0a04be1457eac.jpg', '曾经神秘的高级定制正处于舆论漩涡。 国内高级定制客户lulu近日在社交媒体上发帖，控诉意大利奢侈品牌Giambattista Valli在未征求她意见的情况下.', '<p> &nbsp; &nbsp; &nbsp; &nbsp;曾经神秘的高级定制正处于舆论漩涡。</p><p>　　国内高级定制客户lulu近日在社交媒体上发帖，控诉意大利奢侈品牌Giambattista Valli在未征求她意见的情况下，将其已购买的一件高级定制作品的样衣，借予英国演员Anya Taylor-Joy以出席电影首映会，引发网友广泛讨论。</p><p>　　截至发稿，原帖的点赞数已超过1万，而相关讨论帖的平均热度也达上千。</p><p>　　事件焦点是一套来自Giambattista Valli 2024春夏高级定制系列中的立体玫瑰花朵连体衣。lulu称此前在今年年初的巴黎高级定制周中已支付该作品的定金，但目前已决定放弃20余万元的定金并选择退货。</p><p>　　在该名高级定制客户看来，Giambattista Valli过于商业化的做法违背了行业潜规则，也让她失去了收藏高级定制的意义，并称其是“没有底蕴的二线品牌”。</p><p>国内高级定制客户lulu控诉Giambattista Valli过于商业化的做法违背了行业潜规则</p><p>　　Giambattista Valli由意大利同名设计师于2005年成立，于2017年将少数股权出售给开云集团控股股东Pinault家族名下公司Artémis。去年9月，Giambattista Valli宣布上任仅三年的首席执行官Charlotte Werner离职，目前暂未任命继任者。</p><p>　　2011年，Giambattista Valli成为法国高级时装协会的正式成员，并发布其首个高级定制系列。凭借其标志性的梦幻色彩、纱质褶皱以及巨大裙摆，该品牌很快赢得包括蕾哈娜、杨幂、迪丽热巴等国内外明星的青睐，被称为红毯上的新一代“高定之王”。</p><p>　　从明星粉丝间近几年掀起的红毯高定攀比之风中不难看出，其希望从中获得背书的高级定制位于时装产业金字塔塔尖，这也就意味着高级定制拥有与普通奢侈品截然不同的运作逻辑。</p><p>　　作为精英的特供、权力的体现，高级定制无关乎季节性和功能性，也脱离了最基本的商业准则，它只需要展示极致的创意、繁复的工艺和令人咋舌的耗时。尽管高级定制并不是一门赚钱的生意，但它所营造的终极时装梦想养活了整个时尚产业。</p><p>　　某种程度上来说，相比于同属于一家时装屋的成衣系列，高级定制往往与高级珠宝或其他艺术收藏品有着更多相似之处，高昂的标价不仅涵盖作品本身的创意价值，还蕴藏着不可复制的唯一性。</p><p>Giambattista Valli被称为红毯上的新一代“高定之王”</p><p>　　在lulu本次以及此前的多条帖文中均曾提及，Valentino、Giorgio Armani Privé等传统时装屋的高级定制系列具有唯一性，即已经被客户购买的作品将不会以完全相同的外观再出现在其他场合。</p><p>　　如果品牌需要向明星借出该作品，往往会与客户进行沟通，并对其颜色、细节等进行部分改动，以示对高级定制买家的尊重。尽管这并不是明文规定，但却已经成为行业内众所周知的潜规则。</p><p>　　Giambattista Valli如今的做法无疑破坏了这一约定，而lulu自身的影响力更是让这一事件在社交媒体中被反复发酵，令该品牌陷入舆论危机。</p><p>　　不同于国内传统高级定制客户的低调，lulu早在多年前就凭借Valentino音符裙等高级定制作品，独特的收藏品味，以及与Giorgio Armani、Pierpaolo Piccioli等多位明星设计师的互动，而在社交媒体上拥有众多粉丝，其全平台的粉丝数目前已累计超过100万。去年，lulu还在上海开设了一个陈列其所有高级定制收藏的空间Maison Lulu。</p><p>图为lulu购买的Valentino高级定制作品，以及Lady Gaga所身着的改动版</p><p>　　有数据表明，全球高级定制客户仅两千人左右，这也就意味着任何一位客户都至关重要，更何况在舆论发酵后，Giambattista Valli将在中国损失相当大的市场份额，似乎已经成为事实。</p><p>　　尽管由于高级定制的特殊性，该事件几乎被公认为Giambattista Valli的工作失误，但在更广泛的奢侈品领域，明星与VIC客户之间的矛盾却愈演愈烈。</p><p>　　今年年初，LV代言人周冬雨在参加2024秋冬系列时装秀时，就因在合影环节的不配合举动而被VIC客户投诉，并引起社交媒体上广泛关注。据后者所述，品牌方在时装秀结束后安排了合影环节，但周冬雨却态度敷衍，令其感到不适。随后，另一位LV VIC客户也在社交媒体上发帖表示认同。</p><p>　　数据显示，相关微博话题的阅读量短时间内就已超6700万。</p><p>周冬雨出席LV 24秋冬女装秀却遭VIC客户投诉</p><p>　　明星与VIC客户之间的矛盾中，隐藏着话语权和资源的争夺。</p><p>　　在明星效应尚未被大范围应用的时代，VIC客户自然占据上风。</p><p>　　2001年，Chanel为打开年轻市场曾任命歌手李玟为代言人，但有消息指出，该任命被香港VIC客户强烈抵制，导致品牌最终撤掉了代言人。往后的十几年，奢侈品牌在中国市场仍然相对保守，极度爱惜羽毛，对品牌形象一丝不苟，VIC客户的稳定也让品牌鲜少启用明星扩大市场影响力。</p><p>　　然而随着中国社交媒体的迅速发展以及粉丝经济的兴起，流量明星能为品牌带来的短期价值陡然上升。在行业持续低迷的情况下，不少奢侈品牌开始尝试与他们合作。</p><p>　　2017年，Angelababy成为Dior中国区首位品牌大使，并建立了庞大的明星矩阵。借助粉丝经济的红利，在高密度的市场营销活动配合之下，Dior时装秀在社交媒体上的讨论热度逐季攀升，促进品牌的市场影响力在几年内获得指数级增长。</p><p>　　巨大的增幅令奢侈品行业在此后的约五年间激进地押注明星策略，激烈的市场竞争彻底改变了奢侈品牌的心态，使他们在高收益面前跃跃欲试。</p><p>　　LVMH首席财务官Jean-Jacques Guiony曾在当时坦言，“我们并不担心过度曝光，真正的风险是势头不够以致于不能在市场竞争中冲在前面。”</p><p>　　据CBNData与星数的《2020年上半年明星带货》报告显示，即使在疫情期间，仅半年明星引导消费金额就同比增长了52.3%。在奢侈品牌的社交账号上，与明星相关的推文的转评赞通常是常规推文几千倍甚至几万倍。</p><p>奢侈品行业在2017年后激进地押注明星策略</p><p>　　在此期间，即使面临边际效应递减，任命流量明星风险过高等挑战，奢侈品牌依然将其视为最有效的传播媒介。</p><p>　　如果只是有限的回报，奢侈品牌显然不会冒如此大的风险，这背后的关键在于明星在扩大市场影响力以及刺激市场消费的维度上，有着不可替代的作用，而这对于正处于扩张期的奢侈品牌而言至关重要。</p><p>　　笼络中产阶层消费者，是奢侈品牌过去几年的核心策略，他们为后者提供了巨大的市场增量，也为集团不断上涨的股价提供动力。代言人则正是吸引这部分群体最直接的手段之一，明星对奢侈品牌的重要性自然也水涨船高。</p><p>　　然而当经济持续承压，中产阶层消费者购买力因此显著下滑时，明星代言人所能完成的转化也随之降低，再叠加消费者对愈发频繁和同质化的代言人策略的疲劳，品牌增长动力链出现断裂。</p><p>　　奢侈品牌于是逐步意识到核心客群的重要性，并将销售重心重新从中产阶层向高净值人群偏移。面临不确定性增大的市场环境，他们往往拥有更好的抗风险能力。</p><p>　　贝恩报告曾经指出，仅2%的VIC客户贡献了全球奢侈品销售额的40%，而2009年仅为35%，中国市场的VIC集中度超过了全球平均水平。摩根士丹利的分析称在中国一些主要高端购物中心，不到1%的顾客就可以贡献高达40%的销售额。因此在继续稳固非核心消费者规模的同时，奢侈品牌正将如何继续提升VIC核心消费者忠诚度摆在战略地位上。</p><p>　　自2022年起，LV、Chanel和Dior等奢侈品牌接连在北京、上海、广州、深圳以及成都等多个主要奢侈品消费城市，开设VIC沙龙空间，将手伸至这些高净值人群口袋的更深处。上周，LV在其广州太古汇精品店的二层开设了全新沙龙空间，陈列男女成衣、晚礼服、皮具、高级珠宝腕表以及硬箱等产品。</p><p>　　在这一背景下，VIC客户在品牌的话语权也随之被放大，其与明星之间微妙的比较心理或许是二者矛盾的根源。</p><p>　　本质上，明星对应着中产阶层消费者，而奢侈品牌过去十多年间所做的就是在中产阶层和VIC客户之间建立动态平衡。</p><p>　　对于已经驶出高速发展期的奢侈品牌而言，如今的业绩增长更多依靠客户关系管理，通过提升VIC客户的忠诚度完成销售转化，而非过去五年间依靠明星代言人，扩大市场影响力以吸引潜在消费者购买的驱动模式。</p><p><br></p><p>　　这也是奢侈品牌如今在明星策略上逐渐保守的原因，相较于高风险高收益的流量偶像，它们或许更青睐作品口碑俱佳的成熟艺人，这些明星拥有经过时间检验的影响力，并在多个圈层乃至于全球市场拥有影响力。</p><p>　　2022年11月，Balenciaga任命奥斯卡影后杨紫琼为品牌大使。去年12月，周杰伦被Dior任命为全球品牌大使，成为首个拥有该头衔的中国明星，三个月后其成为箱包品牌Rimowa首位华人全球品牌代言人。</p><p>　　在奢侈品牌纷纷将天平向VIC客户倾斜时，一直以来在明星策略上颇为激进的Prada集团又因其代言人而深陷舆论危机。</p><p>　　Miu Miu品牌代言人张元英的所属韩国女子团体ive，此前就因其《HEYA》MV中的文化挪用现象而引发热议，近日又被指新歌《Accendio》MV中一镜头或涉及辱华。近日，有大量中国网友在品牌官方Instagram账号发言敦促品牌与明星解约，Miu Miu目前对此尚未置评。</p><p>　　面对明星背后的消费者，和品牌直面的消费者，奢侈品牌正在谨慎调节手中的天平。</p>', 2, 100, 1, 2, '', 2, 1, 1, '2024-06-02 23:02:40', '2024-07-31 16:31:19', NULL);
INSERT INTO `sa_article` (`id`, `category_id`, `title`, `author`, `image`, `describe`, `content`, `views`, `sort`, `status`, `is_link`, `link_url`, `is_hot`, `created_by`, `updated_by`, `create_time`, `update_time`, `delete_time`) VALUES (7, 9, '荣耀正在筹备一大波新品 两款折叠屏＋X60＋ GT新机', '新浪科技', 'https://image.saithink.top/saiadmin/f6b9600dbe57c1e0344a01d75f16afc8.jpg', '荣耀正在筹备一大波新品 两款折叠屏＋X60＋ GT新机 【CNMO科技消息】5月31日，CNMO注意到，据知名爆料人士“数码闲聊站”透露，荣耀方面似乎正在筹备大量新品', '<p>荣耀正在筹备一大波新品 两款折叠屏＋X60＋ GT新机</p><p>　　【CNMO科技消息】5月31日，CNMO注意到，据知名爆料人士“数码闲聊站”透露，荣耀方面似乎正在筹备大量新品，接下来的6、7、8月基本都有活动。</p><p><br></p><p>　　据悉，荣耀有两款折叠屏手机正在筹备，分别为超大尺寸外屏的小折叠屏手机和超轻薄的大折叠屏手机。据悉，荣耀小折叠屏新机将会在下个月跟大家见面，新机依旧会沿用Magic系列命名，采用目前行业最大电池和最大外屏的小折叠屏手机，可折叠次数也比较猛，并且新机也会提供联名版本。荣耀的大折叠屏手机也同样值得期待，预计该机将在屏幕、续航、影像、厚度、重量等多方面进行改进。</p><p><br></p><p>　　近日，不久前荣耀X50的国内销量已经突破了1000万部，堪称“入门销量王”。而据爆料，荣耀X60将会采用高端设计语言，内置超大容量电池，抗摔能力进一步提升，同时普及等深四曲面屏幕。荣耀X60或许将会成为一款“披着旗舰手机皮的千元机”，销量有望延续前代产品辉煌。</p><p>　　荣耀GT系列新机暂未有消息流传，参考目前的荣耀GT产品，新机应该是一款侧重性能的高性价比机型。</p><p>　　此外，据透露，荣耀还有多款搭载高通骁龙8 Gen 3移动平台和高通骁龙8s Gen 3移动平台的新品正在筹备。</p>', 5, 100, 1, 2, '', 2, 1, 1, '2024-06-02 23:04:23', '2024-07-31 16:31:10', NULL);
COMMIT;

-- ----------------------------
-- Table structure for sa_article_banner
-- ----------------------------
DROP TABLE IF EXISTS `sa_article_banner`;
CREATE TABLE `sa_article_banner` (
  `id` int NOT NULL AUTO_INCREMENT COMMENT '编号',
  `banner_type` int DEFAULT NULL COMMENT '类型',
  `image` varchar(1000) DEFAULT NULL COMMENT '图片地址',
  `is_href` tinyint(1) DEFAULT '1' COMMENT '是否链接',
  `url` varchar(255) DEFAULT NULL COMMENT '链接地址',
  `title` varchar(255) DEFAULT NULL COMMENT '标题',
  `status` tinyint(1) DEFAULT '1' COMMENT '状态',
  `sort` int DEFAULT '0' COMMENT '排序',
  `remark` varchar(255) DEFAULT NULL COMMENT '描述',
  `created_by` int DEFAULT NULL COMMENT '创建者',
  `updated_by` int DEFAULT NULL COMMENT '更新者',
  `create_time` datetime DEFAULT NULL COMMENT '创建时间',
  `update_time` datetime DEFAULT NULL COMMENT '修改时间',
  `delete_time` datetime DEFAULT NULL COMMENT '删除时间',
  PRIMARY KEY (`id`) USING BTREE
) ENGINE=InnoDB AUTO_INCREMENT=4 DEFAULT CHARSET=utf8mb4 COLLATE=utf8mb4_0900_ai_ci ROW_FORMAT=DYNAMIC COMMENT='文章轮播图';

-- ----------------------------
-- Records of sa_article_banner
-- ----------------------------
BEGIN;
INSERT INTO `sa_article_banner` (`id`, `banner_type`, `image`, `is_href`, `url`, `title`, `status`, `sort`, `remark`, `created_by`, `updated_by`, `create_time`, `update_time`, `delete_time`) VALUES (1, 1, 'https://image.saithink.top/saiadmin/d758c454ef03c49ac7185c7290b020e2.jpg', 1, '/app/saicms/index/article?id=5', '周也热巴带火猫塑女风 如何打造猫系女孩妆容', 1, 0, NULL, 1, 1, '2024-06-02 23:06:37', '2024-07-31 16:24:15', NULL);
INSERT INTO `sa_article_banner` (`id`, `banner_type`, `image`, `is_href`, `url`, `title`, `status`, `sort`, `remark`, `created_by`, `updated_by`, `create_time`, `update_time`, `delete_time`) VALUES (2, 1, 'https://image.saithink.top/saiadmin/eb5cc8b9ad1c3e562bae8af25ce630eb.jpg', 1, '/app/saicms/index/article?id=6', '深度 | 明星穿高定亮相红毯，为何遭客户投诉？', 1, 0, NULL, 1, 1, '2024-06-02 23:06:49', '2024-07-31 16:24:23', NULL);
INSERT INTO `sa_article_banner` (`id`, `banner_type`, `image`, `is_href`, `url`, `title`, `status`, `sort`, `remark`, `created_by`, `updated_by`, `create_time`, `update_time`, `delete_time`) VALUES (3, 1, 'https://image.saithink.top/saiadmin/995de531bb0c5fd2dac8e8d9e0421344.jpg', 1, '/app/saicms/index/article?id=7', '荣耀正在筹备一大波新品 两款折叠屏＋X60＋ GT新机', 1, 0, NULL, 1, 1, '2024-06-02 23:06:56', '2024-07-31 16:24:34', NULL);
COMMIT;

-- ----------------------------
-- Table structure for sa_article_category
-- ----------------------------
DROP TABLE IF EXISTS `sa_article_category`;
CREATE TABLE `sa_article_category` (
  `id` int unsigned NOT NULL AUTO_INCREMENT COMMENT '编号',
  `parent_id` int NOT NULL DEFAULT '0' COMMENT '父级ID',
  `category_name` varchar(255) NOT NULL COMMENT '分类标题',
  `describe` varchar(255) DEFAULT NULL COMMENT '分类简介',
  `image` varchar(255) DEFAULT NULL COMMENT '分类图片',
  `sort` int unsigned DEFAULT '100' COMMENT '排序',
  `status` tinyint unsigned DEFAULT '1' COMMENT '状态',
  `created_by` int DEFAULT NULL COMMENT '创建者',
  `updated_by` int DEFAULT NULL COMMENT '更新者',
  `create_time` datetime DEFAULT NULL COMMENT '创建时间',
  `update_time` datetime DEFAULT NULL COMMENT '修改时间',
  `delete_time` datetime DEFAULT NULL COMMENT '删除时间',
  PRIMARY KEY (`id`) USING BTREE
) ENGINE=InnoDB AUTO_INCREMENT=11 DEFAULT CHARSET=utf8mb4 COLLATE=utf8mb4_0900_ai_ci ROW_FORMAT=DYNAMIC COMMENT='文章分类表';

-- ----------------------------
-- Records of sa_article_category
-- ----------------------------
BEGIN;
INSERT INTO `sa_article_category` (`id`, `parent_id`, `category_name`, `describe`, `image`, `sort`, `status`, `created_by`, `updated_by`, `create_time`, `update_time`, `delete_time`) VALUES (1, 0, '体育', '', NULL, 100, 1, 1, 1, '2024-06-02 22:50:51', '2024-07-31 17:24:49', NULL);
INSERT INTO `sa_article_category` (`id`, `parent_id`, `category_name`, `describe`, `image`, `sort`, `status`, `created_by`, `updated_by`, `create_time`, `update_time`, `delete_time`) VALUES (2, 0, '娱乐', '', NULL, 100, 1, 1, 1, '2024-06-02 22:50:56', '2024-07-20 23:01:30', NULL);
INSERT INTO `sa_article_category` (`id`, `parent_id`, `category_name`, `describe`, `image`, `sort`, `status`, `created_by`, `updated_by`, `create_time`, `update_time`, `delete_time`) VALUES (3, 0, '科技', '', NULL, 100, 1, 1, 1, '2024-06-02 22:51:01', '2024-07-20 19:49:47', NULL);
INSERT INTO `sa_article_category` (`id`, `parent_id`, `category_name`, `describe`, `image`, `sort`, `status`, `created_by`, `updated_by`, `create_time`, `update_time`, `delete_time`) VALUES (4, 1, 'NBA', NULL, NULL, 100, 1, 1, 1, '2024-06-02 22:51:16', '2024-06-02 22:51:16', NULL);
INSERT INTO `sa_article_category` (`id`, `parent_id`, `category_name`, `describe`, `image`, `sort`, `status`, `created_by`, `updated_by`, `create_time`, `update_time`, `delete_time`) VALUES (5, 1, '英超', NULL, NULL, 100, 1, 1, 1, '2024-06-02 22:51:39', '2024-06-02 22:51:39', NULL);
INSERT INTO `sa_article_category` (`id`, `parent_id`, `category_name`, `describe`, `image`, `sort`, `status`, `created_by`, `updated_by`, `create_time`, `update_time`, `delete_time`) VALUES (6, 1, '中超', NULL, NULL, 100, 1, 1, 1, '2024-06-02 22:51:49', '2024-06-02 22:51:49', NULL);
INSERT INTO `sa_article_category` (`id`, `parent_id`, `category_name`, `describe`, `image`, `sort`, `status`, `created_by`, `updated_by`, `create_time`, `update_time`, `delete_time`) VALUES (7, 2, '时尚', NULL, NULL, 100, 1, 1, 1, '2024-06-02 22:52:03', '2024-06-02 22:52:03', NULL);
INSERT INTO `sa_article_category` (`id`, `parent_id`, `category_name`, `describe`, `image`, `sort`, `status`, `created_by`, `updated_by`, `create_time`, `update_time`, `delete_time`) VALUES (8, 2, '女性', NULL, NULL, 100, 1, 1, 1, '2024-06-02 22:52:12', '2024-06-02 22:52:12', NULL);
INSERT INTO `sa_article_category` (`id`, `parent_id`, `category_name`, `describe`, `image`, `sort`, `status`, `created_by`, `updated_by`, `create_time`, `update_time`, `delete_time`) VALUES (9, 3, '手机', NULL, NULL, 100, 1, 1, 1, '2024-06-02 22:52:37', '2024-06-02 22:52:37', NULL);
INSERT INTO `sa_article_category` (`id`, `parent_id`, `category_name`, `describe`, `image`, `sort`, `status`, `created_by`, `updated_by`, `create_time`, `update_time`, `delete_time`) VALUES (10, 3, '生活', NULL, NULL, 100, 1, 1, 1, '2024-06-08 13:37:51', '2024-06-08 13:37:51', NULL);
COMMIT;

-- ----------------------------
-- Table structure for sa_system_attachment
-- ----------------------------
DROP TABLE IF EXISTS `sa_system_attachment`;
CREATE TABLE `sa_system_attachment` (
  `id` int unsigned NOT NULL AUTO_INCREMENT COMMENT '主键',
  `storage_mode` smallint DEFAULT '1' COMMENT '存储模式 (1 本地 2 阿里云 3 七牛云 4 腾讯云)',
  `origin_name` varchar(255) DEFAULT NULL COMMENT '原文件名',
  `object_name` varchar(50) DEFAULT NULL COMMENT '新文件名',
  `hash` varchar(64) DEFAULT NULL COMMENT '文件hash',
  `mime_type` varchar(255) DEFAULT NULL COMMENT '资源类型',
  `storage_path` varchar(100) DEFAULT NULL COMMENT '存储目录',
  `suffix` varchar(10) DEFAULT NULL COMMENT '文件后缀',
  `size_byte` bigint DEFAULT NULL COMMENT '字节数',
  `size_info` varchar(50) DEFAULT NULL COMMENT '文件大小',
  `url` varchar(255) DEFAULT NULL COMMENT 'url地址',
  `remark` varchar(255) DEFAULT NULL COMMENT '备注',
  `created_by` int DEFAULT NULL COMMENT '创建者',
  `updated_by` int DEFAULT NULL COMMENT '更新者',
  `create_time` datetime DEFAULT NULL COMMENT '创建时间',
  `update_time` datetime DEFAULT NULL COMMENT '修改时间',
  `delete_time` datetime DEFAULT NULL COMMENT '删除时间',
  PRIMARY KEY (`id`) USING BTREE,
  KEY `storage_path` (`storage_path`) USING BTREE,
  KEY `hash` (`hash`) USING BTREE
) ENGINE=InnoDB AUTO_INCREMENT=324 DEFAULT CHARSET=utf8mb4 COLLATE=utf8mb4_0900_ai_ci ROW_FORMAT=DYNAMIC COMMENT='上传文件信息表';

-- ----------------------------
-- Records of sa_system_attachment
-- ----------------------------
BEGIN;
INSERT INTO `sa_system_attachment` (`id`, `storage_mode`, `origin_name`, `object_name`, `hash`, `mime_type`, `storage_path`, `suffix`, `size_byte`, `size_info`, `url`, `remark`, `created_by`, `updated_by`, `create_time`, `update_time`, `delete_time`) VALUES (1, 1, 'logo对齐.png', '935047626e2c6b4a0aca36ade722b43bbf9a9887.png', '935047626e2c6b4a0aca36ade722b43bbf9a9887', 'image/png', 'public/storage/20250606/935047626e2c6b4a0aca36ade722b43bbf9a9887.png', 'png', 15792433, '15.06 MB', 'http://10.0.0.130:8787/storage/20250606/935047626e2c6b4a0aca36ade722b43bbf9a9887.png', NULL, 4, 4, '2025-06-06 15:20:28', '2025-06-06 15:20:28', NULL);
INSERT INTO `sa_system_attachment` (`id`, `storage_mode`, `origin_name`, `object_name`, `hash`, `mime_type`, `storage_path`, `suffix`, `size_byte`, `size_info`, `url`, `remark`, `created_by`, `updated_by`, `create_time`, `update_time`, `delete_time`) VALUES (2, 1, 'logo 超清.png', '6239a484a94a4d01660896025ded7d692e2ef82b.png', '6239a484a94a4d01660896025ded7d692e2ef82b', 'image/png', 'public/storage/20250606/6239a484a94a4d01660896025ded7d692e2ef82b.png', 'png', 43460247, '41.45 MB', 'http://10.0.0.130:8787/storage/20250606/6239a484a94a4d01660896025ded7d692e2ef82b.png', NULL, 4, 4, '2025-06-06 15:31:22', '2025-06-06 15:31:22', NULL);
INSERT INTO `sa_system_attachment` (`id`, `storage_mode`, `origin_name`, `object_name`, `hash`, `mime_type`, `storage_path`, `suffix`, `size_byte`, `size_info`, `url`, `remark`, `created_by`, `updated_by`, `create_time`, `update_time`, `delete_time`) VALUES (3, 1, 'logo 超清.png', '6239a484a94a4d01660896025ded7d692e2ef82b.png', '6239a484a94a4d01660896025ded7d692e2ef82b', 'image/png', 'public/storage/20250606/6239a484a94a4d01660896025ded7d692e2ef82b.png', 'png', 43460247, '41.45 MB', 'http://10.0.0.130:8787/storage/20250606/6239a484a94a4d01660896025ded7d692e2ef82b.png', NULL, 4, 4, '2025-06-06 15:33:11', '2025-06-06 15:33:11', NULL);
INSERT INTO `sa_system_attachment` (`id`, `storage_mode`, `origin_name`, `object_name`, `hash`, `mime_type`, `storage_path`, `suffix`, `size_byte`, `size_info`, `url`, `remark`, `created_by`, `updated_by`, `create_time`, `update_time`, `delete_time`) VALUES (4, 1, 'logo 超清.png', '6239a484a94a4d01660896025ded7d692e2ef82b.png', '6239a484a94a4d01660896025ded7d692e2ef82b', 'image/png', 'public/storage/20250606/6239a484a94a4d01660896025ded7d692e2ef82b.png', 'png', 43460247, '41.45 MB', 'http://10.0.0.130:8787/storage/20250606/6239a484a94a4d01660896025ded7d692e2ef82b.png', NULL, 4, 4, '2025-06-06 15:34:30', '2025-06-06 15:34:30', NULL);
INSERT INTO `sa_system_attachment` (`id`, `storage_mode`, `origin_name`, `object_name`, `hash`, `mime_type`, `storage_path`, `suffix`, `size_byte`, `size_info`, `url`, `remark`, `created_by`, `updated_by`, `create_time`, `update_time`, `delete_time`) VALUES (5, 1, 'logo 超清.png', '6239a484a94a4d01660896025ded7d692e2ef82b.png', '6239a484a94a4d01660896025ded7d692e2ef82b', 'image/png', 'public/storage/20250606/6239a484a94a4d01660896025ded7d692e2ef82b.png', 'png', 43460247, '41.45 MB', 'http://10.0.0.130:8787/storage/20250606/6239a484a94a4d01660896025ded7d692e2ef82b.png', NULL, 4, 4, '2025-06-06 15:34:56', '2025-06-06 15:34:56', NULL);
INSERT INTO `sa_system_attachment` (`id`, `storage_mode`, `origin_name`, `object_name`, `hash`, `mime_type`, `storage_path`, `suffix`, `size_byte`, `size_info`, `url`, `remark`, `created_by`, `updated_by`, `create_time`, `update_time`, `delete_time`) VALUES (6, 1, 'logo 超清.png', '6239a484a94a4d01660896025ded7d692e2ef82b.png', '6239a484a94a4d01660896025ded7d692e2ef82b', 'image/png', 'public/storage/20250606/6239a484a94a4d01660896025ded7d692e2ef82b.png', 'png', 43460247, '41.45 MB', 'http://10.0.0.130:8787/storage/20250606/6239a484a94a4d01660896025ded7d692e2ef82b.png', NULL, 4, 4, '2025-06-06 15:46:39', '2025-06-06 15:46:39', NULL);
INSERT INTO `sa_system_attachment` (`id`, `storage_mode`, `origin_name`, `object_name`, `hash`, `mime_type`, `storage_path`, `suffix`, `size_byte`, `size_info`, `url`, `remark`, `created_by`, `updated_by`, `create_time`, `update_time`, `delete_time`) VALUES (7, 1, 'logo 超清.png', '6239a484a94a4d01660896025ded7d692e2ef82b.png', '6239a484a94a4d01660896025ded7d692e2ef82b', 'image/png', 'public/storage/20250606/6239a484a94a4d01660896025ded7d692e2ef82b.png', 'png', 43460247, '41.45 MB', 'http://10.0.0.130:8787/storage/20250606/6239a484a94a4d01660896025ded7d692e2ef82b.png', NULL, 4, 4, '2025-06-06 15:47:45', '2025-06-06 15:47:45', NULL);
INSERT INTO `sa_system_attachment` (`id`, `storage_mode`, `origin_name`, `object_name`, `hash`, `mime_type`, `storage_path`, `suffix`, `size_byte`, `size_info`, `url`, `remark`, `created_by`, `updated_by`, `create_time`, `update_time`, `delete_time`) VALUES (8, 1, 'logo 超清.png', '6239a484a94a4d01660896025ded7d692e2ef82b.png', '6239a484a94a4d01660896025ded7d692e2ef82b', 'image/png', 'public/storage/20250606/6239a484a94a4d01660896025ded7d692e2ef82b.png', 'png', 43460247, '41.45 MB', 'http://10.0.0.130:8787/storage/20250606/6239a484a94a4d01660896025ded7d692e2ef82b.png', NULL, 4, 4, '2025-06-06 16:12:35', '2025-06-06 16:12:35', NULL);
INSERT INTO `sa_system_attachment` (`id`, `storage_mode`, `origin_name`, `object_name`, `hash`, `mime_type`, `storage_path`, `suffix`, `size_byte`, `size_info`, `url`, `remark`, `created_by`, `updated_by`, `create_time`, `update_time`, `delete_time`) VALUES (9, 1, 'logo 超清.png', '6239a484a94a4d01660896025ded7d692e2ef82b.png', '6239a484a94a4d01660896025ded7d692e2ef82b', 'image/png', 'public/storage/20250606/6239a484a94a4d01660896025ded7d692e2ef82b.png', 'png', 43460247, '41.45 MB', 'http://10.0.0.130:8787/storage/20250606/6239a484a94a4d01660896025ded7d692e2ef82b.png', NULL, 4, 4, '2025-06-06 16:12:58', '2025-06-06 16:12:58', NULL);
INSERT INTO `sa_system_attachment` (`id`, `storage_mode`, `origin_name`, `object_name`, `hash`, `mime_type`, `storage_path`, `suffix`, `size_byte`, `size_info`, `url`, `remark`, `created_by`, `updated_by`, `create_time`, `update_time`, `delete_time`) VALUES (10, 1, 'logo 超清.png', '6239a484a94a4d01660896025ded7d692e2ef82b.png', '6239a484a94a4d01660896025ded7d692e2ef82b', 'image/png', 'public/storage/20250606/6239a484a94a4d01660896025ded7d692e2ef82b.png', 'png', 43460247, '41.45 MB', 'http://10.0.0.130:8787/storage/20250606/6239a484a94a4d01660896025ded7d692e2ef82b.png', NULL, 4, 4, '2025-06-06 16:21:43', '2025-06-06 16:21:43', NULL);
INSERT INTO `sa_system_attachment` (`id`, `storage_mode`, `origin_name`, `object_name`, `hash`, `mime_type`, `storage_path`, `suffix`, `size_byte`, `size_info`, `url`, `remark`, `created_by`, `updated_by`, `create_time`, `update_time`, `delete_time`) VALUES (11, 1, '04.mp4', '5ffeb25074271fd3ae01a522f2e1e82733d218f2.mp4', '5ffeb25074271fd3ae01a522f2e1e82733d218f2', 'video/mp4', 'public/storage/20250606/5ffeb25074271fd3ae01a522f2e1e82733d218f2.mp4', 'mp4', 45138165, '43.05 MB', 'http://10.0.0.130:8787/storage/20250606/5ffeb25074271fd3ae01a522f2e1e82733d218f2.mp4', NULL, 4, 4, '2025-06-06 16:35:08', '2025-06-06 16:35:08', NULL);
INSERT INTO `sa_system_attachment` (`id`, `storage_mode`, `origin_name`, `object_name`, `hash`, `mime_type`, `storage_path`, `suffix`, `size_byte`, `size_info`, `url`, `remark`, `created_by`, `updated_by`, `create_time`, `update_time`, `delete_time`) VALUES (12, 1, '04.mp4', '5ffeb25074271fd3ae01a522f2e1e82733d218f2.mp4', '5ffeb25074271fd3ae01a522f2e1e82733d218f2', 'video/mp4', 'public/storage/20250606/5ffeb25074271fd3ae01a522f2e1e82733d218f2.mp4', 'mp4', 45138165, '43.05 MB', 'http://10.0.0.130:8787/storage/20250606/5ffeb25074271fd3ae01a522f2e1e82733d218f2.mp4', NULL, 4, 4, '2025-06-06 16:37:58', '2025-06-06 16:37:58', NULL);
INSERT INTO `sa_system_attachment` (`id`, `storage_mode`, `origin_name`, `object_name`, `hash`, `mime_type`, `storage_path`, `suffix`, `size_byte`, `size_info`, `url`, `remark`, `created_by`, `updated_by`, `create_time`, `update_time`, `delete_time`) VALUES (13, 1, 'G0007_S0001_0_SPK003.wav', '842018f3db9915edd47eaec0cf1e63a6f35752f9.wav', '842018f3db9915edd47eaec0cf1e63a6f35752f9', 'audio/wave', 'public/storage/20250606/842018f3db9915edd47eaec0cf1e63a6f35752f9.wav', 'wav', 78884908, '75.23 MB', 'http://10.0.0.130:8787/storage/20250606/842018f3db9915edd47eaec0cf1e63a6f35752f9.wav', NULL, 4, 4, '2025-06-06 16:37:58', '2025-06-06 16:37:58', NULL);
INSERT INTO `sa_system_attachment` (`id`, `storage_mode`, `origin_name`, `object_name`, `hash`, `mime_type`, `storage_path`, `suffix`, `size_byte`, `size_info`, `url`, `remark`, `created_by`, `updated_by`, `create_time`, `update_time`, `delete_time`) VALUES (14, 1, 'G0010_S0002_0_SPK010.wav', 'bd0f74e15ecbc0fda0dbdc027e4478fd4b65903b.wav', 'bd0f74e15ecbc0fda0dbdc027e4478fd4b65903b', 'audio/wave', 'public/storage/20250606/bd0f74e15ecbc0fda0dbdc027e4478fd4b65903b.wav', 'wav', 61532204, '58.68 MB', 'http://10.0.0.130:8787/storage/20250606/bd0f74e15ecbc0fda0dbdc027e4478fd4b65903b.wav', NULL, 4, 4, '2025-06-06 16:37:58', '2025-06-06 16:37:58', NULL);
INSERT INTO `sa_system_attachment` (`id`, `storage_mode`, `origin_name`, `object_name`, `hash`, `mime_type`, `storage_path`, `suffix`, `size_byte`, `size_info`, `url`, `remark`, `created_by`, `updated_by`, `create_time`, `update_time`, `delete_time`) VALUES (15, 1, '04.mp4', '5ffeb25074271fd3ae01a522f2e1e82733d218f2.mp4', '5ffeb25074271fd3ae01a522f2e1e82733d218f2', 'video/mp4', 'public/storage/20250606/5ffeb25074271fd3ae01a522f2e1e82733d218f2.mp4', 'mp4', 45138165, '43.05 MB', 'http://10.0.0.130:8787/storage/20250606/5ffeb25074271fd3ae01a522f2e1e82733d218f2.mp4', NULL, 4, 4, '2025-06-06 16:38:13', '2025-06-06 16:38:13', NULL);
INSERT INTO `sa_system_attachment` (`id`, `storage_mode`, `origin_name`, `object_name`, `hash`, `mime_type`, `storage_path`, `suffix`, `size_byte`, `size_info`, `url`, `remark`, `created_by`, `updated_by`, `create_time`, `update_time`, `delete_time`) VALUES (16, 1, 'G0007_S0001_0_SPK003.wav', '842018f3db9915edd47eaec0cf1e63a6f35752f9.wav', '842018f3db9915edd47eaec0cf1e63a6f35752f9', 'audio/wave', 'public/storage/20250606/842018f3db9915edd47eaec0cf1e63a6f35752f9.wav', 'wav', 78884908, '75.23 MB', 'http://10.0.0.130:8787/storage/20250606/842018f3db9915edd47eaec0cf1e63a6f35752f9.wav', NULL, 4, 4, '2025-06-06 16:38:14', '2025-06-06 16:38:14', NULL);
INSERT INTO `sa_system_attachment` (`id`, `storage_mode`, `origin_name`, `object_name`, `hash`, `mime_type`, `storage_path`, `suffix`, `size_byte`, `size_info`, `url`, `remark`, `created_by`, `updated_by`, `create_time`, `update_time`, `delete_time`) VALUES (17, 1, 'G0010_S0002_0_SPK010.wav', 'bd0f74e15ecbc0fda0dbdc027e4478fd4b65903b.wav', 'bd0f74e15ecbc0fda0dbdc027e4478fd4b65903b', 'audio/wave', 'public/storage/20250606/bd0f74e15ecbc0fda0dbdc027e4478fd4b65903b.wav', 'wav', 61532204, '58.68 MB', 'http://10.0.0.130:8787/storage/20250606/bd0f74e15ecbc0fda0dbdc027e4478fd4b65903b.wav', NULL, 4, 4, '2025-06-06 16:38:14', '2025-06-06 16:38:14', NULL);
INSERT INTO `sa_system_attachment` (`id`, `storage_mode`, `origin_name`, `object_name`, `hash`, `mime_type`, `storage_path`, `suffix`, `size_byte`, `size_info`, `url`, `remark`, `created_by`, `updated_by`, `create_time`, `update_time`, `delete_time`) VALUES (18, 1, '04.mp4', '5ffeb25074271fd3ae01a522f2e1e82733d218f2.mp4', '5ffeb25074271fd3ae01a522f2e1e82733d218f2', 'video/mp4', 'public/storage/20250606/5ffeb25074271fd3ae01a522f2e1e82733d218f2.mp4', 'mp4', 45138165, '43.05 MB', 'http://10.0.0.130:8787/storage/20250606/5ffeb25074271fd3ae01a522f2e1e82733d218f2.mp4', NULL, 4, 4, '2025-06-06 16:39:15', '2025-06-06 16:39:15', NULL);
INSERT INTO `sa_system_attachment` (`id`, `storage_mode`, `origin_name`, `object_name`, `hash`, `mime_type`, `storage_path`, `suffix`, `size_byte`, `size_info`, `url`, `remark`, `created_by`, `updated_by`, `create_time`, `update_time`, `delete_time`) VALUES (19, 1, 'G0007_S0001_0_SPK003.wav', '842018f3db9915edd47eaec0cf1e63a6f35752f9.wav', '842018f3db9915edd47eaec0cf1e63a6f35752f9', 'audio/wave', 'public/storage/20250606/842018f3db9915edd47eaec0cf1e63a6f35752f9.wav', 'wav', 78884908, '75.23 MB', 'http://10.0.0.130:8787/storage/20250606/842018f3db9915edd47eaec0cf1e63a6f35752f9.wav', NULL, 4, 4, '2025-06-06 16:39:15', '2025-06-06 16:39:15', NULL);
INSERT INTO `sa_system_attachment` (`id`, `storage_mode`, `origin_name`, `object_name`, `hash`, `mime_type`, `storage_path`, `suffix`, `size_byte`, `size_info`, `url`, `remark`, `created_by`, `updated_by`, `create_time`, `update_time`, `delete_time`) VALUES (20, 1, 'G0010_S0002_0_SPK010.wav', 'bd0f74e15ecbc0fda0dbdc027e4478fd4b65903b.wav', 'bd0f74e15ecbc0fda0dbdc027e4478fd4b65903b', 'audio/wave', 'public/storage/20250606/bd0f74e15ecbc0fda0dbdc027e4478fd4b65903b.wav', 'wav', 61532204, '58.68 MB', 'http://10.0.0.130:8787/storage/20250606/bd0f74e15ecbc0fda0dbdc027e4478fd4b65903b.wav', NULL, 4, 4, '2025-06-06 16:39:15', '2025-06-06 16:39:15', NULL);
INSERT INTO `sa_system_attachment` (`id`, `storage_mode`, `origin_name`, `object_name`, `hash`, `mime_type`, `storage_path`, `suffix`, `size_byte`, `size_info`, `url`, `remark`, `created_by`, `updated_by`, `create_time`, `update_time`, `delete_time`) VALUES (21, 1, '3a9eee2f3b573fd356f8ad770046bae9.mp4', '9a8b6298d087de3513f29f72ce9e486fc9bd69f4.mp4', '9a8b6298d087de3513f29f72ce9e486fc9bd69f4', 'video/mp4', 'public/storage/20250608/9a8b6298d087de3513f29f72ce9e486fc9bd69f4.mp4', 'mp4', 7441470, '7.1 MB', 'http://10.0.0.130:8787/storage/20250608/9a8b6298d087de3513f29f72ce9e486fc9bd69f4.mp4', NULL, 4, 4, '2025-06-08 22:33:07', '2025-06-08 22:33:07', NULL);
INSERT INTO `sa_system_attachment` (`id`, `storage_mode`, `origin_name`, `object_name`, `hash`, `mime_type`, `storage_path`, `suffix`, `size_byte`, `size_info`, `url`, `remark`, `created_by`, `updated_by`, `create_time`, `update_time`, `delete_time`) VALUES (22, 1, '3a9eee2f3b573fd356f8ad770046bae9.mp4', '9a8b6298d087de3513f29f72ce9e486fc9bd69f4.mp4', '9a8b6298d087de3513f29f72ce9e486fc9bd69f4', 'video/mp4', 'public/storage/20250608/9a8b6298d087de3513f29f72ce9e486fc9bd69f4.mp4', 'mp4', 7441470, '7.1 MB', 'http://10.0.0.130:8787/storage/20250608/9a8b6298d087de3513f29f72ce9e486fc9bd69f4.mp4', NULL, 4, 4, '2025-06-08 22:33:15', '2025-06-08 22:33:15', NULL);
INSERT INTO `sa_system_attachment` (`id`, `storage_mode`, `origin_name`, `object_name`, `hash`, `mime_type`, `storage_path`, `suffix`, `size_byte`, `size_info`, `url`, `remark`, `created_by`, `updated_by`, `create_time`, `update_time`, `delete_time`) VALUES (23, 1, 'task_13_video_1749393705_extracted.mp3', '380d9b5a52ad238badc848da68f4c363c712240e.mp3', '380d9b5a52ad238badc848da68f4c363c712240e', 'application/octet-stream', 'public/storage/queue/20250608/380d9b5a52ad238badc848da68f4c363c712240e.mp3', 'mp3', 620535, '605.99 KB', 'http://10.0.0.130:8787/storage/queue/20250608/380d9b5a52ad238badc848da68f4c363c712240e.mp3', NULL, NULL, NULL, '2025-06-08 22:41:46', '2025-06-08 22:41:46', NULL);
INSERT INTO `sa_system_attachment` (`id`, `storage_mode`, `origin_name`, `object_name`, `hash`, `mime_type`, `storage_path`, `suffix`, `size_byte`, `size_info`, `url`, `remark`, `created_by`, `updated_by`, `create_time`, `update_time`, `delete_time`) VALUES (24, 1, 'MiniGPT4安装教程.docx', 'd8ba41a7a6f59283e6840dd9478b06fcbc0b1cbe.docx', 'd8ba41a7a6f59283e6840dd9478b06fcbc0b1cbe', 'application/vnd.openxmlformats-officedocument.wordprocessingml.document', 'public/storage/20250609/d8ba41a7a6f59283e6840dd9478b06fcbc0b1cbe.docx', 'docx', 1428327, '1.36 MB', 'http://10.0.0.130:8787/storage/20250609/d8ba41a7a6f59283e6840dd9478b06fcbc0b1cbe.docx', NULL, 4, 4, '2025-06-09 15:16:37', '2025-06-09 15:16:37', NULL);
INSERT INTO `sa_system_attachment` (`id`, `storage_mode`, `origin_name`, `object_name`, `hash`, `mime_type`, `storage_path`, `suffix`, `size_byte`, `size_info`, `url`, `remark`, `created_by`, `updated_by`, `create_time`, `update_time`, `delete_time`) VALUES (25, 1, 'DragGAN安装教程.docx', 'e60962b3d20fafcfc4f46b4f32b62b061251c488.docx', 'e60962b3d20fafcfc4f46b4f32b62b061251c488', 'application/vnd.openxmlformats-officedocument.wordprocessingml.document', 'public/storage/20250609/e60962b3d20fafcfc4f46b4f32b62b061251c488.docx', 'docx', 2004362, '1.91 MB', 'http://10.0.0.130:8787/storage/20250609/e60962b3d20fafcfc4f46b4f32b62b061251c488.docx', NULL, 4, 4, '2025-06-09 15:17:02', '2025-06-09 15:17:02', NULL);
INSERT INTO `sa_system_attachment` (`id`, `storage_mode`, `origin_name`, `object_name`, `hash`, `mime_type`, `storage_path`, `suffix`, `size_byte`, `size_info`, `url`, `remark`, `created_by`, `updated_by`, `create_time`, `update_time`, `delete_time`) VALUES (26, 1, 'Fish Speech部署教程.docx', '8779b3d9308d3799f804e9db86c5310842054919.docx', '8779b3d9308d3799f804e9db86c5310842054919', 'application/vnd.openxmlformats-officedocument.wordprocessingml.document', 'public/storage/20250609/8779b3d9308d3799f804e9db86c5310842054919.docx', 'docx', 373164, '364.42 KB', 'http://10.0.0.130:8787/storage/20250609/8779b3d9308d3799f804e9db86c5310842054919.docx', NULL, 4, 4, '2025-06-09 15:17:02', '2025-06-09 15:17:02', NULL);
INSERT INTO `sa_system_attachment` (`id`, `storage_mode`, `origin_name`, `object_name`, `hash`, `mime_type`, `storage_path`, `suffix`, `size_byte`, `size_info`, `url`, `remark`, `created_by`, `updated_by`, `create_time`, `update_time`, `delete_time`) VALUES (27, 1, 'MiniGPT4安装教程.docx', 'd8ba41a7a6f59283e6840dd9478b06fcbc0b1cbe.docx', 'd8ba41a7a6f59283e6840dd9478b06fcbc0b1cbe', 'application/vnd.openxmlformats-officedocument.wordprocessingml.document', 'public/storage/20250609/d8ba41a7a6f59283e6840dd9478b06fcbc0b1cbe.docx', 'docx', 1428327, '1.36 MB', 'http://10.0.0.130:8787/storage/20250609/d8ba41a7a6f59283e6840dd9478b06fcbc0b1cbe.docx', NULL, 4, 4, '2025-06-09 15:17:02', '2025-06-09 15:17:02', NULL);
INSERT INTO `sa_system_attachment` (`id`, `storage_mode`, `origin_name`, `object_name`, `hash`, `mime_type`, `storage_path`, `suffix`, `size_byte`, `size_info`, `url`, `remark`, `created_by`, `updated_by`, `create_time`, `update_time`, `delete_time`) VALUES (28, 1, '2021届清华美院动画毕设 _《万华镜》——百年党庆，献礼中华五十六个民族.mp4', '24055f44eb4da99da3ad041c68a77f49b454f39b.mp4', '24055f44eb4da99da3ad041c68a77f49b454f39b', 'video/mp4', 'public/storage/20250609/24055f44eb4da99da3ad041c68a77f49b454f39b.mp4', 'mp4', 59598861, '56.84 MB', 'http://10.0.0.130:8787/storage/20250609/24055f44eb4da99da3ad041c68a77f49b454f39b.mp4', NULL, 4, 4, '2025-06-09 15:26:32', '2025-06-09 15:26:32', NULL);
INSERT INTO `sa_system_attachment` (`id`, `storage_mode`, `origin_name`, `object_name`, `hash`, `mime_type`, `storage_path`, `suffix`, `size_byte`, `size_info`, `url`, `remark`, `created_by`, `updated_by`, `create_time`, `update_time`, `delete_time`) VALUES (29, 1, 'CodeGen安装教程.docx', 'ae653d15c2c2edb465888749b709256d7dc15ab2.docx', 'ae653d15c2c2edb465888749b709256d7dc15ab2', 'application/vnd.openxmlformats-officedocument.wordprocessingml.document', 'public/storage/20250609/ae653d15c2c2edb465888749b709256d7dc15ab2.docx', 'docx', 1170786, '1.12 MB', 'http://10.0.0.130:8787/storage/20250609/ae653d15c2c2edb465888749b709256d7dc15ab2.docx', NULL, 4, 4, '2025-06-09 16:49:11', '2025-06-09 16:49:11', NULL);
INSERT INTO `sa_system_attachment` (`id`, `storage_mode`, `origin_name`, `object_name`, `hash`, `mime_type`, `storage_path`, `suffix`, `size_byte`, `size_info`, `url`, `remark`, `created_by`, `updated_by`, `create_time`, `update_time`, `delete_time`) VALUES (30, 1, 'cursor安装C++环境.docx', 'fe69a0e85a89c153e0dc30a7e5afe627db88ff1f.docx', 'fe69a0e85a89c153e0dc30a7e5afe627db88ff1f', 'application/vnd.openxmlformats-officedocument.wordprocessingml.document', 'public/storage/20250609/fe69a0e85a89c153e0dc30a7e5afe627db88ff1f.docx', 'docx', 316108, '308.7 KB', 'http://10.0.0.130:8787/storage/20250609/fe69a0e85a89c153e0dc30a7e5afe627db88ff1f.docx', NULL, 4, 4, '2025-06-09 16:49:11', '2025-06-09 16:49:11', NULL);
INSERT INTO `sa_system_attachment` (`id`, `storage_mode`, `origin_name`, `object_name`, `hash`, `mime_type`, `storage_path`, `suffix`, `size_byte`, `size_info`, `url`, `remark`, `created_by`, `updated_by`, `create_time`, `update_time`, `delete_time`) VALUES (31, 1, 'DragGAN安装教程.docx', 'e60962b3d20fafcfc4f46b4f32b62b061251c488.docx', 'e60962b3d20fafcfc4f46b4f32b62b061251c488', 'application/vnd.openxmlformats-officedocument.wordprocessingml.document', 'public/storage/20250609/e60962b3d20fafcfc4f46b4f32b62b061251c488.docx', 'docx', 2004362, '1.91 MB', 'http://10.0.0.130:8787/storage/20250609/e60962b3d20fafcfc4f46b4f32b62b061251c488.docx', NULL, 4, 4, '2025-06-09 16:49:11', '2025-06-09 16:49:11', NULL);
INSERT INTO `sa_system_attachment` (`id`, `storage_mode`, `origin_name`, `object_name`, `hash`, `mime_type`, `storage_path`, `suffix`, `size_byte`, `size_info`, `url`, `remark`, `created_by`, `updated_by`, `create_time`, `update_time`, `delete_time`) VALUES (32, 1, 'CodeGen安装教程.docx', 'ae653d15c2c2edb465888749b709256d7dc15ab2.docx', 'ae653d15c2c2edb465888749b709256d7dc15ab2', 'application/vnd.openxmlformats-officedocument.wordprocessingml.document', 'public/storage/20250609/ae653d15c2c2edb465888749b709256d7dc15ab2.docx', 'docx', 1170786, '1.12 MB', 'http://10.0.0.130:8787/storage/20250609/ae653d15c2c2edb465888749b709256d7dc15ab2.docx', NULL, 4, 4, '2025-06-09 16:49:31', '2025-06-09 16:49:31', NULL);
INSERT INTO `sa_system_attachment` (`id`, `storage_mode`, `origin_name`, `object_name`, `hash`, `mime_type`, `storage_path`, `suffix`, `size_byte`, `size_info`, `url`, `remark`, `created_by`, `updated_by`, `create_time`, `update_time`, `delete_time`) VALUES (33, 1, 'cursor安装C++环境.docx', 'fe69a0e85a89c153e0dc30a7e5afe627db88ff1f.docx', 'fe69a0e85a89c153e0dc30a7e5afe627db88ff1f', 'application/vnd.openxmlformats-officedocument.wordprocessingml.document', 'public/storage/20250609/fe69a0e85a89c153e0dc30a7e5afe627db88ff1f.docx', 'docx', 316108, '308.7 KB', 'http://10.0.0.130:8787/storage/20250609/fe69a0e85a89c153e0dc30a7e5afe627db88ff1f.docx', NULL, 4, 4, '2025-06-09 16:49:31', '2025-06-09 16:49:31', NULL);
INSERT INTO `sa_system_attachment` (`id`, `storage_mode`, `origin_name`, `object_name`, `hash`, `mime_type`, `storage_path`, `suffix`, `size_byte`, `size_info`, `url`, `remark`, `created_by`, `updated_by`, `create_time`, `update_time`, `delete_time`) VALUES (34, 1, 'DragGAN安装教程.docx', 'e60962b3d20fafcfc4f46b4f32b62b061251c488.docx', 'e60962b3d20fafcfc4f46b4f32b62b061251c488', 'application/vnd.openxmlformats-officedocument.wordprocessingml.document', 'public/storage/20250609/e60962b3d20fafcfc4f46b4f32b62b061251c488.docx', 'docx', 2004362, '1.91 MB', 'http://10.0.0.130:8787/storage/20250609/e60962b3d20fafcfc4f46b4f32b62b061251c488.docx', NULL, 4, 4, '2025-06-09 16:49:31', '2025-06-09 16:49:31', NULL);
INSERT INTO `sa_system_attachment` (`id`, `storage_mode`, `origin_name`, `object_name`, `hash`, `mime_type`, `storage_path`, `suffix`, `size_byte`, `size_info`, `url`, `remark`, `created_by`, `updated_by`, `create_time`, `update_time`, `delete_time`) VALUES (35, 1, 'DragGAN安装教程.docx', 'e60962b3d20fafcfc4f46b4f32b62b061251c488.docx', 'e60962b3d20fafcfc4f46b4f32b62b061251c488', 'application/vnd.openxmlformats-officedocument.wordprocessingml.document', 'public/storage/20250609/e60962b3d20fafcfc4f46b4f32b62b061251c488.docx', 'docx', 2004362, '1.91 MB', 'http://10.0.0.130:8787/storage/20250609/e60962b3d20fafcfc4f46b4f32b62b061251c488.docx', NULL, 4, 4, '2025-06-09 17:07:07', '2025-06-09 17:07:07', NULL);
INSERT INTO `sa_system_attachment` (`id`, `storage_mode`, `origin_name`, `object_name`, `hash`, `mime_type`, `storage_path`, `suffix`, `size_byte`, `size_info`, `url`, `remark`, `created_by`, `updated_by`, `create_time`, `update_time`, `delete_time`) VALUES (36, 1, 'Fish Speech部署教程.docx', '8779b3d9308d3799f804e9db86c5310842054919.docx', '8779b3d9308d3799f804e9db86c5310842054919', 'application/vnd.openxmlformats-officedocument.wordprocessingml.document', 'public/storage/20250609/8779b3d9308d3799f804e9db86c5310842054919.docx', 'docx', 373164, '364.42 KB', 'http://10.0.0.130:8787/storage/20250609/8779b3d9308d3799f804e9db86c5310842054919.docx', NULL, 4, 4, '2025-06-09 17:07:07', '2025-06-09 17:07:07', NULL);
INSERT INTO `sa_system_attachment` (`id`, `storage_mode`, `origin_name`, `object_name`, `hash`, `mime_type`, `storage_path`, `suffix`, `size_byte`, `size_info`, `url`, `remark`, `created_by`, `updated_by`, `create_time`, `update_time`, `delete_time`) VALUES (37, 1, 'Open-Assistant安装教程.docx', '140424b7644bcd90b2b97f978c70e5decab680b5.docx', '140424b7644bcd90b2b97f978c70e5decab680b5', 'application/vnd.openxmlformats-officedocument.wordprocessingml.document', 'public/storage/20250609/140424b7644bcd90b2b97f978c70e5decab680b5.docx', 'docx', 352223, '343.97 KB', 'http://10.0.0.130:8787/storage/20250609/140424b7644bcd90b2b97f978c70e5decab680b5.docx', NULL, 4, 4, '2025-06-09 17:07:08', '2025-06-09 17:07:08', NULL);
INSERT INTO `sa_system_attachment` (`id`, `storage_mode`, `origin_name`, `object_name`, `hash`, `mime_type`, `storage_path`, `suffix`, `size_byte`, `size_info`, `url`, `remark`, `created_by`, `updated_by`, `create_time`, `update_time`, `delete_time`) VALUES (38, 1, 'DragGAN安装教程.docx', 'e60962b3d20fafcfc4f46b4f32b62b061251c488.docx', 'e60962b3d20fafcfc4f46b4f32b62b061251c488', 'application/vnd.openxmlformats-officedocument.wordprocessingml.document', 'public/storage/20250609/e60962b3d20fafcfc4f46b4f32b62b061251c488.docx', 'docx', 2004362, '1.91 MB', 'http://10.0.0.130:8787/storage/20250609/e60962b3d20fafcfc4f46b4f32b62b061251c488.docx', NULL, 4, 4, '2025-06-09 17:07:56', '2025-06-09 17:07:56', NULL);
INSERT INTO `sa_system_attachment` (`id`, `storage_mode`, `origin_name`, `object_name`, `hash`, `mime_type`, `storage_path`, `suffix`, `size_byte`, `size_info`, `url`, `remark`, `created_by`, `updated_by`, `create_time`, `update_time`, `delete_time`) VALUES (39, 1, 'Fish Speech部署教程.docx', '8779b3d9308d3799f804e9db86c5310842054919.docx', '8779b3d9308d3799f804e9db86c5310842054919', 'application/vnd.openxmlformats-officedocument.wordprocessingml.document', 'public/storage/20250609/8779b3d9308d3799f804e9db86c5310842054919.docx', 'docx', 373164, '364.42 KB', 'http://10.0.0.130:8787/storage/20250609/8779b3d9308d3799f804e9db86c5310842054919.docx', NULL, 4, 4, '2025-06-09 17:07:56', '2025-06-09 17:07:56', NULL);
INSERT INTO `sa_system_attachment` (`id`, `storage_mode`, `origin_name`, `object_name`, `hash`, `mime_type`, `storage_path`, `suffix`, `size_byte`, `size_info`, `url`, `remark`, `created_by`, `updated_by`, `create_time`, `update_time`, `delete_time`) VALUES (40, 1, 'Open-Assistant安装教程.docx', '140424b7644bcd90b2b97f978c70e5decab680b5.docx', '140424b7644bcd90b2b97f978c70e5decab680b5', 'application/vnd.openxmlformats-officedocument.wordprocessingml.document', 'public/storage/20250609/140424b7644bcd90b2b97f978c70e5decab680b5.docx', 'docx', 352223, '343.97 KB', 'http://10.0.0.130:8787/storage/20250609/140424b7644bcd90b2b97f978c70e5decab680b5.docx', NULL, 4, 4, '2025-06-09 17:07:56', '2025-06-09 17:07:56', NULL);
INSERT INTO `sa_system_attachment` (`id`, `storage_mode`, `origin_name`, `object_name`, `hash`, `mime_type`, `storage_path`, `suffix`, `size_byte`, `size_info`, `url`, `remark`, `created_by`, `updated_by`, `create_time`, `update_time`, `delete_time`) VALUES (41, 1, 'Open-Assistant安装教程.docx', '140424b7644bcd90b2b97f978c70e5decab680b5.docx', '140424b7644bcd90b2b97f978c70e5decab680b5', 'application/vnd.openxmlformats-officedocument.wordprocessingml.document', 'public/storage/20250609/140424b7644bcd90b2b97f978c70e5decab680b5.docx', 'docx', 352223, '343.97 KB', 'http://10.0.0.130:8787/storage/20250609/140424b7644bcd90b2b97f978c70e5decab680b5.docx', NULL, 4, 4, '2025-06-09 17:08:58', '2025-06-09 17:08:58', NULL);
INSERT INTO `sa_system_attachment` (`id`, `storage_mode`, `origin_name`, `object_name`, `hash`, `mime_type`, `storage_path`, `suffix`, `size_byte`, `size_info`, `url`, `remark`, `created_by`, `updated_by`, `create_time`, `update_time`, `delete_time`) VALUES (42, 1, 'Story-Flicks安装教程.docx', '31081fdbf7b14a25eba12182793a32cb345339b9.docx', '31081fdbf7b14a25eba12182793a32cb345339b9', 'application/vnd.openxmlformats-officedocument.wordprocessingml.document', 'public/storage/20250609/31081fdbf7b14a25eba12182793a32cb345339b9.docx', 'docx', 1570028, '1.5 MB', 'http://10.0.0.130:8787/storage/20250609/31081fdbf7b14a25eba12182793a32cb345339b9.docx', NULL, 4, 4, '2025-06-09 17:08:58', '2025-06-09 17:08:58', NULL);
INSERT INTO `sa_system_attachment` (`id`, `storage_mode`, `origin_name`, `object_name`, `hash`, `mime_type`, `storage_path`, `suffix`, `size_byte`, `size_info`, `url`, `remark`, `created_by`, `updated_by`, `create_time`, `update_time`, `delete_time`) VALUES (43, 1, '安装教程.docx', '0322021f5b502f77456010de4c64325a6e3cc6a9.docx', '0322021f5b502f77456010de4c64325a6e3cc6a9', 'application/vnd.openxmlformats-officedocument.wordprocessingml.document', 'public/storage/20250609/0322021f5b502f77456010de4c64325a6e3cc6a9.docx', 'docx', 2061404, '1.97 MB', 'http://10.0.0.130:8787/storage/20250609/0322021f5b502f77456010de4c64325a6e3cc6a9.docx', NULL, 4, 4, '2025-06-09 17:08:58', '2025-06-09 17:08:58', NULL);
INSERT INTO `sa_system_attachment` (`id`, `storage_mode`, `origin_name`, `object_name`, `hash`, `mime_type`, `storage_path`, `suffix`, `size_byte`, `size_info`, `url`, `remark`, `created_by`, `updated_by`, `create_time`, `update_time`, `delete_time`) VALUES (44, 1, '2021届清华美院动画毕设 _《万华镜》——百年党庆，献礼中华五十六个民族.mp4', '24055f44eb4da99da3ad041c68a77f49b454f39b.mp4', '24055f44eb4da99da3ad041c68a77f49b454f39b', 'video/mp4', 'public/storage/20250610/24055f44eb4da99da3ad041c68a77f49b454f39b.mp4', 'mp4', 59598861, '56.84 MB', 'http://10.0.0.130:8787/storage/20250610/24055f44eb4da99da3ad041c68a77f49b454f39b.mp4', NULL, 4, 4, '2025-06-10 10:32:39', '2025-06-10 10:32:39', NULL);
INSERT INTO `sa_system_attachment` (`id`, `storage_mode`, `origin_name`, `object_name`, `hash`, `mime_type`, `storage_path`, `suffix`, `size_byte`, `size_info`, `url`, `remark`, `created_by`, `updated_by`, `create_time`, `update_time`, `delete_time`) VALUES (45, 1, 'trae.docx', 'c1f2750523d2927a6eb161b6c5a2644d2b26dfdf.docx', 'c1f2750523d2927a6eb161b6c5a2644d2b26dfdf', 'application/vnd.openxmlformats-officedocument.wordprocessingml.document', 'public/storage/20250610/c1f2750523d2927a6eb161b6c5a2644d2b26dfdf.docx', 'docx', 11793, '11.52 KB', 'http://10.0.0.130:8787/storage/20250610/c1f2750523d2927a6eb161b6c5a2644d2b26dfdf.docx', NULL, 4, 4, '2025-06-10 10:33:30', '2025-06-10 10:33:30', NULL);
INSERT INTO `sa_system_attachment` (`id`, `storage_mode`, `origin_name`, `object_name`, `hash`, `mime_type`, `storage_path`, `suffix`, `size_byte`, `size_info`, `url`, `remark`, `created_by`, `updated_by`, `create_time`, `update_time`, `delete_time`) VALUES (46, 1, '衣湿乐队 - 弹棉花 myfreemp3.vip .mp3', '7132011c90ec1da20c26db197ed5b799e75fe704.mp3', '7132011c90ec1da20c26db197ed5b799e75fe704', 'audio/mpeg', 'public/storage/20250610/7132011c90ec1da20c26db197ed5b799e75fe704.mp3', 'mp3', 8917203, '8.5 MB', 'http://10.0.0.130:8787/storage/20250610/7132011c90ec1da20c26db197ed5b799e75fe704.mp3', NULL, 4, 4, '2025-06-10 10:33:56', '2025-06-10 10:33:56', NULL);
INSERT INTO `sa_system_attachment` (`id`, `storage_mode`, `origin_name`, `object_name`, `hash`, `mime_type`, `storage_path`, `suffix`, `size_byte`, `size_info`, `url`, `remark`, `created_by`, `updated_by`, `create_time`, `update_time`, `delete_time`) VALUES (47, 1, '3ea42ebda4e834295d1f42ffe1fab429.mp4', '359e795b736bebff3889f19a6300107bab303810.mp4', '359e795b736bebff3889f19a6300107bab303810', 'video/mp4', 'public/storage/20250610/359e795b736bebff3889f19a6300107bab303810.mp4', 'mp4', 4292839, '4.09 MB', 'http://10.0.0.130:8787/storage/20250610/359e795b736bebff3889f19a6300107bab303810.mp4', NULL, 4, 4, '2025-06-10 10:37:53', '2025-06-10 10:37:53', NULL);
INSERT INTO `sa_system_attachment` (`id`, `storage_mode`, `origin_name`, `object_name`, `hash`, `mime_type`, `storage_path`, `suffix`, `size_byte`, `size_info`, `url`, `remark`, `created_by`, `updated_by`, `create_time`, `update_time`, `delete_time`) VALUES (48, 1, '【2022小宇宙计划】象群挽歌.mp4', '4a544c73981fc320d84bff6e51a43f01a67463ec.mp4', '4a544c73981fc320d84bff6e51a43f01a67463ec', 'video/mp4', 'public/storage/20250610/4a544c73981fc320d84bff6e51a43f01a67463ec.mp4', 'mp4', 178177853, '169.92 MB', 'http://10.0.0.130:8787/storage/20250610/4a544c73981fc320d84bff6e51a43f01a67463ec.mp4', NULL, 4, 4, '2025-06-10 10:41:44', '2025-06-10 10:41:44', NULL);
INSERT INTO `sa_system_attachment` (`id`, `storage_mode`, `origin_name`, `object_name`, `hash`, `mime_type`, `storage_path`, `suffix`, `size_byte`, `size_info`, `url`, `remark`, `created_by`, `updated_by`, `create_time`, `update_time`, `delete_time`) VALUES (49, 1, '2021届清华美院动画毕设 _《万华镜》——百年党庆，献礼中华五十六个民族.mp4', '24055f44eb4da99da3ad041c68a77f49b454f39b.mp4', '24055f44eb4da99da3ad041c68a77f49b454f39b', 'video/mp4', 'public/storage/20250610/24055f44eb4da99da3ad041c68a77f49b454f39b.mp4', 'mp4', 59598861, '56.84 MB', 'http://10.0.0.130:8787/storage/20250610/24055f44eb4da99da3ad041c68a77f49b454f39b.mp4', NULL, 4, 4, '2025-06-10 10:41:44', '2025-06-10 10:41:44', NULL);
INSERT INTO `sa_system_attachment` (`id`, `storage_mode`, `origin_name`, `object_name`, `hash`, `mime_type`, `storage_path`, `suffix`, `size_byte`, `size_info`, `url`, `remark`, `created_by`, `updated_by`, `create_time`, `update_time`, `delete_time`) VALUES (50, 1, '【2022小宇宙计划】象群挽歌.mp4', '4a544c73981fc320d84bff6e51a43f01a67463ec.mp4', '4a544c73981fc320d84bff6e51a43f01a67463ec', 'video/mp4', 'public/storage/20250610/4a544c73981fc320d84bff6e51a43f01a67463ec.mp4', 'mp4', 178177853, '169.92 MB', 'http://10.0.0.130:8787/storage/20250610/4a544c73981fc320d84bff6e51a43f01a67463ec.mp4', NULL, 4, 4, '2025-06-10 10:44:41', '2025-06-10 10:44:41', NULL);
INSERT INTO `sa_system_attachment` (`id`, `storage_mode`, `origin_name`, `object_name`, `hash`, `mime_type`, `storage_path`, `suffix`, `size_byte`, `size_info`, `url`, `remark`, `created_by`, `updated_by`, `create_time`, `update_time`, `delete_time`) VALUES (51, 1, '【2022小宇宙计划】象群挽歌.mp4', '4a544c73981fc320d84bff6e51a43f01a67463ec.mp4', '4a544c73981fc320d84bff6e51a43f01a67463ec', 'video/mp4', 'public/storage/20250610/4a544c73981fc320d84bff6e51a43f01a67463ec.mp4', 'mp4', 178177853, '169.92 MB', 'http://10.0.0.130:8787/storage/20250610/4a544c73981fc320d84bff6e51a43f01a67463ec.mp4', NULL, 4, 4, '2025-06-10 10:49:24', '2025-06-10 10:49:24', NULL);
INSERT INTO `sa_system_attachment` (`id`, `storage_mode`, `origin_name`, `object_name`, `hash`, `mime_type`, `storage_path`, `suffix`, `size_byte`, `size_info`, `url`, `remark`, `created_by`, `updated_by`, `create_time`, `update_time`, `delete_time`) VALUES (52, 1, '【2022小宇宙计划】象群挽歌.mp4', '4a544c73981fc320d84bff6e51a43f01a67463ec.mp4', '4a544c73981fc320d84bff6e51a43f01a67463ec', 'video/mp4', 'public/storage/20250610/4a544c73981fc320d84bff6e51a43f01a67463ec.mp4', 'mp4', 178177853, '169.92 MB', 'http://10.0.0.130:8787/storage/20250610/4a544c73981fc320d84bff6e51a43f01a67463ec.mp4', NULL, 4, 4, '2025-06-10 11:12:08', '2025-06-10 11:12:08', NULL);
INSERT INTO `sa_system_attachment` (`id`, `storage_mode`, `origin_name`, `object_name`, `hash`, `mime_type`, `storage_path`, `suffix`, `size_byte`, `size_info`, `url`, `remark`, `created_by`, `updated_by`, `create_time`, `update_time`, `delete_time`) VALUES (53, 1, '2021届清华美院动画毕设 _《万华镜》——百年党庆，献礼中华五十六个民族.mp4', '24055f44eb4da99da3ad041c68a77f49b454f39b.mp4', '24055f44eb4da99da3ad041c68a77f49b454f39b', 'video/mp4', 'public/storage/20250611/24055f44eb4da99da3ad041c68a77f49b454f39b.mp4', 'mp4', 59598861, '56.84 MB', 'http://10.0.0.130:8787/storage/20250611/24055f44eb4da99da3ad041c68a77f49b454f39b.mp4', NULL, 4, 4, '2025-06-11 10:07:55', '2025-06-11 10:07:55', NULL);
INSERT INTO `sa_system_attachment` (`id`, `storage_mode`, `origin_name`, `object_name`, `hash`, `mime_type`, `storage_path`, `suffix`, `size_byte`, `size_info`, `url`, `remark`, `created_by`, `updated_by`, `create_time`, `update_time`, `delete_time`) VALUES (54, 1, '【2022小宇宙计划】象群挽歌.mp4', '4a544c73981fc320d84bff6e51a43f01a67463ec.mp4', '4a544c73981fc320d84bff6e51a43f01a67463ec', 'video/mp4', 'public/storage/20250611/4a544c73981fc320d84bff6e51a43f01a67463ec.mp4', 'mp4', 178177853, '169.92 MB', 'http://10.0.0.130:8787/storage/20250611/4a544c73981fc320d84bff6e51a43f01a67463ec.mp4', NULL, 4, 4, '2025-06-11 10:49:55', '2025-06-11 10:49:55', NULL);
INSERT INTO `sa_system_attachment` (`id`, `storage_mode`, `origin_name`, `object_name`, `hash`, `mime_type`, `storage_path`, `suffix`, `size_byte`, `size_info`, `url`, `remark`, `created_by`, `updated_by`, `create_time`, `update_time`, `delete_time`) VALUES (55, 1, '8b7b225e90265b9564d314d542a32d54.mp4', '9a8b6298d087de3513f29f72ce9e486fc9bd69f4.mp4', '9a8b6298d087de3513f29f72ce9e486fc9bd69f4', 'video/mp4', 'public/storage/20250612/9a8b6298d087de3513f29f72ce9e486fc9bd69f4.mp4', 'mp4', 7441470, '7.1 MB', 'http://10.0.0.130:8787/storage/20250612/9a8b6298d087de3513f29f72ce9e486fc9bd69f4.mp4', NULL, 4, 4, '2025-06-12 06:12:36', '2025-06-12 06:12:36', NULL);
INSERT INTO `sa_system_attachment` (`id`, `storage_mode`, `origin_name`, `object_name`, `hash`, `mime_type`, `storage_path`, `suffix`, `size_byte`, `size_info`, `url`, `remark`, `created_by`, `updated_by`, `create_time`, `update_time`, `delete_time`) VALUES (56, 1, 'task_46_video_1749679962_extracted.mp3', '380d9b5a52ad238badc848da68f4c363c712240e.mp3', '380d9b5a52ad238badc848da68f4c363c712240e', 'audio/mpeg', 'public/storage/queue/20250612/380d9b5a52ad238badc848da68f4c363c712240e.mp3', 'mp3', 620535, '605.99 KB', 'http://10.0.0.130:8787/storage/queue/20250612/380d9b5a52ad238badc848da68f4c363c712240e.mp3', NULL, NULL, NULL, '2025-06-12 06:12:45', '2025-06-12 06:12:45', NULL);
INSERT INTO `sa_system_attachment` (`id`, `storage_mode`, `origin_name`, `object_name`, `hash`, `mime_type`, `storage_path`, `suffix`, `size_byte`, `size_info`, `url`, `remark`, `created_by`, `updated_by`, `create_time`, `update_time`, `delete_time`) VALUES (57, 1, '8fa1ab2da22ea241a81d7da4b41ef7d8.mp4', '8ba8530a67f16a62cd31f1d30f748d7e2f9f196e.mp4', '8ba8530a67f16a62cd31f1d30f748d7e2f9f196e', 'video/mp4', 'public/storage/20250612/8ba8530a67f16a62cd31f1d30f748d7e2f9f196e.mp4', 'mp4', 2852225, '2.72 MB', 'http://10.0.0.130:8787/storage/20250612/8ba8530a67f16a62cd31f1d30f748d7e2f9f196e.mp4', NULL, 4, 4, '2025-06-12 07:04:26', '2025-06-12 07:04:26', NULL);
INSERT INTO `sa_system_attachment` (`id`, `storage_mode`, `origin_name`, `object_name`, `hash`, `mime_type`, `storage_path`, `suffix`, `size_byte`, `size_info`, `url`, `remark`, `created_by`, `updated_by`, `create_time`, `update_time`, `delete_time`) VALUES (58, 1, 'd353731779bb14c91ab50abea41b2a1f.mp4', 'b980449f5979b751d10a1a6e11a58ad7808bd94f.mp4', 'b980449f5979b751d10a1a6e11a58ad7808bd94f', 'video/mp4', 'public/storage/20250612/b980449f5979b751d10a1a6e11a58ad7808bd94f.mp4', 'mp4', 2574610, '2.46 MB', 'http://10.0.0.130:8787/storage/20250612/b980449f5979b751d10a1a6e11a58ad7808bd94f.mp4', NULL, 4, 4, '2025-06-12 07:07:40', '2025-06-12 07:07:40', NULL);
INSERT INTO `sa_system_attachment` (`id`, `storage_mode`, `origin_name`, `object_name`, `hash`, `mime_type`, `storage_path`, `suffix`, `size_byte`, `size_info`, `url`, `remark`, `created_by`, `updated_by`, `create_time`, `update_time`, `delete_time`) VALUES (59, 1, 'task_48_video_1749683262_extracted.mp3', 'ade4ae7312396f97a9deac842939c6281dab8f66.mp3', 'ade4ae7312396f97a9deac842939c6281dab8f66', 'audio/mpeg', 'public/storage/queue/20250612/ade4ae7312396f97a9deac842939c6281dab8f66.mp3', 'mp3', 269031, '262.73 KB', 'http://10.0.0.130:8787/storage/queue/20250612/ade4ae7312396f97a9deac842939c6281dab8f66.mp3', NULL, NULL, NULL, '2025-06-12 07:07:43', '2025-06-12 07:07:43', NULL);
INSERT INTO `sa_system_attachment` (`id`, `storage_mode`, `origin_name`, `object_name`, `hash`, `mime_type`, `storage_path`, `suffix`, `size_byte`, `size_info`, `url`, `remark`, `created_by`, `updated_by`, `create_time`, `update_time`, `delete_time`) VALUES (60, 1, '0a1a82ac660b09451df86671d73e6d4e.mp4', '026b57327859f606b414cdac6f35b81777b7ebd8.mp4', '026b57327859f606b414cdac6f35b81777b7ebd8', 'video/mp4', 'public/storage/20250612/026b57327859f606b414cdac6f35b81777b7ebd8.mp4', 'mp4', 1702717, '1.62 MB', 'http://10.0.0.130:8787/storage/20250612/026b57327859f606b414cdac6f35b81777b7ebd8.mp4', NULL, 4, 4, '2025-06-12 07:15:40', '2025-06-12 07:15:40', NULL);
INSERT INTO `sa_system_attachment` (`id`, `storage_mode`, `origin_name`, `object_name`, `hash`, `mime_type`, `storage_path`, `suffix`, `size_byte`, `size_info`, `url`, `remark`, `created_by`, `updated_by`, `create_time`, `update_time`, `delete_time`) VALUES (61, 1, '025ab68dca479212336e7ad7724fbc1c.mp4', '1852466255bccbe3121bf3110c8939556ef06faa.mp4', '1852466255bccbe3121bf3110c8939556ef06faa', 'video/mp4', 'public/storage/20250612/1852466255bccbe3121bf3110c8939556ef06faa.mp4', 'mp4', 3941284, '3.76 MB', 'http://10.0.0.130:8787/storage/20250612/1852466255bccbe3121bf3110c8939556ef06faa.mp4', NULL, 4, 4, '2025-06-12 07:15:40', '2025-06-12 07:15:40', NULL);
INSERT INTO `sa_system_attachment` (`id`, `storage_mode`, `origin_name`, `object_name`, `hash`, `mime_type`, `storage_path`, `suffix`, `size_byte`, `size_info`, `url`, `remark`, `created_by`, `updated_by`, `create_time`, `update_time`, `delete_time`) VALUES (62, 1, 'task_49_video_1749683767_extracted.mp3', '0d8227f13865c1dee63974ea6211d181ed69068e.mp3', '0d8227f13865c1dee63974ea6211d181ed69068e', 'audio/mpeg', 'public/storage/queue/20250612/0d8227f13865c1dee63974ea6211d181ed69068e.mp3', 'mp3', 139882, '136.6 KB', 'http://10.0.0.130:8787/storage/queue/20250612/0d8227f13865c1dee63974ea6211d181ed69068e.mp3', NULL, NULL, NULL, '2025-06-12 07:16:08', '2025-06-12 07:16:08', NULL);
INSERT INTO `sa_system_attachment` (`id`, `storage_mode`, `origin_name`, `object_name`, `hash`, `mime_type`, `storage_path`, `suffix`, `size_byte`, `size_info`, `url`, `remark`, `created_by`, `updated_by`, `create_time`, `update_time`, `delete_time`) VALUES (63, 1, 'task_50_video_1749683767_extracted.mp3', '71688fdaccc901abc7961662421f8f57feff4889.mp3', '71688fdaccc901abc7961662421f8f57feff4889', 'audio/mpeg', 'public/storage/queue/20250612/71688fdaccc901abc7961662421f8f57feff4889.mp3', 'mp3', 327124, '319.46 KB', 'http://10.0.0.130:8787/storage/queue/20250612/71688fdaccc901abc7961662421f8f57feff4889.mp3', NULL, NULL, NULL, '2025-06-12 07:16:08', '2025-06-12 07:16:08', NULL);
INSERT INTO `sa_system_attachment` (`id`, `storage_mode`, `origin_name`, `object_name`, `hash`, `mime_type`, `storage_path`, `suffix`, `size_byte`, `size_info`, `url`, `remark`, `created_by`, `updated_by`, `create_time`, `update_time`, `delete_time`) VALUES (64, 1, 'e8389b0c916d2b3484fc06e6de706208.mp4', '8bc266b3acf92e09b62d4b99d89073b5c0b2cb5a.mp4', '8bc266b3acf92e09b62d4b99d89073b5c0b2cb5a', 'video/mp4', 'public/storage/20250612/8bc266b3acf92e09b62d4b99d89073b5c0b2cb5a.mp4', 'mp4', 5446860, '5.19 MB', 'http://10.0.0.130:8787/storage/20250612/8bc266b3acf92e09b62d4b99d89073b5c0b2cb5a.mp4', NULL, 4, 4, '2025-06-12 07:19:18', '2025-06-12 07:19:18', NULL);
INSERT INTO `sa_system_attachment` (`id`, `storage_mode`, `origin_name`, `object_name`, `hash`, `mime_type`, `storage_path`, `suffix`, `size_byte`, `size_info`, `url`, `remark`, `created_by`, `updated_by`, `create_time`, `update_time`, `delete_time`) VALUES (65, 1, 'task_51_video_1749683960_extracted.mp3', 'c2ffd4161b400f3f296df26755b499adcd1468e6.mp3', 'c2ffd4161b400f3f296df26755b499adcd1468e6', 'audio/mpeg', 'public/storage/queue/20250612/c2ffd4161b400f3f296df26755b499adcd1468e6.mp3', 'mp3', 419497, '409.67 KB', 'http://10.0.0.130:8787/storage/queue/20250612/c2ffd4161b400f3f296df26755b499adcd1468e6.mp3', NULL, NULL, NULL, '2025-06-12 07:19:21', '2025-06-12 07:19:21', NULL);
INSERT INTO `sa_system_attachment` (`id`, `storage_mode`, `origin_name`, `object_name`, `hash`, `mime_type`, `storage_path`, `suffix`, `size_byte`, `size_info`, `url`, `remark`, `created_by`, `updated_by`, `create_time`, `update_time`, `delete_time`) VALUES (66, 1, '3e9e3ab5b5d4ebde9b6f35b0d5a8c57d.mp4', '002a9610d121cdea8d9e08b2fd697b2f33c5ea65.mp4', '002a9610d121cdea8d9e08b2fd697b2f33c5ea65', 'video/mp4', 'public/storage/20250612/002a9610d121cdea8d9e08b2fd697b2f33c5ea65.mp4', 'mp4', 3033673, '2.89 MB', 'http://10.0.0.130:8787/storage/20250612/002a9610d121cdea8d9e08b2fd697b2f33c5ea65.mp4', NULL, 4, 4, '2025-06-12 07:22:03', '2025-06-12 07:22:03', NULL);
INSERT INTO `sa_system_attachment` (`id`, `storage_mode`, `origin_name`, `object_name`, `hash`, `mime_type`, `storage_path`, `suffix`, `size_byte`, `size_info`, `url`, `remark`, `created_by`, `updated_by`, `create_time`, `update_time`, `delete_time`) VALUES (67, 1, 'task_52_video_1749684126_extracted.mp3', '0a0dc8406a6c0c23b63345eb54c69d5e7230f6ef.mp3', '0a0dc8406a6c0c23b63345eb54c69d5e7230f6ef', 'audio/mpeg', 'public/storage/queue/20250612/0a0dc8406a6c0c23b63345eb54c69d5e7230f6ef.mp3', 'mp3', 255239, '249.26 KB', 'http://10.0.0.130:8787/storage/queue/20250612/0a0dc8406a6c0c23b63345eb54c69d5e7230f6ef.mp3', NULL, NULL, NULL, '2025-06-12 07:22:07', '2025-06-12 07:22:07', NULL);
INSERT INTO `sa_system_attachment` (`id`, `storage_mode`, `origin_name`, `object_name`, `hash`, `mime_type`, `storage_path`, `suffix`, `size_byte`, `size_info`, `url`, `remark`, `created_by`, `updated_by`, `create_time`, `update_time`, `delete_time`) VALUES (68, 1, '3f866444011ce461ad1bc0679cf9e181.mp4', '43193dff4625d63a2e09c9b66f8205d21e0d4644.mp4', '43193dff4625d63a2e09c9b66f8205d21e0d4644', 'video/mp4', 'public/storage/20250612/43193dff4625d63a2e09c9b66f8205d21e0d4644.mp4', 'mp4', 1812400, '1.73 MB', 'http://10.0.0.130:8787/storage/20250612/43193dff4625d63a2e09c9b66f8205d21e0d4644.mp4', NULL, 4, 4, '2025-06-12 07:28:45', '2025-06-12 07:28:45', NULL);
INSERT INTO `sa_system_attachment` (`id`, `storage_mode`, `origin_name`, `object_name`, `hash`, `mime_type`, `storage_path`, `suffix`, `size_byte`, `size_info`, `url`, `remark`, `created_by`, `updated_by`, `create_time`, `update_time`, `delete_time`) VALUES (69, 1, 'task_53_video_1749684527_extracted.mp3', '45ba15a1b88f958f4bf043e50d38361d47005540.mp3', '45ba15a1b88f958f4bf043e50d38361d47005540', 'audio/mpeg', 'public/storage/queue/20250612/45ba15a1b88f958f4bf043e50d38361d47005540.mp3', 'mp3', 114801, '112.11 KB', 'http://10.0.0.130:8787/storage/queue/20250612/45ba15a1b88f958f4bf043e50d38361d47005540.mp3', NULL, NULL, NULL, '2025-06-12 07:28:48', '2025-06-12 07:28:48', NULL);
INSERT INTO `sa_system_attachment` (`id`, `storage_mode`, `origin_name`, `object_name`, `hash`, `mime_type`, `storage_path`, `suffix`, `size_byte`, `size_info`, `url`, `remark`, `created_by`, `updated_by`, `create_time`, `update_time`, `delete_time`) VALUES (70, 1, '45ba15a1b88f958f4bf043e50d38361d47005540_cleared.wav', '872cb1fc3cbe869acf4b30a0021d1b4a6cddfc2d.wav', '872cb1fc3cbe869acf4b30a0021d1b4a6cddfc2d', 'audio/wav', 'public/storage/queue/20250612/872cb1fc3cbe869acf4b30a0021d1b4a6cddfc2d.wav', 'wav', 114303, '111.62 KB', 'http://10.0.0.130:8787/storage/queue/20250612/872cb1fc3cbe869acf4b30a0021d1b4a6cddfc2d.wav', NULL, NULL, NULL, '2025-06-12 07:28:50', '2025-06-12 07:28:50', NULL);
INSERT INTO `sa_system_attachment` (`id`, `storage_mode`, `origin_name`, `object_name`, `hash`, `mime_type`, `storage_path`, `suffix`, `size_byte`, `size_info`, `url`, `remark`, `created_by`, `updated_by`, `create_time`, `update_time`, `delete_time`) VALUES (71, 1, '3ea42ebda4e834295d1f42ffe1fab429.mp4', '359e795b736bebff3889f19a6300107bab303810.mp4', '359e795b736bebff3889f19a6300107bab303810', 'video/mp4', 'public/storage/20250612/359e795b736bebff3889f19a6300107bab303810.mp4', 'mp4', 4292839, '4.09 MB', 'http://10.0.0.130:8787/storage/20250612/359e795b736bebff3889f19a6300107bab303810.mp4', NULL, 4, 4, '2025-06-12 07:36:13', '2025-06-12 07:36:13', NULL);
INSERT INTO `sa_system_attachment` (`id`, `storage_mode`, `origin_name`, `object_name`, `hash`, `mime_type`, `storage_path`, `suffix`, `size_byte`, `size_info`, `url`, `remark`, `created_by`, `updated_by`, `create_time`, `update_time`, `delete_time`) VALUES (72, 1, '17.1m.mp4', '2fc0988399697866f6f8504d4705721cc062a2a0.mp4', '2fc0988399697866f6f8504d4705721cc062a2a0', 'video/mp4', 'public/storage/20250612/2fc0988399697866f6f8504d4705721cc062a2a0.mp4', 'mp4', 17085676, '16.29 MB', 'http://10.0.0.130:8787/storage/20250612/2fc0988399697866f6f8504d4705721cc062a2a0.mp4', NULL, 4, 4, '2025-06-12 07:36:13', '2025-06-12 07:36:13', NULL);
INSERT INTO `sa_system_attachment` (`id`, `storage_mode`, `origin_name`, `object_name`, `hash`, `mime_type`, `storage_path`, `suffix`, `size_byte`, `size_info`, `url`, `remark`, `created_by`, `updated_by`, `create_time`, `update_time`, `delete_time`) VALUES (73, 1, '21c70d839d8a57c4cc4594db2e2e1f51.mp4', '3c1bf2473eadeb0d641e3236121807adb83f9ebc.mp4', '3c1bf2473eadeb0d641e3236121807adb83f9ebc', 'video/mp4', 'public/storage/20250612/3c1bf2473eadeb0d641e3236121807adb83f9ebc.mp4', 'mp4', 3541189, '3.38 MB', 'http://10.0.0.130:8787/storage/20250612/3c1bf2473eadeb0d641e3236121807adb83f9ebc.mp4', NULL, 4, 4, '2025-06-12 07:36:14', '2025-06-12 07:36:14', NULL);
INSERT INTO `sa_system_attachment` (`id`, `storage_mode`, `origin_name`, `object_name`, `hash`, `mime_type`, `storage_path`, `suffix`, `size_byte`, `size_info`, `url`, `remark`, `created_by`, `updated_by`, `create_time`, `update_time`, `delete_time`) VALUES (74, 1, 'task_54_video_1749684977_extracted.mp3', 'a275a98cdf5912e9c795131db4ef38aaf1906d35.mp3', 'a275a98cdf5912e9c795131db4ef38aaf1906d35', 'audio/mpeg', 'public/storage/queue/20250612/a275a98cdf5912e9c795131db4ef38aaf1906d35.mp3', 'mp3', 238936, '233.34 KB', 'http://10.0.0.130:8787/storage/queue/20250612/a275a98cdf5912e9c795131db4ef38aaf1906d35.mp3', NULL, NULL, NULL, '2025-06-12 07:36:17', '2025-06-12 07:36:17', NULL);
INSERT INTO `sa_system_attachment` (`id`, `storage_mode`, `origin_name`, `object_name`, `hash`, `mime_type`, `storage_path`, `suffix`, `size_byte`, `size_info`, `url`, `remark`, `created_by`, `updated_by`, `create_time`, `update_time`, `delete_time`) VALUES (75, 1, 'task_55_video_1749684977_extracted.mp3', '41b8be1512abae829677b8355130f8cc90b9b6f8.mp3', '41b8be1512abae829677b8355130f8cc90b9b6f8', 'audio/mpeg', 'public/storage/queue/20250612/41b8be1512abae829677b8355130f8cc90b9b6f8.mp3', 'mp3', 2362483, '2.25 MB', 'http://10.0.0.130:8787/storage/queue/20250612/41b8be1512abae829677b8355130f8cc90b9b6f8.mp3', NULL, NULL, NULL, '2025-06-12 07:36:19', '2025-06-12 07:36:19', NULL);
INSERT INTO `sa_system_attachment` (`id`, `storage_mode`, `origin_name`, `object_name`, `hash`, `mime_type`, `storage_path`, `suffix`, `size_byte`, `size_info`, `url`, `remark`, `created_by`, `updated_by`, `create_time`, `update_time`, `delete_time`) VALUES (76, 1, 'task_56_video_1749684978_extracted.mp3', 'e08b5c8d974c82747603f424b45880fae68d656b.mp3', 'e08b5c8d974c82747603f424b45880fae68d656b', 'audio/mpeg', 'public/storage/queue/20250612/e08b5c8d974c82747603f424b45880fae68d656b.mp3', 'mp3', 147403, '143.95 KB', 'http://10.0.0.130:8787/storage/queue/20250612/e08b5c8d974c82747603f424b45880fae68d656b.mp3', NULL, NULL, NULL, '2025-06-12 07:36:19', '2025-06-12 07:36:19', NULL);
INSERT INTO `sa_system_attachment` (`id`, `storage_mode`, `origin_name`, `object_name`, `hash`, `mime_type`, `storage_path`, `suffix`, `size_byte`, `size_info`, `url`, `remark`, `created_by`, `updated_by`, `create_time`, `update_time`, `delete_time`) VALUES (77, 1, 'a275a98cdf5912e9c795131db4ef38aaf1906d35_cleared.wav', 'ad7d704891391e3c61bca13cbea082e112231316.wav', 'ad7d704891391e3c61bca13cbea082e112231316', 'audio/wav', 'public/storage/queue/20250612/ad7d704891391e3c61bca13cbea082e112231316.wav', 'wav', 238152, '232.57 KB', 'http://10.0.0.130:8787/storage/queue/20250612/ad7d704891391e3c61bca13cbea082e112231316.wav', NULL, NULL, NULL, '2025-06-12 07:36:20', '2025-06-12 07:36:20', NULL);
INSERT INTO `sa_system_attachment` (`id`, `storage_mode`, `origin_name`, `object_name`, `hash`, `mime_type`, `storage_path`, `suffix`, `size_byte`, `size_info`, `url`, `remark`, `created_by`, `updated_by`, `create_time`, `update_time`, `delete_time`) VALUES (78, 1, '41b8be1512abae829677b8355130f8cc90b9b6f8_cleared.wav', 'ba3436fe70ef9ed06e224e025f1a04d8e1055962.wav', 'ba3436fe70ef9ed06e224e025f1a04d8e1055962', 'audio/wav', 'public/storage/queue/20250612/ba3436fe70ef9ed06e224e025f1a04d8e1055962.wav', 'wav', 2357346, '2.25 MB', 'http://10.0.0.130:8787/storage/queue/20250612/ba3436fe70ef9ed06e224e025f1a04d8e1055962.wav', NULL, NULL, NULL, '2025-06-12 07:36:37', '2025-06-12 07:36:37', NULL);
INSERT INTO `sa_system_attachment` (`id`, `storage_mode`, `origin_name`, `object_name`, `hash`, `mime_type`, `storage_path`, `suffix`, `size_byte`, `size_info`, `url`, `remark`, `created_by`, `updated_by`, `create_time`, `update_time`, `delete_time`) VALUES (79, 1, 'e08b5c8d974c82747603f424b45880fae68d656b_cleared.wav', 'e8784e7e000425acc02d41c863daa027d771083f.wav', 'e8784e7e000425acc02d41c863daa027d771083f', 'audio/wav', 'public/storage/queue/20250612/e8784e7e000425acc02d41c863daa027d771083f.wav', 'wav', 146829, '143.39 KB', 'http://10.0.0.130:8787/storage/queue/20250612/e8784e7e000425acc02d41c863daa027d771083f.wav', NULL, NULL, NULL, '2025-06-12 07:36:38', '2025-06-12 07:36:38', NULL);
INSERT INTO `sa_system_attachment` (`id`, `storage_mode`, `origin_name`, `object_name`, `hash`, `mime_type`, `storage_path`, `suffix`, `size_byte`, `size_info`, `url`, `remark`, `created_by`, `updated_by`, `create_time`, `update_time`, `delete_time`) VALUES (80, 1, '35a8d146f7ab73cf0ce2a9d97ba473e1.mp4', '1852466255bccbe3121bf3110c8939556ef06faa.mp4', '1852466255bccbe3121bf3110c8939556ef06faa', 'video/mp4', 'public/storage/20250612/1852466255bccbe3121bf3110c8939556ef06faa.mp4', 'mp4', 3941284, '3.76 MB', 'http://10.0.0.130:8787/storage/20250612/1852466255bccbe3121bf3110c8939556ef06faa.mp4', NULL, 4, 4, '2025-06-12 10:20:37', '2025-06-12 10:20:37', NULL);
INSERT INTO `sa_system_attachment` (`id`, `storage_mode`, `origin_name`, `object_name`, `hash`, `mime_type`, `storage_path`, `suffix`, `size_byte`, `size_info`, `url`, `remark`, `created_by`, `updated_by`, `create_time`, `update_time`, `delete_time`) VALUES (81, 1, 'task_57_video_1749694840_extracted.mp3', '71688fdaccc901abc7961662421f8f57feff4889.mp3', '71688fdaccc901abc7961662421f8f57feff4889', 'audio/mpeg', 'public/storage/queue/20250612/71688fdaccc901abc7961662421f8f57feff4889.mp3', 'mp3', 327124, '319.46 KB', 'http://10.0.0.130:8787/storage/queue/20250612/71688fdaccc901abc7961662421f8f57feff4889.mp3', NULL, NULL, NULL, '2025-06-12 10:20:41', '2025-06-12 10:20:41', NULL);
INSERT INTO `sa_system_attachment` (`id`, `storage_mode`, `origin_name`, `object_name`, `hash`, `mime_type`, `storage_path`, `suffix`, `size_byte`, `size_info`, `url`, `remark`, `created_by`, `updated_by`, `create_time`, `update_time`, `delete_time`) VALUES (82, 1, '71688fdaccc901abc7961662421f8f57feff4889_cleared.wav', '54b9a8b90372447ac2818a7dac3acd559af659fd.wav', '54b9a8b90372447ac2818a7dac3acd559af659fd', 'audio/wav', 'public/storage/queue/20250612/54b9a8b90372447ac2818a7dac3acd559af659fd.wav', 'wav', 326556, '318.9 KB', 'http://10.0.0.130:8787/storage/queue/20250612/54b9a8b90372447ac2818a7dac3acd559af659fd.wav', NULL, NULL, NULL, '2025-06-12 10:21:06', '2025-06-12 10:21:06', NULL);
INSERT INTO `sa_system_attachment` (`id`, `storage_mode`, `origin_name`, `object_name`, `hash`, `mime_type`, `storage_path`, `suffix`, `size_byte`, `size_info`, `url`, `remark`, `created_by`, `updated_by`, `create_time`, `update_time`, `delete_time`) VALUES (83, 1, '3e9e3ab5b5d4ebde9b6f35b0d5a8c57d.mp4', '002a9610d121cdea8d9e08b2fd697b2f33c5ea65.mp4', '002a9610d121cdea8d9e08b2fd697b2f33c5ea65', 'video/mp4', 'public/storage/20250612/002a9610d121cdea8d9e08b2fd697b2f33c5ea65.mp4', 'mp4', 3033673, '2.89 MB', 'http://10.0.0.130:8787/storage/20250612/002a9610d121cdea8d9e08b2fd697b2f33c5ea65.mp4', NULL, 4, 4, '2025-06-12 10:48:41', '2025-06-12 10:48:41', NULL);
INSERT INTO `sa_system_attachment` (`id`, `storage_mode`, `origin_name`, `object_name`, `hash`, `mime_type`, `storage_path`, `suffix`, `size_byte`, `size_info`, `url`, `remark`, `created_by`, `updated_by`, `create_time`, `update_time`, `delete_time`) VALUES (84, 1, 'task_58_video_1749696523_extracted.mp3', '0a0dc8406a6c0c23b63345eb54c69d5e7230f6ef.mp3', '0a0dc8406a6c0c23b63345eb54c69d5e7230f6ef', 'audio/mpeg', 'public/storage/queue/20250612/0a0dc8406a6c0c23b63345eb54c69d5e7230f6ef.mp3', 'mp3', 255239, '249.26 KB', 'http://10.0.0.130:8787/storage/queue/20250612/0a0dc8406a6c0c23b63345eb54c69d5e7230f6ef.mp3', NULL, NULL, NULL, '2025-06-12 10:48:44', '2025-06-12 10:48:44', NULL);
INSERT INTO `sa_system_attachment` (`id`, `storage_mode`, `origin_name`, `object_name`, `hash`, `mime_type`, `storage_path`, `suffix`, `size_byte`, `size_info`, `url`, `remark`, `created_by`, `updated_by`, `create_time`, `update_time`, `delete_time`) VALUES (85, 1, '0a0dc8406a6c0c23b63345eb54c69d5e7230f6ef_cleared.wav', 'f9821094ec5bbafa5ee5cea7a7c3b7156c1f46ce.wav', 'f9821094ec5bbafa5ee5cea7a7c3b7156c1f46ce', 'audio/wav', 'public/storage/queue/20250612/f9821094ec5bbafa5ee5cea7a7c3b7156c1f46ce.wav', 'wav', 254415, '248.45 KB', 'http://10.0.0.130:8787/storage/queue/20250612/f9821094ec5bbafa5ee5cea7a7c3b7156c1f46ce.wav', NULL, NULL, NULL, '2025-06-12 10:48:46', '2025-06-12 10:48:46', NULL);
INSERT INTO `sa_system_attachment` (`id`, `storage_mode`, `origin_name`, `object_name`, `hash`, `mime_type`, `storage_path`, `suffix`, `size_byte`, `size_info`, `url`, `remark`, `created_by`, `updated_by`, `create_time`, `update_time`, `delete_time`) VALUES (86, 1, 'G0009_S0001_0_SPK008.wav', '07af7b9787cae1ef6a03da6f3de2cfa1415206ae.wav', '07af7b9787cae1ef6a03da6f3de2cfa1415206ae', 'audio/wave', 'public/storage/20250612/07af7b9787cae1ef6a03da6f3de2cfa1415206ae.wav', 'wav', 60020098, '57.24 MB', 'http://10.0.0.130:8787/storage/20250612/07af7b9787cae1ef6a03da6f3de2cfa1415206ae.wav', NULL, 4, 4, '2025-06-12 10:56:38', '2025-06-12 10:56:38', NULL);
INSERT INTO `sa_system_attachment` (`id`, `storage_mode`, `origin_name`, `object_name`, `hash`, `mime_type`, `storage_path`, `suffix`, `size_byte`, `size_info`, `url`, `remark`, `created_by`, `updated_by`, `create_time`, `update_time`, `delete_time`) VALUES (87, 1, '07af7b9787cae1ef6a03da6f3de2cfa1415206ae_cleared.wav', '8b6bcbc14f16bb770db4b6731ce6ec7a7b366296.wav', '8b6bcbc14f16bb770db4b6731ce6ec7a7b366296', 'audio/wav', 'public/storage/queue/20250612/8b6bcbc14f16bb770db4b6731ce6ec7a7b366296.wav', 'wav', 60020098, '57.24 MB', 'http://10.0.0.130:8787/storage/queue/20250612/8b6bcbc14f16bb770db4b6731ce6ec7a7b366296.wav', NULL, NULL, NULL, '2025-06-12 11:25:54', '2025-06-12 11:25:54', NULL);
INSERT INTO `sa_system_attachment` (`id`, `storage_mode`, `origin_name`, `object_name`, `hash`, `mime_type`, `storage_path`, `suffix`, `size_byte`, `size_info`, `url`, `remark`, `created_by`, `updated_by`, `create_time`, `update_time`, `delete_time`) VALUES (88, 1, 'G0013_S0002_0_SPK003.wav', '49f98bd52a5c53ca1648c011116030b52f1f4ea1.wav', '49f98bd52a5c53ca1648c011116030b52f1f4ea1', 'audio/wave', 'public/storage/20250613/49f98bd52a5c53ca1648c011116030b52f1f4ea1.wav', 'wav', 64820610, '61.82 MB', 'http://10.0.0.130:8787/storage/20250613/49f98bd52a5c53ca1648c011116030b52f1f4ea1.wav', NULL, 4, 4, '2025-06-13 09:18:39', '2025-06-13 09:18:39', NULL);
INSERT INTO `sa_system_attachment` (`id`, `storage_mode`, `origin_name`, `object_name`, `hash`, `mime_type`, `storage_path`, `suffix`, `size_byte`, `size_info`, `url`, `remark`, `created_by`, `updated_by`, `create_time`, `update_time`, `delete_time`) VALUES (89, 1, '49f98bd52a5c53ca1648c011116030b52f1f4ea1_cleared.wav', 'db6cb431be9717df049cce8f6d30e3fc94590a41.wav', 'db6cb431be9717df049cce8f6d30e3fc94590a41', 'audio/wav', 'public/storage/queue/20250613/db6cb431be9717df049cce8f6d30e3fc94590a41.wav', 'wav', 64820610, '61.82 MB', 'http://10.0.0.130:8787/storage/queue/20250613/db6cb431be9717df049cce8f6d30e3fc94590a41.wav', NULL, NULL, NULL, '2025-06-13 09:20:26', '2025-06-13 09:20:26', NULL);
INSERT INTO `sa_system_attachment` (`id`, `storage_mode`, `origin_name`, `object_name`, `hash`, `mime_type`, `storage_path`, `suffix`, `size_byte`, `size_info`, `url`, `remark`, `created_by`, `updated_by`, `create_time`, `update_time`, `delete_time`) VALUES (90, 1, 'G0013_S0002_0_SPK005.wav', '7c1b583d214f45250a7cfcbe2601f6a2fa6ee6c1.wav', '7c1b583d214f45250a7cfcbe2601f6a2fa6ee6c1', 'audio/wave', 'public/storage/20250613/7c1b583d214f45250a7cfcbe2601f6a2fa6ee6c1.wav', 'wav', 64817196, '61.81 MB', 'http://10.0.0.130:8787/storage/20250613/7c1b583d214f45250a7cfcbe2601f6a2fa6ee6c1.wav', NULL, 4, 4, '2025-06-13 09:24:10', '2025-06-13 09:24:10', NULL);
INSERT INTO `sa_system_attachment` (`id`, `storage_mode`, `origin_name`, `object_name`, `hash`, `mime_type`, `storage_path`, `suffix`, `size_byte`, `size_info`, `url`, `remark`, `created_by`, `updated_by`, `create_time`, `update_time`, `delete_time`) VALUES (91, 1, '7c1b583d214f45250a7cfcbe2601f6a2fa6ee6c1_cleared.wav', '7ae4cb285371c2f415ed7197f1617d761bb1f10d.wav', '7ae4cb285371c2f415ed7197f1617d761bb1f10d', 'audio/wav', 'public/storage/queue/20250613/7ae4cb285371c2f415ed7197f1617d761bb1f10d.wav', 'wav', 64817196, '61.81 MB', 'http://10.0.0.130:8787/storage/queue/20250613/7ae4cb285371c2f415ed7197f1617d761bb1f10d.wav', NULL, NULL, NULL, '2025-06-13 09:26:00', '2025-06-13 09:26:00', NULL);
INSERT INTO `sa_system_attachment` (`id`, `storage_mode`, `origin_name`, `object_name`, `hash`, `mime_type`, `storage_path`, `suffix`, `size_byte`, `size_info`, `url`, `remark`, `created_by`, `updated_by`, `create_time`, `update_time`, `delete_time`) VALUES (92, 1, 'G0006_S0001_0_SPK005.wav', '2c96217eb28c436f312aa06fe7d9b59efebcd97b.wav', '2c96217eb28c436f312aa06fe7d9b59efebcd97b', 'audio/wave', 'public/storage/20250613/2c96217eb28c436f312aa06fe7d9b59efebcd97b.wav', 'wav', 78944982, '75.29 MB', 'http://10.0.0.130:8787/storage/20250613/2c96217eb28c436f312aa06fe7d9b59efebcd97b.wav', NULL, 4, 4, '2025-06-13 09:56:16', '2025-06-13 09:56:16', NULL);
INSERT INTO `sa_system_attachment` (`id`, `storage_mode`, `origin_name`, `object_name`, `hash`, `mime_type`, `storage_path`, `suffix`, `size_byte`, `size_info`, `url`, `remark`, `created_by`, `updated_by`, `create_time`, `update_time`, `delete_time`) VALUES (93, 1, 'G0006_S0001_0_SPK007.wav', '968991bd92eb7246e44174b4f7ef83cdd3f51198.wav', '968991bd92eb7246e44174b4f7ef83cdd3f51198', 'audio/wave', 'public/storage/20250613/968991bd92eb7246e44174b4f7ef83cdd3f51198.wav', 'wav', 86582658, '82.57 MB', 'http://10.0.0.130:8787/storage/20250613/968991bd92eb7246e44174b4f7ef83cdd3f51198.wav', NULL, 4, 4, '2025-06-13 09:59:46', '2025-06-13 09:59:46', NULL);
INSERT INTO `sa_system_attachment` (`id`, `storage_mode`, `origin_name`, `object_name`, `hash`, `mime_type`, `storage_path`, `suffix`, `size_byte`, `size_info`, `url`, `remark`, `created_by`, `updated_by`, `create_time`, `update_time`, `delete_time`) VALUES (94, 1, '968991bd92eb7246e44174b4f7ef83cdd3f51198_cleared.wav', '73b9cd8f0a5e6926b64e58d26a5a57092e9e2f0a.wav', '73b9cd8f0a5e6926b64e58d26a5a57092e9e2f0a', 'audio/wav', 'public/storage/queue/20250613/73b9cd8f0a5e6926b64e58d26a5a57092e9e2f0a.wav', 'wav', 86582658, '82.57 MB', 'http://10.0.0.130:8787/storage/queue/20250613/73b9cd8f0a5e6926b64e58d26a5a57092e9e2f0a.wav', NULL, NULL, NULL, '2025-06-13 10:02:30', '2025-06-13 10:02:30', NULL);
INSERT INTO `sa_system_attachment` (`id`, `storage_mode`, `origin_name`, `object_name`, `hash`, `mime_type`, `storage_path`, `suffix`, `size_byte`, `size_info`, `url`, `remark`, `created_by`, `updated_by`, `create_time`, `update_time`, `delete_time`) VALUES (95, 1, 'G0007_S0001_0_SPK001.wav', '5e28aab52247a1a62f26eecd80cb122f3c5ff160.wav', '5e28aab52247a1a62f26eecd80cb122f3c5ff160', 'audio/wave', 'public/storage/20250614/5e28aab52247a1a62f26eecd80cb122f3c5ff160.wav', 'wav', 67867350, '64.72 MB', 'http://10.0.0.130:8787/storage/20250614/5e28aab52247a1a62f26eecd80cb122f3c5ff160.wav', NULL, 4, 4, '2025-06-14 20:51:29', '2025-06-14 20:51:29', NULL);
INSERT INTO `sa_system_attachment` (`id`, `storage_mode`, `origin_name`, `object_name`, `hash`, `mime_type`, `storage_path`, `suffix`, `size_byte`, `size_info`, `url`, `remark`, `created_by`, `updated_by`, `create_time`, `update_time`, `delete_time`) VALUES (96, 1, '5e28aab52247a1a62f26eecd80cb122f3c5ff160_cleared.wav', 'e3814464d61b1fd06d016ac4d45d4a0f44b6be7a.wav', 'e3814464d61b1fd06d016ac4d45d4a0f44b6be7a', 'audio/wav', 'public/storage/queue/20250614/e3814464d61b1fd06d016ac4d45d4a0f44b6be7a.wav', 'wav', 67867350, '64.72 MB', 'http://10.0.0.130:8787/storage/queue/20250614/e3814464d61b1fd06d016ac4d45d4a0f44b6be7a.wav', NULL, NULL, NULL, '2025-06-14 20:53:40', '2025-06-14 20:53:40', NULL);
INSERT INTO `sa_system_attachment` (`id`, `storage_mode`, `origin_name`, `object_name`, `hash`, `mime_type`, `storage_path`, `suffix`, `size_byte`, `size_info`, `url`, `remark`, `created_by`, `updated_by`, `create_time`, `update_time`, `delete_time`) VALUES (97, 1, 'BAC009S0002W0128.wav', 'a8ddac5f0895642f9755d906a297e987922807e9.wav', 'a8ddac5f0895642f9755d906a297e987922807e9', 'audio/wave', 'public/storage/20250615/a8ddac5f0895642f9755d906a297e987922807e9.wav', 'wav', 108620, '106.07 KB', 'http://10.0.0.130:8787/storage/20250615/a8ddac5f0895642f9755d906a297e987922807e9.wav', NULL, 4, 4, '2025-06-15 00:15:54', '2025-06-15 00:15:54', NULL);
INSERT INTO `sa_system_attachment` (`id`, `storage_mode`, `origin_name`, `object_name`, `hash`, `mime_type`, `storage_path`, `suffix`, `size_byte`, `size_info`, `url`, `remark`, `created_by`, `updated_by`, `create_time`, `update_time`, `delete_time`) VALUES (98, 1, 'a8ddac5f0895642f9755d906a297e987922807e9_cleared.wav', '1319cdae261dd870ca8704ebb5b289c34d3e39e1.wav', '1319cdae261dd870ca8704ebb5b289c34d3e39e1', 'audio/wav', 'public/storage/queue/20250615/1319cdae261dd870ca8704ebb5b289c34d3e39e1.wav', 'wav', 108620, '106.07 KB', 'http://10.0.0.130:8787/storage/queue/20250615/1319cdae261dd870ca8704ebb5b289c34d3e39e1.wav', NULL, NULL, NULL, '2025-06-15 00:16:00', '2025-06-15 00:16:00', NULL);
INSERT INTO `sa_system_attachment` (`id`, `storage_mode`, `origin_name`, `object_name`, `hash`, `mime_type`, `storage_path`, `suffix`, `size_byte`, `size_info`, `url`, `remark`, `created_by`, `updated_by`, `create_time`, `update_time`, `delete_time`) VALUES (99, 1, '衣湿乐队 - 弹棉花 myfreemp3.vip .mp3', '7132011c90ec1da20c26db197ed5b799e75fe704.mp3', '7132011c90ec1da20c26db197ed5b799e75fe704', 'audio/mpeg', 'public/storage/20250615/7132011c90ec1da20c26db197ed5b799e75fe704.mp3', 'mp3', 8917203, '8.5 MB', 'http://10.0.0.130:8787/storage/20250615/7132011c90ec1da20c26db197ed5b799e75fe704.mp3', NULL, 26, 26, '2025-06-15 10:12:37', '2025-06-15 10:12:37', NULL);
INSERT INTO `sa_system_attachment` (`id`, `storage_mode`, `origin_name`, `object_name`, `hash`, `mime_type`, `storage_path`, `suffix`, `size_byte`, `size_info`, `url`, `remark`, `created_by`, `updated_by`, `create_time`, `update_time`, `delete_time`) VALUES (100, 1, '7132011c90ec1da20c26db197ed5b799e75fe704_cleared.wav', 'cdca4de4daf69a3ad5e37f264f14411350e39d2a.wav', 'cdca4de4daf69a3ad5e37f264f14411350e39d2a', 'audio/wav', 'public/storage/queue/20250615/cdca4de4daf69a3ad5e37f264f14411350e39d2a.wav', 'wav', 3559140, '3.39 MB', 'http://10.0.0.130:8787/storage/queue/20250615/cdca4de4daf69a3ad5e37f264f14411350e39d2a.wav', NULL, NULL, NULL, '2025-06-15 10:13:07', '2025-06-15 10:13:07', NULL);
INSERT INTO `sa_system_attachment` (`id`, `storage_mode`, `origin_name`, `object_name`, `hash`, `mime_type`, `storage_path`, `suffix`, `size_byte`, `size_info`, `url`, `remark`, `created_by`, `updated_by`, `create_time`, `update_time`, `delete_time`) VALUES (101, 1, '衣湿乐队 - 弹棉花 myfreemp3.vip .mp3', '7132011c90ec1da20c26db197ed5b799e75fe704.mp3', '7132011c90ec1da20c26db197ed5b799e75fe704', 'audio/mpeg', 'public/storage/20250615/7132011c90ec1da20c26db197ed5b799e75fe704.mp3', 'mp3', 8917203, '8.5 MB', 'http://10.0.0.130:8787/storage/20250615/7132011c90ec1da20c26db197ed5b799e75fe704.mp3', NULL, 26, 26, '2025-06-15 10:27:48', '2025-06-15 10:27:48', NULL);
INSERT INTO `sa_system_attachment` (`id`, `storage_mode`, `origin_name`, `object_name`, `hash`, `mime_type`, `storage_path`, `suffix`, `size_byte`, `size_info`, `url`, `remark`, `created_by`, `updated_by`, `create_time`, `update_time`, `delete_time`) VALUES (102, 1, '7132011c90ec1da20c26db197ed5b799e75fe704_cleared.wav', '8521399c600846d6bffd2489e1737930e8b56223.wav', '8521399c600846d6bffd2489e1737930e8b56223', 'audio/wav', 'public/storage/queue/20250615/8521399c600846d6bffd2489e1737930e8b56223.wav', 'wav', 3559140, '3.39 MB', 'http://10.0.0.130:8787/storage/queue/20250615/8521399c600846d6bffd2489e1737930e8b56223.wav', NULL, NULL, NULL, '2025-06-15 10:28:32', '2025-06-15 10:28:32', NULL);
INSERT INTO `sa_system_attachment` (`id`, `storage_mode`, `origin_name`, `object_name`, `hash`, `mime_type`, `storage_path`, `suffix`, `size_byte`, `size_info`, `url`, `remark`, `created_by`, `updated_by`, `create_time`, `update_time`, `delete_time`) VALUES (103, 1, 'task_13_video_1749959716_extracted.mp3', '380d9b5a52ad238badc848da68f4c363c712240e.mp3', '380d9b5a52ad238badc848da68f4c363c712240e', 'audio/mpeg', 'public/storage/queue/20250615/380d9b5a52ad238badc848da68f4c363c712240e.mp3', 'mp3', 620535, '605.99 KB', 'http://10.0.0.130:8787/storage/queue/20250615/380d9b5a52ad238badc848da68f4c363c712240e.mp3', NULL, NULL, NULL, '2025-06-15 11:55:18', '2025-06-15 11:55:18', NULL);
INSERT INTO `sa_system_attachment` (`id`, `storage_mode`, `origin_name`, `object_name`, `hash`, `mime_type`, `storage_path`, `suffix`, `size_byte`, `size_info`, `url`, `remark`, `created_by`, `updated_by`, `create_time`, `update_time`, `delete_time`) VALUES (104, 1, 'task_19_video_1749959717_extracted.mp3', '58ae53c4898df1e248470f4d5f3e01148ba8aa7c.mp3', '58ae53c4898df1e248470f4d5f3e01148ba8aa7c', 'audio/mpeg', 'public/storage/queue/20250615/58ae53c4898df1e248470f4d5f3e01148ba8aa7c.mp3', 'mp3', 2719444, '2.59 MB', 'http://10.0.0.130:8787/storage/queue/20250615/58ae53c4898df1e248470f4d5f3e01148ba8aa7c.mp3', NULL, NULL, NULL, '2025-06-15 11:55:19', '2025-06-15 11:55:19', NULL);
INSERT INTO `sa_system_attachment` (`id`, `storage_mode`, `origin_name`, `object_name`, `hash`, `mime_type`, `storage_path`, `suffix`, `size_byte`, `size_info`, `url`, `remark`, `created_by`, `updated_by`, `create_time`, `update_time`, `delete_time`) VALUES (105, 1, 'task_35_video_1749959720_extracted.mp3', '58ae53c4898df1e248470f4d5f3e01148ba8aa7c.mp3', '58ae53c4898df1e248470f4d5f3e01148ba8aa7c', 'audio/mpeg', 'public/storage/queue/20250615/58ae53c4898df1e248470f4d5f3e01148ba8aa7c.mp3', 'mp3', 2719444, '2.59 MB', 'http://10.0.0.130:8787/storage/queue/20250615/58ae53c4898df1e248470f4d5f3e01148ba8aa7c.mp3', NULL, NULL, NULL, '2025-06-15 11:55:22', '2025-06-15 11:55:22', NULL);
INSERT INTO `sa_system_attachment` (`id`, `storage_mode`, `origin_name`, `object_name`, `hash`, `mime_type`, `storage_path`, `suffix`, `size_byte`, `size_info`, `url`, `remark`, `created_by`, `updated_by`, `create_time`, `update_time`, `delete_time`) VALUES (106, 1, 'task_37_audio_1749959722.mp3', '7132011c90ec1da20c26db197ed5b799e75fe704.mp3', '7132011c90ec1da20c26db197ed5b799e75fe704', 'audio/mpeg', 'public/storage/queue/20250615/7132011c90ec1da20c26db197ed5b799e75fe704.mp3', 'mp3', 8917203, '8.5 MB', 'http://10.0.0.130:8787/storage/queue/20250615/7132011c90ec1da20c26db197ed5b799e75fe704.mp3', NULL, NULL, NULL, '2025-06-15 11:55:22', '2025-06-15 11:55:22', NULL);
INSERT INTO `sa_system_attachment` (`id`, `storage_mode`, `origin_name`, `object_name`, `hash`, `mime_type`, `storage_path`, `suffix`, `size_byte`, `size_info`, `url`, `remark`, `created_by`, `updated_by`, `create_time`, `update_time`, `delete_time`) VALUES (107, 1, 'task_38_video_1749959722_extracted.mp3', 'a275a98cdf5912e9c795131db4ef38aaf1906d35.mp3', 'a275a98cdf5912e9c795131db4ef38aaf1906d35', 'audio/mpeg', 'public/storage/queue/20250615/a275a98cdf5912e9c795131db4ef38aaf1906d35.mp3', 'mp3', 238936, '233.34 KB', 'http://10.0.0.130:8787/storage/queue/20250615/a275a98cdf5912e9c795131db4ef38aaf1906d35.mp3', NULL, NULL, NULL, '2025-06-15 11:55:23', '2025-06-15 11:55:23', NULL);
INSERT INTO `sa_system_attachment` (`id`, `storage_mode`, `origin_name`, `object_name`, `hash`, `mime_type`, `storage_path`, `suffix`, `size_byte`, `size_info`, `url`, `remark`, `created_by`, `updated_by`, `create_time`, `update_time`, `delete_time`) VALUES (108, 1, '380d9b5a52ad238badc848da68f4c363c712240e_cleared.wav', '78e2df61600e1e9b453391c567574aca0ec55987.wav', '78e2df61600e1e9b453391c567574aca0ec55987', 'audio/wav', 'public/storage/queue/20250615/78e2df61600e1e9b453391c567574aca0ec55987.wav', 'wav', 619290, '604.78 KB', 'http://10.0.0.130:8787/storage/queue/20250615/78e2df61600e1e9b453391c567574aca0ec55987.wav', NULL, NULL, NULL, '2025-06-15 11:55:23', '2025-06-15 11:55:23', NULL);
INSERT INTO `sa_system_attachment` (`id`, `storage_mode`, `origin_name`, `object_name`, `hash`, `mime_type`, `storage_path`, `suffix`, `size_byte`, `size_info`, `url`, `remark`, `created_by`, `updated_by`, `create_time`, `update_time`, `delete_time`) VALUES (109, 1, 'task_39_video_1749959722_extracted.mp3', 'a0679f277e9a8c0a263693f9cf31908d80ea572c.mp3', 'a0679f277e9a8c0a263693f9cf31908d80ea572c', 'audio/mpeg', 'public/storage/queue/20250615/a0679f277e9a8c0a263693f9cf31908d80ea572c.mp3', 'mp3', 8322187, '7.94 MB', 'http://10.0.0.130:8787/storage/queue/20250615/a0679f277e9a8c0a263693f9cf31908d80ea572c.mp3', NULL, NULL, NULL, '2025-06-15 11:55:27', '2025-06-15 11:55:27', NULL);
INSERT INTO `sa_system_attachment` (`id`, `storage_mode`, `origin_name`, `object_name`, `hash`, `mime_type`, `storage_path`, `suffix`, `size_byte`, `size_info`, `url`, `remark`, `created_by`, `updated_by`, `create_time`, `update_time`, `delete_time`) VALUES (110, 1, 'task_40_video_1749959726_extracted.mp3', '58ae53c4898df1e248470f4d5f3e01148ba8aa7c.mp3', '58ae53c4898df1e248470f4d5f3e01148ba8aa7c', 'audio/mpeg', 'public/storage/queue/20250615/58ae53c4898df1e248470f4d5f3e01148ba8aa7c.mp3', 'mp3', 2719444, '2.59 MB', 'http://10.0.0.130:8787/storage/queue/20250615/58ae53c4898df1e248470f4d5f3e01148ba8aa7c.mp3', NULL, NULL, NULL, '2025-06-15 11:55:28', '2025-06-15 11:55:28', NULL);
INSERT INTO `sa_system_attachment` (`id`, `storage_mode`, `origin_name`, `object_name`, `hash`, `mime_type`, `storage_path`, `suffix`, `size_byte`, `size_info`, `url`, `remark`, `created_by`, `updated_by`, `create_time`, `update_time`, `delete_time`) VALUES (111, 1, 'task_41_video_1749959728_extracted.mp3', 'a0679f277e9a8c0a263693f9cf31908d80ea572c.mp3', 'a0679f277e9a8c0a263693f9cf31908d80ea572c', 'audio/mpeg', 'public/storage/queue/20250615/a0679f277e9a8c0a263693f9cf31908d80ea572c.mp3', 'mp3', 8322187, '7.94 MB', 'http://10.0.0.130:8787/storage/queue/20250615/a0679f277e9a8c0a263693f9cf31908d80ea572c.mp3', NULL, NULL, NULL, '2025-06-15 11:55:33', '2025-06-15 11:55:33', NULL);
INSERT INTO `sa_system_attachment` (`id`, `storage_mode`, `origin_name`, `object_name`, `hash`, `mime_type`, `storage_path`, `suffix`, `size_byte`, `size_info`, `url`, `remark`, `created_by`, `updated_by`, `create_time`, `update_time`, `delete_time`) VALUES (112, 1, 'task_42_video_1749959732_extracted.mp3', 'a0679f277e9a8c0a263693f9cf31908d80ea572c.mp3', 'a0679f277e9a8c0a263693f9cf31908d80ea572c', 'audio/mpeg', 'public/storage/queue/20250615/a0679f277e9a8c0a263693f9cf31908d80ea572c.mp3', 'mp3', 8322187, '7.94 MB', 'http://10.0.0.130:8787/storage/queue/20250615/a0679f277e9a8c0a263693f9cf31908d80ea572c.mp3', NULL, NULL, NULL, '2025-06-15 11:55:37', '2025-06-15 11:55:37', NULL);
INSERT INTO `sa_system_attachment` (`id`, `storage_mode`, `origin_name`, `object_name`, `hash`, `mime_type`, `storage_path`, `suffix`, `size_byte`, `size_info`, `url`, `remark`, `created_by`, `updated_by`, `create_time`, `update_time`, `delete_time`) VALUES (113, 1, 'task_43_video_1749959736_extracted.mp3', 'a0679f277e9a8c0a263693f9cf31908d80ea572c.mp3', 'a0679f277e9a8c0a263693f9cf31908d80ea572c', 'audio/mpeg', 'public/storage/queue/20250615/a0679f277e9a8c0a263693f9cf31908d80ea572c.mp3', 'mp3', 8322187, '7.94 MB', 'http://10.0.0.130:8787/storage/queue/20250615/a0679f277e9a8c0a263693f9cf31908d80ea572c.mp3', NULL, NULL, NULL, '2025-06-15 11:55:41', '2025-06-15 11:55:41', NULL);
INSERT INTO `sa_system_attachment` (`id`, `storage_mode`, `origin_name`, `object_name`, `hash`, `mime_type`, `storage_path`, `suffix`, `size_byte`, `size_info`, `url`, `remark`, `created_by`, `updated_by`, `create_time`, `update_time`, `delete_time`) VALUES (114, 1, 'task_44_video_1749959740_extracted.mp3', '58ae53c4898df1e248470f4d5f3e01148ba8aa7c.mp3', '58ae53c4898df1e248470f4d5f3e01148ba8aa7c', 'audio/mpeg', 'public/storage/queue/20250615/58ae53c4898df1e248470f4d5f3e01148ba8aa7c.mp3', 'mp3', 2719444, '2.59 MB', 'http://10.0.0.130:8787/storage/queue/20250615/58ae53c4898df1e248470f4d5f3e01148ba8aa7c.mp3', NULL, NULL, NULL, '2025-06-15 11:55:42', '2025-06-15 11:55:42', NULL);
INSERT INTO `sa_system_attachment` (`id`, `storage_mode`, `origin_name`, `object_name`, `hash`, `mime_type`, `storage_path`, `suffix`, `size_byte`, `size_info`, `url`, `remark`, `created_by`, `updated_by`, `create_time`, `update_time`, `delete_time`) VALUES (115, 1, '58ae53c4898df1e248470f4d5f3e01148ba8aa7c_cleared.wav', '6a1afab613d363ce2d4ad9fe70e07afcd9f777ce.wav', '6a1afab613d363ce2d4ad9fe70e07afcd9f777ce', 'audio/wav', 'public/storage/queue/20250615/6a1afab613d363ce2d4ad9fe70e07afcd9f777ce.wav', 'wav', 2713047, '2.59 MB', 'http://10.0.0.130:8787/storage/queue/20250615/6a1afab613d363ce2d4ad9fe70e07afcd9f777ce.wav', NULL, NULL, NULL, '2025-06-15 11:55:44', '2025-06-15 11:55:44', NULL);
INSERT INTO `sa_system_attachment` (`id`, `storage_mode`, `origin_name`, `object_name`, `hash`, `mime_type`, `storage_path`, `suffix`, `size_byte`, `size_info`, `url`, `remark`, `created_by`, `updated_by`, `create_time`, `update_time`, `delete_time`) VALUES (116, 1, 'task_45_video_1749959742_extracted.mp3', 'a0679f277e9a8c0a263693f9cf31908d80ea572c.mp3', 'a0679f277e9a8c0a263693f9cf31908d80ea572c', 'audio/mpeg', 'public/storage/queue/20250615/a0679f277e9a8c0a263693f9cf31908d80ea572c.mp3', 'mp3', 8322187, '7.94 MB', 'http://10.0.0.130:8787/storage/queue/20250615/a0679f277e9a8c0a263693f9cf31908d80ea572c.mp3', NULL, NULL, NULL, '2025-06-15 11:55:46', '2025-06-15 11:55:46', NULL);
INSERT INTO `sa_system_attachment` (`id`, `storage_mode`, `origin_name`, `object_name`, `hash`, `mime_type`, `storage_path`, `suffix`, `size_byte`, `size_info`, `url`, `remark`, `created_by`, `updated_by`, `create_time`, `update_time`, `delete_time`) VALUES (117, 1, 'task_46_video_1749959746_extracted.mp3', '380d9b5a52ad238badc848da68f4c363c712240e.mp3', '380d9b5a52ad238badc848da68f4c363c712240e', 'audio/mpeg', 'public/storage/queue/20250615/380d9b5a52ad238badc848da68f4c363c712240e.mp3', 'mp3', 620535, '605.99 KB', 'http://10.0.0.130:8787/storage/queue/20250615/380d9b5a52ad238badc848da68f4c363c712240e.mp3', NULL, NULL, NULL, '2025-06-15 11:55:47', '2025-06-15 11:55:47', NULL);
INSERT INTO `sa_system_attachment` (`id`, `storage_mode`, `origin_name`, `object_name`, `hash`, `mime_type`, `storage_path`, `suffix`, `size_byte`, `size_info`, `url`, `remark`, `created_by`, `updated_by`, `create_time`, `update_time`, `delete_time`) VALUES (118, 1, 'task_47_video_1749959746_extracted.mp3', '452b53bf511afd5f8362cf7908671617cb04b38c.mp3', '452b53bf511afd5f8362cf7908671617cb04b38c', 'audio/mpeg', 'public/storage/queue/20250615/452b53bf511afd5f8362cf7908671617cb04b38c.mp3', 'mp3', 249803, '243.95 KB', 'http://10.0.0.130:8787/storage/queue/20250615/452b53bf511afd5f8362cf7908671617cb04b38c.mp3', NULL, NULL, NULL, '2025-06-15 11:55:47', '2025-06-15 11:55:47', NULL);
INSERT INTO `sa_system_attachment` (`id`, `storage_mode`, `origin_name`, `object_name`, `hash`, `mime_type`, `storage_path`, `suffix`, `size_byte`, `size_info`, `url`, `remark`, `created_by`, `updated_by`, `create_time`, `update_time`, `delete_time`) VALUES (119, 1, 'task_48_video_1749959747_extracted.mp3', 'ade4ae7312396f97a9deac842939c6281dab8f66.mp3', 'ade4ae7312396f97a9deac842939c6281dab8f66', 'audio/mpeg', 'public/storage/queue/20250615/ade4ae7312396f97a9deac842939c6281dab8f66.mp3', 'mp3', 269031, '262.73 KB', 'http://10.0.0.130:8787/storage/queue/20250615/ade4ae7312396f97a9deac842939c6281dab8f66.mp3', NULL, NULL, NULL, '2025-06-15 11:55:47', '2025-06-15 11:55:47', NULL);
INSERT INTO `sa_system_attachment` (`id`, `storage_mode`, `origin_name`, `object_name`, `hash`, `mime_type`, `storage_path`, `suffix`, `size_byte`, `size_info`, `url`, `remark`, `created_by`, `updated_by`, `create_time`, `update_time`, `delete_time`) VALUES (120, 1, 'task_49_video_1749959747_extracted.mp3', '0d8227f13865c1dee63974ea6211d181ed69068e.mp3', '0d8227f13865c1dee63974ea6211d181ed69068e', 'audio/mpeg', 'public/storage/queue/20250615/0d8227f13865c1dee63974ea6211d181ed69068e.mp3', 'mp3', 139882, '136.6 KB', 'http://10.0.0.130:8787/storage/queue/20250615/0d8227f13865c1dee63974ea6211d181ed69068e.mp3', NULL, NULL, NULL, '2025-06-15 11:55:48', '2025-06-15 11:55:48', NULL);
INSERT INTO `sa_system_attachment` (`id`, `storage_mode`, `origin_name`, `object_name`, `hash`, `mime_type`, `storage_path`, `suffix`, `size_byte`, `size_info`, `url`, `remark`, `created_by`, `updated_by`, `create_time`, `update_time`, `delete_time`) VALUES (121, 1, 'task_50_video_1749959747_extracted.mp3', '71688fdaccc901abc7961662421f8f57feff4889.mp3', '71688fdaccc901abc7961662421f8f57feff4889', 'audio/mpeg', 'public/storage/queue/20250615/71688fdaccc901abc7961662421f8f57feff4889.mp3', 'mp3', 327124, '319.46 KB', 'http://10.0.0.130:8787/storage/queue/20250615/71688fdaccc901abc7961662421f8f57feff4889.mp3', NULL, NULL, NULL, '2025-06-15 11:55:48', '2025-06-15 11:55:48', NULL);
INSERT INTO `sa_system_attachment` (`id`, `storage_mode`, `origin_name`, `object_name`, `hash`, `mime_type`, `storage_path`, `suffix`, `size_byte`, `size_info`, `url`, `remark`, `created_by`, `updated_by`, `create_time`, `update_time`, `delete_time`) VALUES (122, 1, 'task_51_video_1749959747_extracted.mp3', 'c2ffd4161b400f3f296df26755b499adcd1468e6.mp3', 'c2ffd4161b400f3f296df26755b499adcd1468e6', 'audio/mpeg', 'public/storage/queue/20250615/c2ffd4161b400f3f296df26755b499adcd1468e6.mp3', 'mp3', 419497, '409.67 KB', 'http://10.0.0.130:8787/storage/queue/20250615/c2ffd4161b400f3f296df26755b499adcd1468e6.mp3', NULL, NULL, NULL, '2025-06-15 11:55:48', '2025-06-15 11:55:48', NULL);
INSERT INTO `sa_system_attachment` (`id`, `storage_mode`, `origin_name`, `object_name`, `hash`, `mime_type`, `storage_path`, `suffix`, `size_byte`, `size_info`, `url`, `remark`, `created_by`, `updated_by`, `create_time`, `update_time`, `delete_time`) VALUES (123, 1, 'task_52_video_1749959748_extracted.mp3', '0a0dc8406a6c0c23b63345eb54c69d5e7230f6ef.mp3', '0a0dc8406a6c0c23b63345eb54c69d5e7230f6ef', 'audio/mpeg', 'public/storage/queue/20250615/0a0dc8406a6c0c23b63345eb54c69d5e7230f6ef.mp3', 'mp3', 255239, '249.26 KB', 'http://10.0.0.130:8787/storage/queue/20250615/0a0dc8406a6c0c23b63345eb54c69d5e7230f6ef.mp3', NULL, NULL, NULL, '2025-06-15 11:55:48', '2025-06-15 11:55:48', NULL);
INSERT INTO `sa_system_attachment` (`id`, `storage_mode`, `origin_name`, `object_name`, `hash`, `mime_type`, `storage_path`, `suffix`, `size_byte`, `size_info`, `url`, `remark`, `created_by`, `updated_by`, `create_time`, `update_time`, `delete_time`) VALUES (124, 1, 'task_53_video_1749959748_extracted.mp3', '45ba15a1b88f958f4bf043e50d38361d47005540.mp3', '45ba15a1b88f958f4bf043e50d38361d47005540', 'audio/mpeg', 'public/storage/queue/20250615/45ba15a1b88f958f4bf043e50d38361d47005540.mp3', 'mp3', 114801, '112.11 KB', 'http://10.0.0.130:8787/storage/queue/20250615/45ba15a1b88f958f4bf043e50d38361d47005540.mp3', NULL, NULL, NULL, '2025-06-15 11:55:49', '2025-06-15 11:55:49', NULL);
INSERT INTO `sa_system_attachment` (`id`, `storage_mode`, `origin_name`, `object_name`, `hash`, `mime_type`, `storage_path`, `suffix`, `size_byte`, `size_info`, `url`, `remark`, `created_by`, `updated_by`, `create_time`, `update_time`, `delete_time`) VALUES (125, 1, 'task_54_video_1749959748_extracted.mp3', 'a275a98cdf5912e9c795131db4ef38aaf1906d35.mp3', 'a275a98cdf5912e9c795131db4ef38aaf1906d35', 'audio/mpeg', 'public/storage/queue/20250615/a275a98cdf5912e9c795131db4ef38aaf1906d35.mp3', 'mp3', 238936, '233.34 KB', 'http://10.0.0.130:8787/storage/queue/20250615/a275a98cdf5912e9c795131db4ef38aaf1906d35.mp3', NULL, NULL, NULL, '2025-06-15 11:55:49', '2025-06-15 11:55:49', NULL);
INSERT INTO `sa_system_attachment` (`id`, `storage_mode`, `origin_name`, `object_name`, `hash`, `mime_type`, `storage_path`, `suffix`, `size_byte`, `size_info`, `url`, `remark`, `created_by`, `updated_by`, `create_time`, `update_time`, `delete_time`) VALUES (126, 1, 'task_55_video_1749959749_extracted.mp3', '41b8be1512abae829677b8355130f8cc90b9b6f8.mp3', '41b8be1512abae829677b8355130f8cc90b9b6f8', 'audio/mpeg', 'public/storage/queue/20250615/41b8be1512abae829677b8355130f8cc90b9b6f8.mp3', 'mp3', 2362483, '2.25 MB', 'http://10.0.0.130:8787/storage/queue/20250615/41b8be1512abae829677b8355130f8cc90b9b6f8.mp3', NULL, NULL, NULL, '2025-06-15 11:55:50', '2025-06-15 11:55:50', NULL);
INSERT INTO `sa_system_attachment` (`id`, `storage_mode`, `origin_name`, `object_name`, `hash`, `mime_type`, `storage_path`, `suffix`, `size_byte`, `size_info`, `url`, `remark`, `created_by`, `updated_by`, `create_time`, `update_time`, `delete_time`) VALUES (127, 1, 'task_56_video_1749959750_extracted.mp3', 'e08b5c8d974c82747603f424b45880fae68d656b.mp3', 'e08b5c8d974c82747603f424b45880fae68d656b', 'audio/mpeg', 'public/storage/queue/20250615/e08b5c8d974c82747603f424b45880fae68d656b.mp3', 'mp3', 147403, '143.95 KB', 'http://10.0.0.130:8787/storage/queue/20250615/e08b5c8d974c82747603f424b45880fae68d656b.mp3', NULL, NULL, NULL, '2025-06-15 11:55:50', '2025-06-15 11:55:50', NULL);
INSERT INTO `sa_system_attachment` (`id`, `storage_mode`, `origin_name`, `object_name`, `hash`, `mime_type`, `storage_path`, `suffix`, `size_byte`, `size_info`, `url`, `remark`, `created_by`, `updated_by`, `create_time`, `update_time`, `delete_time`) VALUES (128, 1, 'task_57_video_1749959750_extracted.mp3', '71688fdaccc901abc7961662421f8f57feff4889.mp3', '71688fdaccc901abc7961662421f8f57feff4889', 'audio/mpeg', 'public/storage/queue/20250615/71688fdaccc901abc7961662421f8f57feff4889.mp3', 'mp3', 327124, '319.46 KB', 'http://10.0.0.130:8787/storage/queue/20250615/71688fdaccc901abc7961662421f8f57feff4889.mp3', NULL, NULL, NULL, '2025-06-15 11:55:51', '2025-06-15 11:55:51', NULL);
INSERT INTO `sa_system_attachment` (`id`, `storage_mode`, `origin_name`, `object_name`, `hash`, `mime_type`, `storage_path`, `suffix`, `size_byte`, `size_info`, `url`, `remark`, `created_by`, `updated_by`, `create_time`, `update_time`, `delete_time`) VALUES (129, 1, 'task_58_video_1749959750_extracted.mp3', '0a0dc8406a6c0c23b63345eb54c69d5e7230f6ef.mp3', '0a0dc8406a6c0c23b63345eb54c69d5e7230f6ef', 'audio/mpeg', 'public/storage/queue/20250615/0a0dc8406a6c0c23b63345eb54c69d5e7230f6ef.mp3', 'mp3', 255239, '249.26 KB', 'http://10.0.0.130:8787/storage/queue/20250615/0a0dc8406a6c0c23b63345eb54c69d5e7230f6ef.mp3', NULL, NULL, NULL, '2025-06-15 11:55:51', '2025-06-15 11:55:51', NULL);
INSERT INTO `sa_system_attachment` (`id`, `storage_mode`, `origin_name`, `object_name`, `hash`, `mime_type`, `storage_path`, `suffix`, `size_byte`, `size_info`, `url`, `remark`, `created_by`, `updated_by`, `create_time`, `update_time`, `delete_time`) VALUES (130, 1, 'task_59_audio_1749959750.wav', '07af7b9787cae1ef6a03da6f3de2cfa1415206ae.wav', '07af7b9787cae1ef6a03da6f3de2cfa1415206ae', 'audio/x-wav', 'public/storage/queue/20250615/07af7b9787cae1ef6a03da6f3de2cfa1415206ae.wav', 'wav', 60020098, '57.24 MB', 'http://10.0.0.130:8787/storage/queue/20250615/07af7b9787cae1ef6a03da6f3de2cfa1415206ae.wav', NULL, NULL, NULL, '2025-06-15 11:55:51', '2025-06-15 11:55:51', NULL);
INSERT INTO `sa_system_attachment` (`id`, `storage_mode`, `origin_name`, `object_name`, `hash`, `mime_type`, `storage_path`, `suffix`, `size_byte`, `size_info`, `url`, `remark`, `created_by`, `updated_by`, `create_time`, `update_time`, `delete_time`) VALUES (131, 1, 'task_62_audio_1749959751.wav', '2c96217eb28c436f312aa06fe7d9b59efebcd97b.wav', '2c96217eb28c436f312aa06fe7d9b59efebcd97b', 'audio/x-wav', 'public/storage/queue/20250615/2c96217eb28c436f312aa06fe7d9b59efebcd97b.wav', 'wav', 78944982, '75.29 MB', 'http://10.0.0.130:8787/storage/queue/20250615/2c96217eb28c436f312aa06fe7d9b59efebcd97b.wav', NULL, NULL, NULL, '2025-06-15 11:55:52', '2025-06-15 11:55:52', NULL);
INSERT INTO `sa_system_attachment` (`id`, `storage_mode`, `origin_name`, `object_name`, `hash`, `mime_type`, `storage_path`, `suffix`, `size_byte`, `size_info`, `url`, `remark`, `created_by`, `updated_by`, `create_time`, `update_time`, `delete_time`) VALUES (132, 1, 'task_19_video_1749959752_extracted.mp3', '58ae53c4898df1e248470f4d5f3e01148ba8aa7c.mp3', '58ae53c4898df1e248470f4d5f3e01148ba8aa7c', 'audio/mpeg', 'public/storage/queue/20250615/58ae53c4898df1e248470f4d5f3e01148ba8aa7c.mp3', 'mp3', 2719444, '2.59 MB', 'http://10.0.0.130:8787/storage/queue/20250615/58ae53c4898df1e248470f4d5f3e01148ba8aa7c.mp3', NULL, NULL, NULL, '2025-06-15 11:55:54', '2025-06-15 11:55:54', NULL);
INSERT INTO `sa_system_attachment` (`id`, `storage_mode`, `origin_name`, `object_name`, `hash`, `mime_type`, `storage_path`, `suffix`, `size_byte`, `size_info`, `url`, `remark`, `created_by`, `updated_by`, `create_time`, `update_time`, `delete_time`) VALUES (133, 1, 'task_35_video_1749959755_extracted.mp3', '58ae53c4898df1e248470f4d5f3e01148ba8aa7c.mp3', '58ae53c4898df1e248470f4d5f3e01148ba8aa7c', 'audio/mpeg', 'public/storage/queue/20250615/58ae53c4898df1e248470f4d5f3e01148ba8aa7c.mp3', 'mp3', 2719444, '2.59 MB', 'http://10.0.0.130:8787/storage/queue/20250615/58ae53c4898df1e248470f4d5f3e01148ba8aa7c.mp3', NULL, NULL, NULL, '2025-06-15 11:55:57', '2025-06-15 11:55:57', NULL);
INSERT INTO `sa_system_attachment` (`id`, `storage_mode`, `origin_name`, `object_name`, `hash`, `mime_type`, `storage_path`, `suffix`, `size_byte`, `size_info`, `url`, `remark`, `created_by`, `updated_by`, `create_time`, `update_time`, `delete_time`) VALUES (134, 1, 'task_37_audio_1749959756.mp3', '7132011c90ec1da20c26db197ed5b799e75fe704.mp3', '7132011c90ec1da20c26db197ed5b799e75fe704', 'audio/mpeg', 'public/storage/queue/20250615/7132011c90ec1da20c26db197ed5b799e75fe704.mp3', 'mp3', 8917203, '8.5 MB', 'http://10.0.0.130:8787/storage/queue/20250615/7132011c90ec1da20c26db197ed5b799e75fe704.mp3', NULL, NULL, NULL, '2025-06-15 11:55:57', '2025-06-15 11:55:57', NULL);
INSERT INTO `sa_system_attachment` (`id`, `storage_mode`, `origin_name`, `object_name`, `hash`, `mime_type`, `storage_path`, `suffix`, `size_byte`, `size_info`, `url`, `remark`, `created_by`, `updated_by`, `create_time`, `update_time`, `delete_time`) VALUES (135, 1, 'task_38_video_1749959756_extracted.mp3', 'a275a98cdf5912e9c795131db4ef38aaf1906d35.mp3', 'a275a98cdf5912e9c795131db4ef38aaf1906d35', 'audio/mpeg', 'public/storage/queue/20250615/a275a98cdf5912e9c795131db4ef38aaf1906d35.mp3', 'mp3', 238936, '233.34 KB', 'http://10.0.0.130:8787/storage/queue/20250615/a275a98cdf5912e9c795131db4ef38aaf1906d35.mp3', NULL, NULL, NULL, '2025-06-15 11:55:57', '2025-06-15 11:55:57', NULL);
INSERT INTO `sa_system_attachment` (`id`, `storage_mode`, `origin_name`, `object_name`, `hash`, `mime_type`, `storage_path`, `suffix`, `size_byte`, `size_info`, `url`, `remark`, `created_by`, `updated_by`, `create_time`, `update_time`, `delete_time`) VALUES (136, 1, 'task_39_video_1749959757_extracted.mp3', 'a0679f277e9a8c0a263693f9cf31908d80ea572c.mp3', 'a0679f277e9a8c0a263693f9cf31908d80ea572c', 'audio/mpeg', 'public/storage/queue/20250615/a0679f277e9a8c0a263693f9cf31908d80ea572c.mp3', 'mp3', 8322187, '7.94 MB', 'http://10.0.0.130:8787/storage/queue/20250615/a0679f277e9a8c0a263693f9cf31908d80ea572c.mp3', NULL, NULL, NULL, '2025-06-15 11:56:01', '2025-06-15 11:56:01', NULL);
INSERT INTO `sa_system_attachment` (`id`, `storage_mode`, `origin_name`, `object_name`, `hash`, `mime_type`, `storage_path`, `suffix`, `size_byte`, `size_info`, `url`, `remark`, `created_by`, `updated_by`, `create_time`, `update_time`, `delete_time`) VALUES (137, 1, 'task_40_video_1749959761_extracted.mp3', '58ae53c4898df1e248470f4d5f3e01148ba8aa7c.mp3', '58ae53c4898df1e248470f4d5f3e01148ba8aa7c', 'audio/mpeg', 'public/storage/queue/20250615/58ae53c4898df1e248470f4d5f3e01148ba8aa7c.mp3', 'mp3', 2719444, '2.59 MB', 'http://10.0.0.130:8787/storage/queue/20250615/58ae53c4898df1e248470f4d5f3e01148ba8aa7c.mp3', NULL, NULL, NULL, '2025-06-15 11:56:03', '2025-06-15 11:56:03', NULL);
INSERT INTO `sa_system_attachment` (`id`, `storage_mode`, `origin_name`, `object_name`, `hash`, `mime_type`, `storage_path`, `suffix`, `size_byte`, `size_info`, `url`, `remark`, `created_by`, `updated_by`, `create_time`, `update_time`, `delete_time`) VALUES (138, 1, '58ae53c4898df1e248470f4d5f3e01148ba8aa7c_cleared.wav', '2e7dbcb3d301c3b166f2ec326a55b7c110f0b7b1.wav', '2e7dbcb3d301c3b166f2ec326a55b7c110f0b7b1', 'audio/wav', 'public/storage/queue/20250615/2e7dbcb3d301c3b166f2ec326a55b7c110f0b7b1.wav', 'wav', 2713047, '2.59 MB', 'http://10.0.0.130:8787/storage/queue/20250615/2e7dbcb3d301c3b166f2ec326a55b7c110f0b7b1.wav', NULL, NULL, NULL, '2025-06-15 11:56:05', '2025-06-15 11:56:05', NULL);
INSERT INTO `sa_system_attachment` (`id`, `storage_mode`, `origin_name`, `object_name`, `hash`, `mime_type`, `storage_path`, `suffix`, `size_byte`, `size_info`, `url`, `remark`, `created_by`, `updated_by`, `create_time`, `update_time`, `delete_time`) VALUES (139, 1, 'task_41_video_1749959762_extracted.mp3', 'a0679f277e9a8c0a263693f9cf31908d80ea572c.mp3', 'a0679f277e9a8c0a263693f9cf31908d80ea572c', 'audio/mpeg', 'public/storage/queue/20250615/a0679f277e9a8c0a263693f9cf31908d80ea572c.mp3', 'mp3', 8322187, '7.94 MB', 'http://10.0.0.130:8787/storage/queue/20250615/a0679f277e9a8c0a263693f9cf31908d80ea572c.mp3', NULL, NULL, NULL, '2025-06-15 11:56:07', '2025-06-15 11:56:07', NULL);
INSERT INTO `sa_system_attachment` (`id`, `storage_mode`, `origin_name`, `object_name`, `hash`, `mime_type`, `storage_path`, `suffix`, `size_byte`, `size_info`, `url`, `remark`, `created_by`, `updated_by`, `create_time`, `update_time`, `delete_time`) VALUES (140, 1, 'task_42_video_1749959766_extracted.mp3', 'a0679f277e9a8c0a263693f9cf31908d80ea572c.mp3', 'a0679f277e9a8c0a263693f9cf31908d80ea572c', 'audio/mpeg', 'public/storage/queue/20250615/a0679f277e9a8c0a263693f9cf31908d80ea572c.mp3', 'mp3', 8322187, '7.94 MB', 'http://10.0.0.130:8787/storage/queue/20250615/a0679f277e9a8c0a263693f9cf31908d80ea572c.mp3', NULL, NULL, NULL, '2025-06-15 11:56:11', '2025-06-15 11:56:11', NULL);
INSERT INTO `sa_system_attachment` (`id`, `storage_mode`, `origin_name`, `object_name`, `hash`, `mime_type`, `storage_path`, `suffix`, `size_byte`, `size_info`, `url`, `remark`, `created_by`, `updated_by`, `create_time`, `update_time`, `delete_time`) VALUES (141, 1, 'task_43_video_1749959770_extracted.mp3', 'a0679f277e9a8c0a263693f9cf31908d80ea572c.mp3', 'a0679f277e9a8c0a263693f9cf31908d80ea572c', 'audio/mpeg', 'public/storage/queue/20250615/a0679f277e9a8c0a263693f9cf31908d80ea572c.mp3', 'mp3', 8322187, '7.94 MB', 'http://10.0.0.130:8787/storage/queue/20250615/a0679f277e9a8c0a263693f9cf31908d80ea572c.mp3', NULL, NULL, NULL, '2025-06-15 11:56:15', '2025-06-15 11:56:15', NULL);
INSERT INTO `sa_system_attachment` (`id`, `storage_mode`, `origin_name`, `object_name`, `hash`, `mime_type`, `storage_path`, `suffix`, `size_byte`, `size_info`, `url`, `remark`, `created_by`, `updated_by`, `create_time`, `update_time`, `delete_time`) VALUES (142, 1, 'task_44_video_1749959774_extracted.mp3', '58ae53c4898df1e248470f4d5f3e01148ba8aa7c.mp3', '58ae53c4898df1e248470f4d5f3e01148ba8aa7c', 'audio/mpeg', 'public/storage/queue/20250615/58ae53c4898df1e248470f4d5f3e01148ba8aa7c.mp3', 'mp3', 2719444, '2.59 MB', 'http://10.0.0.130:8787/storage/queue/20250615/58ae53c4898df1e248470f4d5f3e01148ba8aa7c.mp3', NULL, NULL, NULL, '2025-06-15 11:56:16', '2025-06-15 11:56:16', NULL);
INSERT INTO `sa_system_attachment` (`id`, `storage_mode`, `origin_name`, `object_name`, `hash`, `mime_type`, `storage_path`, `suffix`, `size_byte`, `size_info`, `url`, `remark`, `created_by`, `updated_by`, `create_time`, `update_time`, `delete_time`) VALUES (143, 1, 'task_45_video_1749959776_extracted.mp3', 'a0679f277e9a8c0a263693f9cf31908d80ea572c.mp3', 'a0679f277e9a8c0a263693f9cf31908d80ea572c', 'audio/mpeg', 'public/storage/queue/20250615/a0679f277e9a8c0a263693f9cf31908d80ea572c.mp3', 'mp3', 8322187, '7.94 MB', 'http://10.0.0.130:8787/storage/queue/20250615/a0679f277e9a8c0a263693f9cf31908d80ea572c.mp3', NULL, NULL, NULL, '2025-06-15 11:56:21', '2025-06-15 11:56:21', NULL);
INSERT INTO `sa_system_attachment` (`id`, `storage_mode`, `origin_name`, `object_name`, `hash`, `mime_type`, `storage_path`, `suffix`, `size_byte`, `size_info`, `url`, `remark`, `created_by`, `updated_by`, `create_time`, `update_time`, `delete_time`) VALUES (144, 1, 'task_46_video_1749959781_extracted.mp3', '380d9b5a52ad238badc848da68f4c363c712240e.mp3', '380d9b5a52ad238badc848da68f4c363c712240e', 'audio/mpeg', 'public/storage/queue/20250615/380d9b5a52ad238badc848da68f4c363c712240e.mp3', 'mp3', 620535, '605.99 KB', 'http://10.0.0.130:8787/storage/queue/20250615/380d9b5a52ad238badc848da68f4c363c712240e.mp3', NULL, NULL, NULL, '2025-06-15 11:56:21', '2025-06-15 11:56:21', NULL);
INSERT INTO `sa_system_attachment` (`id`, `storage_mode`, `origin_name`, `object_name`, `hash`, `mime_type`, `storage_path`, `suffix`, `size_byte`, `size_info`, `url`, `remark`, `created_by`, `updated_by`, `create_time`, `update_time`, `delete_time`) VALUES (145, 1, 'task_47_video_1749959781_extracted.mp3', '452b53bf511afd5f8362cf7908671617cb04b38c.mp3', '452b53bf511afd5f8362cf7908671617cb04b38c', 'audio/mpeg', 'public/storage/queue/20250615/452b53bf511afd5f8362cf7908671617cb04b38c.mp3', 'mp3', 249803, '243.95 KB', 'http://10.0.0.130:8787/storage/queue/20250615/452b53bf511afd5f8362cf7908671617cb04b38c.mp3', NULL, NULL, NULL, '2025-06-15 11:56:22', '2025-06-15 11:56:22', NULL);
INSERT INTO `sa_system_attachment` (`id`, `storage_mode`, `origin_name`, `object_name`, `hash`, `mime_type`, `storage_path`, `suffix`, `size_byte`, `size_info`, `url`, `remark`, `created_by`, `updated_by`, `create_time`, `update_time`, `delete_time`) VALUES (146, 1, 'task_48_video_1749959781_extracted.mp3', 'ade4ae7312396f97a9deac842939c6281dab8f66.mp3', 'ade4ae7312396f97a9deac842939c6281dab8f66', 'audio/mpeg', 'public/storage/queue/20250615/ade4ae7312396f97a9deac842939c6281dab8f66.mp3', 'mp3', 269031, '262.73 KB', 'http://10.0.0.130:8787/storage/queue/20250615/ade4ae7312396f97a9deac842939c6281dab8f66.mp3', NULL, NULL, NULL, '2025-06-15 11:56:22', '2025-06-15 11:56:22', NULL);
INSERT INTO `sa_system_attachment` (`id`, `storage_mode`, `origin_name`, `object_name`, `hash`, `mime_type`, `storage_path`, `suffix`, `size_byte`, `size_info`, `url`, `remark`, `created_by`, `updated_by`, `create_time`, `update_time`, `delete_time`) VALUES (147, 1, 'task_49_video_1749959781_extracted.mp3', '0d8227f13865c1dee63974ea6211d181ed69068e.mp3', '0d8227f13865c1dee63974ea6211d181ed69068e', 'audio/mpeg', 'public/storage/queue/20250615/0d8227f13865c1dee63974ea6211d181ed69068e.mp3', 'mp3', 139882, '136.6 KB', 'http://10.0.0.130:8787/storage/queue/20250615/0d8227f13865c1dee63974ea6211d181ed69068e.mp3', NULL, NULL, NULL, '2025-06-15 11:56:22', '2025-06-15 11:56:22', NULL);
INSERT INTO `sa_system_attachment` (`id`, `storage_mode`, `origin_name`, `object_name`, `hash`, `mime_type`, `storage_path`, `suffix`, `size_byte`, `size_info`, `url`, `remark`, `created_by`, `updated_by`, `create_time`, `update_time`, `delete_time`) VALUES (148, 1, 'task_50_video_1749959782_extracted.mp3', '71688fdaccc901abc7961662421f8f57feff4889.mp3', '71688fdaccc901abc7961662421f8f57feff4889', 'audio/mpeg', 'public/storage/queue/20250615/71688fdaccc901abc7961662421f8f57feff4889.mp3', 'mp3', 327124, '319.46 KB', 'http://10.0.0.130:8787/storage/queue/20250615/71688fdaccc901abc7961662421f8f57feff4889.mp3', NULL, NULL, NULL, '2025-06-15 11:56:22', '2025-06-15 11:56:22', NULL);
INSERT INTO `sa_system_attachment` (`id`, `storage_mode`, `origin_name`, `object_name`, `hash`, `mime_type`, `storage_path`, `suffix`, `size_byte`, `size_info`, `url`, `remark`, `created_by`, `updated_by`, `create_time`, `update_time`, `delete_time`) VALUES (149, 1, 'task_51_video_1749959782_extracted.mp3', 'c2ffd4161b400f3f296df26755b499adcd1468e6.mp3', 'c2ffd4161b400f3f296df26755b499adcd1468e6', 'audio/mpeg', 'public/storage/queue/20250615/c2ffd4161b400f3f296df26755b499adcd1468e6.mp3', 'mp3', 419497, '409.67 KB', 'http://10.0.0.130:8787/storage/queue/20250615/c2ffd4161b400f3f296df26755b499adcd1468e6.mp3', NULL, NULL, NULL, '2025-06-15 11:56:23', '2025-06-15 11:56:23', NULL);
INSERT INTO `sa_system_attachment` (`id`, `storage_mode`, `origin_name`, `object_name`, `hash`, `mime_type`, `storage_path`, `suffix`, `size_byte`, `size_info`, `url`, `remark`, `created_by`, `updated_by`, `create_time`, `update_time`, `delete_time`) VALUES (150, 1, 'task_52_video_1749959782_extracted.mp3', '0a0dc8406a6c0c23b63345eb54c69d5e7230f6ef.mp3', '0a0dc8406a6c0c23b63345eb54c69d5e7230f6ef', 'audio/mpeg', 'public/storage/queue/20250615/0a0dc8406a6c0c23b63345eb54c69d5e7230f6ef.mp3', 'mp3', 255239, '249.26 KB', 'http://10.0.0.130:8787/storage/queue/20250615/0a0dc8406a6c0c23b63345eb54c69d5e7230f6ef.mp3', NULL, NULL, NULL, '2025-06-15 11:56:23', '2025-06-15 11:56:23', NULL);
INSERT INTO `sa_system_attachment` (`id`, `storage_mode`, `origin_name`, `object_name`, `hash`, `mime_type`, `storage_path`, `suffix`, `size_byte`, `size_info`, `url`, `remark`, `created_by`, `updated_by`, `create_time`, `update_time`, `delete_time`) VALUES (151, 1, 'task_53_video_1749959783_extracted.mp3', '45ba15a1b88f958f4bf043e50d38361d47005540.mp3', '45ba15a1b88f958f4bf043e50d38361d47005540', 'audio/mpeg', 'public/storage/queue/20250615/45ba15a1b88f958f4bf043e50d38361d47005540.mp3', 'mp3', 114801, '112.11 KB', 'http://10.0.0.130:8787/storage/queue/20250615/45ba15a1b88f958f4bf043e50d38361d47005540.mp3', NULL, NULL, NULL, '2025-06-15 11:56:23', '2025-06-15 11:56:23', NULL);
INSERT INTO `sa_system_attachment` (`id`, `storage_mode`, `origin_name`, `object_name`, `hash`, `mime_type`, `storage_path`, `suffix`, `size_byte`, `size_info`, `url`, `remark`, `created_by`, `updated_by`, `create_time`, `update_time`, `delete_time`) VALUES (152, 1, 'task_54_video_1749959783_extracted.mp3', 'a275a98cdf5912e9c795131db4ef38aaf1906d35.mp3', 'a275a98cdf5912e9c795131db4ef38aaf1906d35', 'audio/mpeg', 'public/storage/queue/20250615/a275a98cdf5912e9c795131db4ef38aaf1906d35.mp3', 'mp3', 238936, '233.34 KB', 'http://10.0.0.130:8787/storage/queue/20250615/a275a98cdf5912e9c795131db4ef38aaf1906d35.mp3', NULL, NULL, NULL, '2025-06-15 11:56:24', '2025-06-15 11:56:24', NULL);
INSERT INTO `sa_system_attachment` (`id`, `storage_mode`, `origin_name`, `object_name`, `hash`, `mime_type`, `storage_path`, `suffix`, `size_byte`, `size_info`, `url`, `remark`, `created_by`, `updated_by`, `create_time`, `update_time`, `delete_time`) VALUES (153, 1, 'task_37_audio_1749968545.mp3', '7132011c90ec1da20c26db197ed5b799e75fe704.mp3', '7132011c90ec1da20c26db197ed5b799e75fe704', 'audio/mpeg', 'public/storage/queue/20250615/7132011c90ec1da20c26db197ed5b799e75fe704.mp3', 'mp3', 8917203, '8.5 MB', 'http://10.0.0.130:8787/storage/queue/20250615/7132011c90ec1da20c26db197ed5b799e75fe704.mp3', NULL, NULL, NULL, '2025-06-15 14:22:25', '2025-06-15 14:22:25', NULL);
INSERT INTO `sa_system_attachment` (`id`, `storage_mode`, `origin_name`, `object_name`, `hash`, `mime_type`, `storage_path`, `suffix`, `size_byte`, `size_info`, `url`, `remark`, `created_by`, `updated_by`, `create_time`, `update_time`, `delete_time`) VALUES (154, 1, 'task_38_video_1749968545_extracted.mp3', 'a275a98cdf5912e9c795131db4ef38aaf1906d35.mp3', 'a275a98cdf5912e9c795131db4ef38aaf1906d35', 'audio/mpeg', 'public/storage/queue/20250615/a275a98cdf5912e9c795131db4ef38aaf1906d35.mp3', 'mp3', 238936, '233.34 KB', 'http://10.0.0.130:8787/storage/queue/20250615/a275a98cdf5912e9c795131db4ef38aaf1906d35.mp3', NULL, NULL, NULL, '2025-06-15 14:22:26', '2025-06-15 14:22:26', NULL);
INSERT INTO `sa_system_attachment` (`id`, `storage_mode`, `origin_name`, `object_name`, `hash`, `mime_type`, `storage_path`, `suffix`, `size_byte`, `size_info`, `url`, `remark`, `created_by`, `updated_by`, `create_time`, `update_time`, `delete_time`) VALUES (155, 1, 'task_39_video_1749968545_extracted.mp3', 'a0679f277e9a8c0a263693f9cf31908d80ea572c.mp3', 'a0679f277e9a8c0a263693f9cf31908d80ea572c', 'audio/mpeg', 'public/storage/queue/20250615/a0679f277e9a8c0a263693f9cf31908d80ea572c.mp3', 'mp3', 8322187, '7.94 MB', 'http://10.0.0.130:8787/storage/queue/20250615/a0679f277e9a8c0a263693f9cf31908d80ea572c.mp3', NULL, NULL, NULL, '2025-06-15 14:22:30', '2025-06-15 14:22:30', NULL);
INSERT INTO `sa_system_attachment` (`id`, `storage_mode`, `origin_name`, `object_name`, `hash`, `mime_type`, `storage_path`, `suffix`, `size_byte`, `size_info`, `url`, `remark`, `created_by`, `updated_by`, `create_time`, `update_time`, `delete_time`) VALUES (156, 1, 'task_40_video_1749968549_extracted.mp3', '58ae53c4898df1e248470f4d5f3e01148ba8aa7c.mp3', '58ae53c4898df1e248470f4d5f3e01148ba8aa7c', 'audio/mpeg', 'public/storage/queue/20250615/58ae53c4898df1e248470f4d5f3e01148ba8aa7c.mp3', 'mp3', 2719444, '2.59 MB', 'http://10.0.0.130:8787/storage/queue/20250615/58ae53c4898df1e248470f4d5f3e01148ba8aa7c.mp3', NULL, NULL, NULL, '2025-06-15 14:22:31', '2025-06-15 14:22:31', NULL);
INSERT INTO `sa_system_attachment` (`id`, `storage_mode`, `origin_name`, `object_name`, `hash`, `mime_type`, `storage_path`, `suffix`, `size_byte`, `size_info`, `url`, `remark`, `created_by`, `updated_by`, `create_time`, `update_time`, `delete_time`) VALUES (157, 1, 'task_41_video_1749968551_extracted.mp3', 'a0679f277e9a8c0a263693f9cf31908d80ea572c.mp3', 'a0679f277e9a8c0a263693f9cf31908d80ea572c', 'audio/mpeg', 'public/storage/queue/20250615/a0679f277e9a8c0a263693f9cf31908d80ea572c.mp3', 'mp3', 8322187, '7.94 MB', 'http://10.0.0.130:8787/storage/queue/20250615/a0679f277e9a8c0a263693f9cf31908d80ea572c.mp3', NULL, NULL, NULL, '2025-06-15 14:22:35', '2025-06-15 14:22:35', NULL);
INSERT INTO `sa_system_attachment` (`id`, `storage_mode`, `origin_name`, `object_name`, `hash`, `mime_type`, `storage_path`, `suffix`, `size_byte`, `size_info`, `url`, `remark`, `created_by`, `updated_by`, `create_time`, `update_time`, `delete_time`) VALUES (158, 1, 'task_42_video_1749968555_extracted.mp3', 'a0679f277e9a8c0a263693f9cf31908d80ea572c.mp3', 'a0679f277e9a8c0a263693f9cf31908d80ea572c', 'audio/mpeg', 'public/storage/queue/20250615/a0679f277e9a8c0a263693f9cf31908d80ea572c.mp3', 'mp3', 8322187, '7.94 MB', 'http://10.0.0.130:8787/storage/queue/20250615/a0679f277e9a8c0a263693f9cf31908d80ea572c.mp3', NULL, NULL, NULL, '2025-06-15 14:22:39', '2025-06-15 14:22:39', NULL);
INSERT INTO `sa_system_attachment` (`id`, `storage_mode`, `origin_name`, `object_name`, `hash`, `mime_type`, `storage_path`, `suffix`, `size_byte`, `size_info`, `url`, `remark`, `created_by`, `updated_by`, `create_time`, `update_time`, `delete_time`) VALUES (159, 1, 'task_43_video_1749968559_extracted.mp3', 'a0679f277e9a8c0a263693f9cf31908d80ea572c.mp3', 'a0679f277e9a8c0a263693f9cf31908d80ea572c', 'audio/mpeg', 'public/storage/queue/20250615/a0679f277e9a8c0a263693f9cf31908d80ea572c.mp3', 'mp3', 8322187, '7.94 MB', 'http://10.0.0.130:8787/storage/queue/20250615/a0679f277e9a8c0a263693f9cf31908d80ea572c.mp3', NULL, NULL, NULL, '2025-06-15 14:22:43', '2025-06-15 14:22:43', NULL);
INSERT INTO `sa_system_attachment` (`id`, `storage_mode`, `origin_name`, `object_name`, `hash`, `mime_type`, `storage_path`, `suffix`, `size_byte`, `size_info`, `url`, `remark`, `created_by`, `updated_by`, `create_time`, `update_time`, `delete_time`) VALUES (160, 1, 'task_44_video_1749968563_extracted.mp3', '58ae53c4898df1e248470f4d5f3e01148ba8aa7c.mp3', '58ae53c4898df1e248470f4d5f3e01148ba8aa7c', 'audio/mpeg', 'public/storage/queue/20250615/58ae53c4898df1e248470f4d5f3e01148ba8aa7c.mp3', 'mp3', 2719444, '2.59 MB', 'http://10.0.0.130:8787/storage/queue/20250615/58ae53c4898df1e248470f4d5f3e01148ba8aa7c.mp3', NULL, NULL, NULL, '2025-06-15 14:22:45', '2025-06-15 14:22:45', NULL);
INSERT INTO `sa_system_attachment` (`id`, `storage_mode`, `origin_name`, `object_name`, `hash`, `mime_type`, `storage_path`, `suffix`, `size_byte`, `size_info`, `url`, `remark`, `created_by`, `updated_by`, `create_time`, `update_time`, `delete_time`) VALUES (161, 1, 'task_45_video_1749968565_extracted.mp3', 'a0679f277e9a8c0a263693f9cf31908d80ea572c.mp3', 'a0679f277e9a8c0a263693f9cf31908d80ea572c', 'audio/mpeg', 'public/storage/queue/20250615/a0679f277e9a8c0a263693f9cf31908d80ea572c.mp3', 'mp3', 8322187, '7.94 MB', 'http://10.0.0.130:8787/storage/queue/20250615/a0679f277e9a8c0a263693f9cf31908d80ea572c.mp3', NULL, NULL, NULL, '2025-06-15 14:22:49', '2025-06-15 14:22:49', NULL);
INSERT INTO `sa_system_attachment` (`id`, `storage_mode`, `origin_name`, `object_name`, `hash`, `mime_type`, `storage_path`, `suffix`, `size_byte`, `size_info`, `url`, `remark`, `created_by`, `updated_by`, `create_time`, `update_time`, `delete_time`) VALUES (162, 1, 'task_46_video_1749968569_extracted.mp3', '380d9b5a52ad238badc848da68f4c363c712240e.mp3', '380d9b5a52ad238badc848da68f4c363c712240e', 'audio/mpeg', 'public/storage/queue/20250615/380d9b5a52ad238badc848da68f4c363c712240e.mp3', 'mp3', 620535, '605.99 KB', 'http://10.0.0.130:8787/storage/queue/20250615/380d9b5a52ad238badc848da68f4c363c712240e.mp3', NULL, NULL, NULL, '2025-06-15 14:22:50', '2025-06-15 14:22:50', NULL);
INSERT INTO `sa_system_attachment` (`id`, `storage_mode`, `origin_name`, `object_name`, `hash`, `mime_type`, `storage_path`, `suffix`, `size_byte`, `size_info`, `url`, `remark`, `created_by`, `updated_by`, `create_time`, `update_time`, `delete_time`) VALUES (163, 1, 'task_47_video_1749968569_extracted.mp3', '452b53bf511afd5f8362cf7908671617cb04b38c.mp3', '452b53bf511afd5f8362cf7908671617cb04b38c', 'audio/mpeg', 'public/storage/queue/20250615/452b53bf511afd5f8362cf7908671617cb04b38c.mp3', 'mp3', 249803, '243.95 KB', 'http://10.0.0.130:8787/storage/queue/20250615/452b53bf511afd5f8362cf7908671617cb04b38c.mp3', NULL, NULL, NULL, '2025-06-15 14:22:50', '2025-06-15 14:22:50', NULL);
INSERT INTO `sa_system_attachment` (`id`, `storage_mode`, `origin_name`, `object_name`, `hash`, `mime_type`, `storage_path`, `suffix`, `size_byte`, `size_info`, `url`, `remark`, `created_by`, `updated_by`, `create_time`, `update_time`, `delete_time`) VALUES (164, 1, 'task_48_video_1749968569_extracted.mp3', 'ade4ae7312396f97a9deac842939c6281dab8f66.mp3', 'ade4ae7312396f97a9deac842939c6281dab8f66', 'audio/mpeg', 'public/storage/queue/20250615/ade4ae7312396f97a9deac842939c6281dab8f66.mp3', 'mp3', 269031, '262.73 KB', 'http://10.0.0.130:8787/storage/queue/20250615/ade4ae7312396f97a9deac842939c6281dab8f66.mp3', NULL, NULL, NULL, '2025-06-15 14:22:50', '2025-06-15 14:22:50', NULL);
INSERT INTO `sa_system_attachment` (`id`, `storage_mode`, `origin_name`, `object_name`, `hash`, `mime_type`, `storage_path`, `suffix`, `size_byte`, `size_info`, `url`, `remark`, `created_by`, `updated_by`, `create_time`, `update_time`, `delete_time`) VALUES (165, 1, 'task_49_video_1749968570_extracted.mp3', '0d8227f13865c1dee63974ea6211d181ed69068e.mp3', '0d8227f13865c1dee63974ea6211d181ed69068e', 'audio/mpeg', 'public/storage/queue/20250615/0d8227f13865c1dee63974ea6211d181ed69068e.mp3', 'mp3', 139882, '136.6 KB', 'http://10.0.0.130:8787/storage/queue/20250615/0d8227f13865c1dee63974ea6211d181ed69068e.mp3', NULL, NULL, NULL, '2025-06-15 14:22:50', '2025-06-15 14:22:50', NULL);
INSERT INTO `sa_system_attachment` (`id`, `storage_mode`, `origin_name`, `object_name`, `hash`, `mime_type`, `storage_path`, `suffix`, `size_byte`, `size_info`, `url`, `remark`, `created_by`, `updated_by`, `create_time`, `update_time`, `delete_time`) VALUES (166, 1, 'task_50_video_1749968570_extracted.mp3', '71688fdaccc901abc7961662421f8f57feff4889.mp3', '71688fdaccc901abc7961662421f8f57feff4889', 'audio/mpeg', 'public/storage/queue/20250615/71688fdaccc901abc7961662421f8f57feff4889.mp3', 'mp3', 327124, '319.46 KB', 'http://10.0.0.130:8787/storage/queue/20250615/71688fdaccc901abc7961662421f8f57feff4889.mp3', NULL, NULL, NULL, '2025-06-15 14:22:51', '2025-06-15 14:22:51', NULL);
INSERT INTO `sa_system_attachment` (`id`, `storage_mode`, `origin_name`, `object_name`, `hash`, `mime_type`, `storage_path`, `suffix`, `size_byte`, `size_info`, `url`, `remark`, `created_by`, `updated_by`, `create_time`, `update_time`, `delete_time`) VALUES (167, 1, 'task_51_video_1749968570_extracted.mp3', 'c2ffd4161b400f3f296df26755b499adcd1468e6.mp3', 'c2ffd4161b400f3f296df26755b499adcd1468e6', 'audio/mpeg', 'public/storage/queue/20250615/c2ffd4161b400f3f296df26755b499adcd1468e6.mp3', 'mp3', 419497, '409.67 KB', 'http://10.0.0.130:8787/storage/queue/20250615/c2ffd4161b400f3f296df26755b499adcd1468e6.mp3', NULL, NULL, NULL, '2025-06-15 14:22:51', '2025-06-15 14:22:51', NULL);
INSERT INTO `sa_system_attachment` (`id`, `storage_mode`, `origin_name`, `object_name`, `hash`, `mime_type`, `storage_path`, `suffix`, `size_byte`, `size_info`, `url`, `remark`, `created_by`, `updated_by`, `create_time`, `update_time`, `delete_time`) VALUES (168, 1, 'task_52_video_1749968570_extracted.mp3', '0a0dc8406a6c0c23b63345eb54c69d5e7230f6ef.mp3', '0a0dc8406a6c0c23b63345eb54c69d5e7230f6ef', 'audio/mpeg', 'public/storage/queue/20250615/0a0dc8406a6c0c23b63345eb54c69d5e7230f6ef.mp3', 'mp3', 255239, '249.26 KB', 'http://10.0.0.130:8787/storage/queue/20250615/0a0dc8406a6c0c23b63345eb54c69d5e7230f6ef.mp3', NULL, NULL, NULL, '2025-06-15 14:22:51', '2025-06-15 14:22:51', NULL);
INSERT INTO `sa_system_attachment` (`id`, `storage_mode`, `origin_name`, `object_name`, `hash`, `mime_type`, `storage_path`, `suffix`, `size_byte`, `size_info`, `url`, `remark`, `created_by`, `updated_by`, `create_time`, `update_time`, `delete_time`) VALUES (169, 1, 'task_53_video_1749968571_extracted.mp3', '45ba15a1b88f958f4bf043e50d38361d47005540.mp3', '45ba15a1b88f958f4bf043e50d38361d47005540', 'audio/mpeg', 'public/storage/queue/20250615/45ba15a1b88f958f4bf043e50d38361d47005540.mp3', 'mp3', 114801, '112.11 KB', 'http://10.0.0.130:8787/storage/queue/20250615/45ba15a1b88f958f4bf043e50d38361d47005540.mp3', NULL, NULL, NULL, '2025-06-15 14:22:51', '2025-06-15 14:22:51', NULL);
INSERT INTO `sa_system_attachment` (`id`, `storage_mode`, `origin_name`, `object_name`, `hash`, `mime_type`, `storage_path`, `suffix`, `size_byte`, `size_info`, `url`, `remark`, `created_by`, `updated_by`, `create_time`, `update_time`, `delete_time`) VALUES (170, 1, 'task_54_video_1749968571_extracted.mp3', 'a275a98cdf5912e9c795131db4ef38aaf1906d35.mp3', 'a275a98cdf5912e9c795131db4ef38aaf1906d35', 'audio/mpeg', 'public/storage/queue/20250615/a275a98cdf5912e9c795131db4ef38aaf1906d35.mp3', 'mp3', 238936, '233.34 KB', 'http://10.0.0.130:8787/storage/queue/20250615/a275a98cdf5912e9c795131db4ef38aaf1906d35.mp3', NULL, NULL, NULL, '2025-06-15 14:22:52', '2025-06-15 14:22:52', NULL);
INSERT INTO `sa_system_attachment` (`id`, `storage_mode`, `origin_name`, `object_name`, `hash`, `mime_type`, `storage_path`, `suffix`, `size_byte`, `size_info`, `url`, `remark`, `created_by`, `updated_by`, `create_time`, `update_time`, `delete_time`) VALUES (171, 1, '7132011c90ec1da20c26db197ed5b799e75fe704_cleared.wav', '0362b7207928ac3786a8738e1654a8500626d8d3.wav', '0362b7207928ac3786a8738e1654a8500626d8d3', 'audio/wav', 'public/storage/queue/20250615/0362b7207928ac3786a8738e1654a8500626d8d3.wav', 'wav', 3559140, '3.39 MB', 'http://10.0.0.130:8787/storage/queue/20250615/0362b7207928ac3786a8738e1654a8500626d8d3.wav', NULL, NULL, NULL, '2025-06-15 14:22:52', '2025-06-15 14:22:52', NULL);
INSERT INTO `sa_system_attachment` (`id`, `storage_mode`, `origin_name`, `object_name`, `hash`, `mime_type`, `storage_path`, `suffix`, `size_byte`, `size_info`, `url`, `remark`, `created_by`, `updated_by`, `create_time`, `update_time`, `delete_time`) VALUES (172, 1, 'a275a98cdf5912e9c795131db4ef38aaf1906d35_cleared.wav', 'd98a79a06637371f5f5bd620895d2b2a2ba2db94.wav', 'd98a79a06637371f5f5bd620895d2b2a2ba2db94', 'audio/wav', 'public/storage/queue/20250615/d98a79a06637371f5f5bd620895d2b2a2ba2db94.wav', 'wav', 238152, '232.57 KB', 'http://10.0.0.130:8787/storage/queue/20250615/d98a79a06637371f5f5bd620895d2b2a2ba2db94.wav', NULL, NULL, NULL, '2025-06-15 14:22:54', '2025-06-15 14:22:54', NULL);
INSERT INTO `sa_system_attachment` (`id`, `storage_mode`, `origin_name`, `object_name`, `hash`, `mime_type`, `storage_path`, `suffix`, `size_byte`, `size_info`, `url`, `remark`, `created_by`, `updated_by`, `create_time`, `update_time`, `delete_time`) VALUES (173, 1, 'a0679f277e9a8c0a263693f9cf31908d80ea572c_cleared.wav', '9313ff064a6261fac8ea62e6c8f85177a30a60e5.wav', '9313ff064a6261fac8ea62e6c8f85177a30a60e5', 'audio/wav', 'public/storage/queue/20250615/9313ff064a6261fac8ea62e6c8f85177a30a60e5.wav', 'wav', 8303349, '7.92 MB', 'http://10.0.0.130:8787/storage/queue/20250615/9313ff064a6261fac8ea62e6c8f85177a30a60e5.wav', NULL, NULL, NULL, '2025-06-15 14:23:56', '2025-06-15 14:23:56', NULL);
INSERT INTO `sa_system_attachment` (`id`, `storage_mode`, `origin_name`, `object_name`, `hash`, `mime_type`, `storage_path`, `suffix`, `size_byte`, `size_info`, `url`, `remark`, `created_by`, `updated_by`, `create_time`, `update_time`, `delete_time`) VALUES (174, 1, '58ae53c4898df1e248470f4d5f3e01148ba8aa7c_cleared.wav', '746b87d82dbe511f12420c60363cf1396b68510a.wav', '746b87d82dbe511f12420c60363cf1396b68510a', 'audio/wav', 'public/storage/queue/20250615/746b87d82dbe511f12420c60363cf1396b68510a.wav', 'wav', 2713047, '2.59 MB', 'http://10.0.0.130:8787/storage/queue/20250615/746b87d82dbe511f12420c60363cf1396b68510a.wav', NULL, NULL, NULL, '2025-06-15 14:24:17', '2025-06-15 14:24:17', NULL);
INSERT INTO `sa_system_attachment` (`id`, `storage_mode`, `origin_name`, `object_name`, `hash`, `mime_type`, `storage_path`, `suffix`, `size_byte`, `size_info`, `url`, `remark`, `created_by`, `updated_by`, `create_time`, `update_time`, `delete_time`) VALUES (175, 1, 'a0679f277e9a8c0a263693f9cf31908d80ea572c_cleared.wav', '229813bc31720f838bbf584048efd42bea6bfef5.wav', '229813bc31720f838bbf584048efd42bea6bfef5', 'audio/wav', 'public/storage/queue/20250615/229813bc31720f838bbf584048efd42bea6bfef5.wav', 'wav', 8303349, '7.92 MB', 'http://10.0.0.130:8787/storage/queue/20250615/229813bc31720f838bbf584048efd42bea6bfef5.wav', NULL, NULL, NULL, '2025-06-15 14:25:20', '2025-06-15 14:25:20', NULL);
INSERT INTO `sa_system_attachment` (`id`, `storage_mode`, `origin_name`, `object_name`, `hash`, `mime_type`, `storage_path`, `suffix`, `size_byte`, `size_info`, `url`, `remark`, `created_by`, `updated_by`, `create_time`, `update_time`, `delete_time`) VALUES (176, 1, 'task_55_video_1749969003_extracted.mp3', '41b8be1512abae829677b8355130f8cc90b9b6f8.mp3', '41b8be1512abae829677b8355130f8cc90b9b6f8', 'audio/mpeg', 'public/storage/queue/20250615/41b8be1512abae829677b8355130f8cc90b9b6f8.mp3', 'mp3', 2362483, '2.25 MB', 'http://10.0.0.130:8787/storage/queue/20250615/41b8be1512abae829677b8355130f8cc90b9b6f8.mp3', NULL, NULL, NULL, '2025-06-15 14:30:05', '2025-06-15 14:30:05', NULL);
INSERT INTO `sa_system_attachment` (`id`, `storage_mode`, `origin_name`, `object_name`, `hash`, `mime_type`, `storage_path`, `suffix`, `size_byte`, `size_info`, `url`, `remark`, `created_by`, `updated_by`, `create_time`, `update_time`, `delete_time`) VALUES (177, 1, 'task_56_video_1749969004_extracted.mp3', 'e08b5c8d974c82747603f424b45880fae68d656b.mp3', 'e08b5c8d974c82747603f424b45880fae68d656b', 'audio/mpeg', 'public/storage/queue/20250615/e08b5c8d974c82747603f424b45880fae68d656b.mp3', 'mp3', 147403, '143.95 KB', 'http://10.0.0.130:8787/storage/queue/20250615/e08b5c8d974c82747603f424b45880fae68d656b.mp3', NULL, NULL, NULL, '2025-06-15 14:30:05', '2025-06-15 14:30:05', NULL);
INSERT INTO `sa_system_attachment` (`id`, `storage_mode`, `origin_name`, `object_name`, `hash`, `mime_type`, `storage_path`, `suffix`, `size_byte`, `size_info`, `url`, `remark`, `created_by`, `updated_by`, `create_time`, `update_time`, `delete_time`) VALUES (178, 1, 'task_57_video_1749969004_extracted.mp3', '71688fdaccc901abc7961662421f8f57feff4889.mp3', '71688fdaccc901abc7961662421f8f57feff4889', 'audio/mpeg', 'public/storage/queue/20250615/71688fdaccc901abc7961662421f8f57feff4889.mp3', 'mp3', 327124, '319.46 KB', 'http://10.0.0.130:8787/storage/queue/20250615/71688fdaccc901abc7961662421f8f57feff4889.mp3', NULL, NULL, NULL, '2025-06-15 14:30:05', '2025-06-15 14:30:05', NULL);
INSERT INTO `sa_system_attachment` (`id`, `storage_mode`, `origin_name`, `object_name`, `hash`, `mime_type`, `storage_path`, `suffix`, `size_byte`, `size_info`, `url`, `remark`, `created_by`, `updated_by`, `create_time`, `update_time`, `delete_time`) VALUES (179, 1, 'task_58_video_1749969005_extracted.mp3', '0a0dc8406a6c0c23b63345eb54c69d5e7230f6ef.mp3', '0a0dc8406a6c0c23b63345eb54c69d5e7230f6ef', 'audio/mpeg', 'public/storage/queue/20250615/0a0dc8406a6c0c23b63345eb54c69d5e7230f6ef.mp3', 'mp3', 255239, '249.26 KB', 'http://10.0.0.130:8787/storage/queue/20250615/0a0dc8406a6c0c23b63345eb54c69d5e7230f6ef.mp3', NULL, NULL, NULL, '2025-06-15 14:30:05', '2025-06-15 14:30:05', NULL);
INSERT INTO `sa_system_attachment` (`id`, `storage_mode`, `origin_name`, `object_name`, `hash`, `mime_type`, `storage_path`, `suffix`, `size_byte`, `size_info`, `url`, `remark`, `created_by`, `updated_by`, `create_time`, `update_time`, `delete_time`) VALUES (180, 1, 'task_59_audio_1749969005.wav', '07af7b9787cae1ef6a03da6f3de2cfa1415206ae.wav', '07af7b9787cae1ef6a03da6f3de2cfa1415206ae', 'audio/x-wav', 'public/storage/queue/20250615/07af7b9787cae1ef6a03da6f3de2cfa1415206ae.wav', 'wav', 60020098, '57.24 MB', 'http://10.0.0.130:8787/storage/queue/20250615/07af7b9787cae1ef6a03da6f3de2cfa1415206ae.wav', NULL, NULL, NULL, '2025-06-15 14:30:06', '2025-06-15 14:30:06', NULL);
INSERT INTO `sa_system_attachment` (`id`, `storage_mode`, `origin_name`, `object_name`, `hash`, `mime_type`, `storage_path`, `suffix`, `size_byte`, `size_info`, `url`, `remark`, `created_by`, `updated_by`, `create_time`, `update_time`, `delete_time`) VALUES (181, 1, 'task_37_audio_1749969007.mp3', '7132011c90ec1da20c26db197ed5b799e75fe704.mp3', '7132011c90ec1da20c26db197ed5b799e75fe704', 'audio/mpeg', 'public/storage/queue/20250615/7132011c90ec1da20c26db197ed5b799e75fe704.mp3', 'mp3', 8917203, '8.5 MB', 'http://10.0.0.130:8787/storage/queue/20250615/7132011c90ec1da20c26db197ed5b799e75fe704.mp3', NULL, NULL, NULL, '2025-06-15 14:30:08', '2025-06-15 14:30:08', NULL);
INSERT INTO `sa_system_attachment` (`id`, `storage_mode`, `origin_name`, `object_name`, `hash`, `mime_type`, `storage_path`, `suffix`, `size_byte`, `size_info`, `url`, `remark`, `created_by`, `updated_by`, `create_time`, `update_time`, `delete_time`) VALUES (182, 1, 'task_38_video_1749969007_extracted.mp3', 'a275a98cdf5912e9c795131db4ef38aaf1906d35.mp3', 'a275a98cdf5912e9c795131db4ef38aaf1906d35', 'audio/mpeg', 'public/storage/queue/20250615/a275a98cdf5912e9c795131db4ef38aaf1906d35.mp3', 'mp3', 238936, '233.34 KB', 'http://10.0.0.130:8787/storage/queue/20250615/a275a98cdf5912e9c795131db4ef38aaf1906d35.mp3', NULL, NULL, NULL, '2025-06-15 14:30:08', '2025-06-15 14:30:08', NULL);
INSERT INTO `sa_system_attachment` (`id`, `storage_mode`, `origin_name`, `object_name`, `hash`, `mime_type`, `storage_path`, `suffix`, `size_byte`, `size_info`, `url`, `remark`, `created_by`, `updated_by`, `create_time`, `update_time`, `delete_time`) VALUES (183, 1, 'task_39_video_1749969008_extracted.mp3', 'a0679f277e9a8c0a263693f9cf31908d80ea572c.mp3', 'a0679f277e9a8c0a263693f9cf31908d80ea572c', 'audio/mpeg', 'public/storage/queue/20250615/a0679f277e9a8c0a263693f9cf31908d80ea572c.mp3', 'mp3', 8322187, '7.94 MB', 'http://10.0.0.130:8787/storage/queue/20250615/a0679f277e9a8c0a263693f9cf31908d80ea572c.mp3', NULL, NULL, NULL, '2025-06-15 14:30:12', '2025-06-15 14:30:12', NULL);
INSERT INTO `sa_system_attachment` (`id`, `storage_mode`, `origin_name`, `object_name`, `hash`, `mime_type`, `storage_path`, `suffix`, `size_byte`, `size_info`, `url`, `remark`, `created_by`, `updated_by`, `create_time`, `update_time`, `delete_time`) VALUES (184, 1, 'task_40_video_1749969012_extracted.mp3', '58ae53c4898df1e248470f4d5f3e01148ba8aa7c.mp3', '58ae53c4898df1e248470f4d5f3e01148ba8aa7c', 'audio/mpeg', 'public/storage/queue/20250615/58ae53c4898df1e248470f4d5f3e01148ba8aa7c.mp3', 'mp3', 2719444, '2.59 MB', 'http://10.0.0.130:8787/storage/queue/20250615/58ae53c4898df1e248470f4d5f3e01148ba8aa7c.mp3', NULL, NULL, NULL, '2025-06-15 14:30:14', '2025-06-15 14:30:14', NULL);
INSERT INTO `sa_system_attachment` (`id`, `storage_mode`, `origin_name`, `object_name`, `hash`, `mime_type`, `storage_path`, `suffix`, `size_byte`, `size_info`, `url`, `remark`, `created_by`, `updated_by`, `create_time`, `update_time`, `delete_time`) VALUES (185, 1, 'task_41_video_1749969014_extracted.mp3', 'a0679f277e9a8c0a263693f9cf31908d80ea572c.mp3', 'a0679f277e9a8c0a263693f9cf31908d80ea572c', 'audio/mpeg', 'public/storage/queue/20250615/a0679f277e9a8c0a263693f9cf31908d80ea572c.mp3', 'mp3', 8322187, '7.94 MB', 'http://10.0.0.130:8787/storage/queue/20250615/a0679f277e9a8c0a263693f9cf31908d80ea572c.mp3', NULL, NULL, NULL, '2025-06-15 14:30:18', '2025-06-15 14:30:18', NULL);
INSERT INTO `sa_system_attachment` (`id`, `storage_mode`, `origin_name`, `object_name`, `hash`, `mime_type`, `storage_path`, `suffix`, `size_byte`, `size_info`, `url`, `remark`, `created_by`, `updated_by`, `create_time`, `update_time`, `delete_time`) VALUES (186, 1, 'task_42_video_1749969017_extracted.mp3', 'a0679f277e9a8c0a263693f9cf31908d80ea572c.mp3', 'a0679f277e9a8c0a263693f9cf31908d80ea572c', 'audio/mpeg', 'public/storage/queue/20250615/a0679f277e9a8c0a263693f9cf31908d80ea572c.mp3', 'mp3', 8322187, '7.94 MB', 'http://10.0.0.130:8787/storage/queue/20250615/a0679f277e9a8c0a263693f9cf31908d80ea572c.mp3', NULL, NULL, NULL, '2025-06-15 14:30:22', '2025-06-15 14:30:22', NULL);
INSERT INTO `sa_system_attachment` (`id`, `storage_mode`, `origin_name`, `object_name`, `hash`, `mime_type`, `storage_path`, `suffix`, `size_byte`, `size_info`, `url`, `remark`, `created_by`, `updated_by`, `create_time`, `update_time`, `delete_time`) VALUES (187, 1, '41b8be1512abae829677b8355130f8cc90b9b6f8_cleared.wav', 'e54059df7966b77995ff0435657c74df4a3b59a3.wav', 'e54059df7966b77995ff0435657c74df4a3b59a3', 'audio/wav', 'public/storage/queue/20250615/e54059df7966b77995ff0435657c74df4a3b59a3.wav', 'wav', 2357346, '2.25 MB', 'http://10.0.0.130:8787/storage/queue/20250615/e54059df7966b77995ff0435657c74df4a3b59a3.wav', NULL, NULL, NULL, '2025-06-15 14:30:23', '2025-06-15 14:30:23', NULL);
INSERT INTO `sa_system_attachment` (`id`, `storage_mode`, `origin_name`, `object_name`, `hash`, `mime_type`, `storage_path`, `suffix`, `size_byte`, `size_info`, `url`, `remark`, `created_by`, `updated_by`, `create_time`, `update_time`, `delete_time`) VALUES (188, 1, 'e08b5c8d974c82747603f424b45880fae68d656b_cleared.wav', '2f3486f2b5d90bd4acada1aef7eeeac16cee4d28.wav', '2f3486f2b5d90bd4acada1aef7eeeac16cee4d28', 'audio/wav', 'public/storage/queue/20250615/2f3486f2b5d90bd4acada1aef7eeeac16cee4d28.wav', 'wav', 146829, '143.39 KB', 'http://10.0.0.130:8787/storage/queue/20250615/2f3486f2b5d90bd4acada1aef7eeeac16cee4d28.wav', NULL, NULL, NULL, '2025-06-15 14:30:24', '2025-06-15 14:30:24', NULL);
INSERT INTO `sa_system_attachment` (`id`, `storage_mode`, `origin_name`, `object_name`, `hash`, `mime_type`, `storage_path`, `suffix`, `size_byte`, `size_info`, `url`, `remark`, `created_by`, `updated_by`, `create_time`, `update_time`, `delete_time`) VALUES (189, 1, 'task_43_video_1749969021_extracted.mp3', 'a0679f277e9a8c0a263693f9cf31908d80ea572c.mp3', 'a0679f277e9a8c0a263693f9cf31908d80ea572c', 'audio/mpeg', 'public/storage/queue/20250615/a0679f277e9a8c0a263693f9cf31908d80ea572c.mp3', 'mp3', 8322187, '7.94 MB', 'http://10.0.0.130:8787/storage/queue/20250615/a0679f277e9a8c0a263693f9cf31908d80ea572c.mp3', NULL, NULL, NULL, '2025-06-15 14:30:26', '2025-06-15 14:30:26', NULL);
INSERT INTO `sa_system_attachment` (`id`, `storage_mode`, `origin_name`, `object_name`, `hash`, `mime_type`, `storage_path`, `suffix`, `size_byte`, `size_info`, `url`, `remark`, `created_by`, `updated_by`, `create_time`, `update_time`, `delete_time`) VALUES (190, 1, '71688fdaccc901abc7961662421f8f57feff4889_cleared.wav', 'afb94c6b2880b9da0f7a379b966ba62c2d2d8c8c.wav', 'afb94c6b2880b9da0f7a379b966ba62c2d2d8c8c', 'audio/wav', 'public/storage/queue/20250615/afb94c6b2880b9da0f7a379b966ba62c2d2d8c8c.wav', 'wav', 326556, '318.9 KB', 'http://10.0.0.130:8787/storage/queue/20250615/afb94c6b2880b9da0f7a379b966ba62c2d2d8c8c.wav', NULL, NULL, NULL, '2025-06-15 14:30:26', '2025-06-15 14:30:26', NULL);
INSERT INTO `sa_system_attachment` (`id`, `storage_mode`, `origin_name`, `object_name`, `hash`, `mime_type`, `storage_path`, `suffix`, `size_byte`, `size_info`, `url`, `remark`, `created_by`, `updated_by`, `create_time`, `update_time`, `delete_time`) VALUES (191, 1, 'task_44_video_1749969025_extracted.mp3', '58ae53c4898df1e248470f4d5f3e01148ba8aa7c.mp3', '58ae53c4898df1e248470f4d5f3e01148ba8aa7c', 'audio/mpeg', 'public/storage/queue/20250615/58ae53c4898df1e248470f4d5f3e01148ba8aa7c.mp3', 'mp3', 2719444, '2.59 MB', 'http://10.0.0.130:8787/storage/queue/20250615/58ae53c4898df1e248470f4d5f3e01148ba8aa7c.mp3', NULL, NULL, NULL, '2025-06-15 14:30:27', '2025-06-15 14:30:27', NULL);
INSERT INTO `sa_system_attachment` (`id`, `storage_mode`, `origin_name`, `object_name`, `hash`, `mime_type`, `storage_path`, `suffix`, `size_byte`, `size_info`, `url`, `remark`, `created_by`, `updated_by`, `create_time`, `update_time`, `delete_time`) VALUES (192, 1, '0a0dc8406a6c0c23b63345eb54c69d5e7230f6ef_cleared.wav', '6e6ce624cf686817805d3604a0a06dd85119e34a.wav', '6e6ce624cf686817805d3604a0a06dd85119e34a', 'audio/wav', 'public/storage/queue/20250615/6e6ce624cf686817805d3604a0a06dd85119e34a.wav', 'wav', 254415, '248.45 KB', 'http://10.0.0.130:8787/storage/queue/20250615/6e6ce624cf686817805d3604a0a06dd85119e34a.wav', NULL, NULL, NULL, '2025-06-15 14:30:28', '2025-06-15 14:30:28', NULL);
INSERT INTO `sa_system_attachment` (`id`, `storage_mode`, `origin_name`, `object_name`, `hash`, `mime_type`, `storage_path`, `suffix`, `size_byte`, `size_info`, `url`, `remark`, `created_by`, `updated_by`, `create_time`, `update_time`, `delete_time`) VALUES (193, 1, 'task_45_video_1749969027_extracted.mp3', 'a0679f277e9a8c0a263693f9cf31908d80ea572c.mp3', 'a0679f277e9a8c0a263693f9cf31908d80ea572c', 'audio/mpeg', 'public/storage/queue/20250615/a0679f277e9a8c0a263693f9cf31908d80ea572c.mp3', 'mp3', 8322187, '7.94 MB', 'http://10.0.0.130:8787/storage/queue/20250615/a0679f277e9a8c0a263693f9cf31908d80ea572c.mp3', NULL, NULL, NULL, '2025-06-15 14:30:32', '2025-06-15 14:30:32', NULL);
INSERT INTO `sa_system_attachment` (`id`, `storage_mode`, `origin_name`, `object_name`, `hash`, `mime_type`, `storage_path`, `suffix`, `size_byte`, `size_info`, `url`, `remark`, `created_by`, `updated_by`, `create_time`, `update_time`, `delete_time`) VALUES (194, 1, 'task_46_video_1749969031_extracted.mp3', '380d9b5a52ad238badc848da68f4c363c712240e.mp3', '380d9b5a52ad238badc848da68f4c363c712240e', 'audio/mpeg', 'public/storage/queue/20250615/380d9b5a52ad238badc848da68f4c363c712240e.mp3', 'mp3', 620535, '605.99 KB', 'http://10.0.0.130:8787/storage/queue/20250615/380d9b5a52ad238badc848da68f4c363c712240e.mp3', NULL, NULL, NULL, '2025-06-15 14:30:32', '2025-06-15 14:30:32', NULL);
INSERT INTO `sa_system_attachment` (`id`, `storage_mode`, `origin_name`, `object_name`, `hash`, `mime_type`, `storage_path`, `suffix`, `size_byte`, `size_info`, `url`, `remark`, `created_by`, `updated_by`, `create_time`, `update_time`, `delete_time`) VALUES (195, 1, 'task_47_video_1749969032_extracted.mp3', '452b53bf511afd5f8362cf7908671617cb04b38c.mp3', '452b53bf511afd5f8362cf7908671617cb04b38c', 'audio/mpeg', 'public/storage/queue/20250615/452b53bf511afd5f8362cf7908671617cb04b38c.mp3', 'mp3', 249803, '243.95 KB', 'http://10.0.0.130:8787/storage/queue/20250615/452b53bf511afd5f8362cf7908671617cb04b38c.mp3', NULL, NULL, NULL, '2025-06-15 14:30:32', '2025-06-15 14:30:32', NULL);
INSERT INTO `sa_system_attachment` (`id`, `storage_mode`, `origin_name`, `object_name`, `hash`, `mime_type`, `storage_path`, `suffix`, `size_byte`, `size_info`, `url`, `remark`, `created_by`, `updated_by`, `create_time`, `update_time`, `delete_time`) VALUES (196, 1, 'task_48_video_1749969032_extracted.mp3', 'ade4ae7312396f97a9deac842939c6281dab8f66.mp3', 'ade4ae7312396f97a9deac842939c6281dab8f66', 'audio/mpeg', 'public/storage/queue/20250615/ade4ae7312396f97a9deac842939c6281dab8f66.mp3', 'mp3', 269031, '262.73 KB', 'http://10.0.0.130:8787/storage/queue/20250615/ade4ae7312396f97a9deac842939c6281dab8f66.mp3', NULL, NULL, NULL, '2025-06-15 14:30:33', '2025-06-15 14:30:33', NULL);
INSERT INTO `sa_system_attachment` (`id`, `storage_mode`, `origin_name`, `object_name`, `hash`, `mime_type`, `storage_path`, `suffix`, `size_byte`, `size_info`, `url`, `remark`, `created_by`, `updated_by`, `create_time`, `update_time`, `delete_time`) VALUES (197, 1, 'task_49_video_1749969032_extracted.mp3', '0d8227f13865c1dee63974ea6211d181ed69068e.mp3', '0d8227f13865c1dee63974ea6211d181ed69068e', 'audio/mpeg', 'public/storage/queue/20250615/0d8227f13865c1dee63974ea6211d181ed69068e.mp3', 'mp3', 139882, '136.6 KB', 'http://10.0.0.130:8787/storage/queue/20250615/0d8227f13865c1dee63974ea6211d181ed69068e.mp3', NULL, NULL, NULL, '2025-06-15 14:30:33', '2025-06-15 14:30:33', NULL);
INSERT INTO `sa_system_attachment` (`id`, `storage_mode`, `origin_name`, `object_name`, `hash`, `mime_type`, `storage_path`, `suffix`, `size_byte`, `size_info`, `url`, `remark`, `created_by`, `updated_by`, `create_time`, `update_time`, `delete_time`) VALUES (198, 1, 'task_50_video_1749969032_extracted.mp3', '71688fdaccc901abc7961662421f8f57feff4889.mp3', '71688fdaccc901abc7961662421f8f57feff4889', 'audio/mpeg', 'public/storage/queue/20250615/71688fdaccc901abc7961662421f8f57feff4889.mp3', 'mp3', 327124, '319.46 KB', 'http://10.0.0.130:8787/storage/queue/20250615/71688fdaccc901abc7961662421f8f57feff4889.mp3', NULL, NULL, NULL, '2025-06-15 14:30:33', '2025-06-15 14:30:33', NULL);
INSERT INTO `sa_system_attachment` (`id`, `storage_mode`, `origin_name`, `object_name`, `hash`, `mime_type`, `storage_path`, `suffix`, `size_byte`, `size_info`, `url`, `remark`, `created_by`, `updated_by`, `create_time`, `update_time`, `delete_time`) VALUES (199, 1, 'task_51_video_1749969033_extracted.mp3', 'c2ffd4161b400f3f296df26755b499adcd1468e6.mp3', 'c2ffd4161b400f3f296df26755b499adcd1468e6', 'audio/mpeg', 'public/storage/queue/20250615/c2ffd4161b400f3f296df26755b499adcd1468e6.mp3', 'mp3', 419497, '409.67 KB', 'http://10.0.0.130:8787/storage/queue/20250615/c2ffd4161b400f3f296df26755b499adcd1468e6.mp3', NULL, NULL, NULL, '2025-06-15 14:30:33', '2025-06-15 14:30:33', NULL);
INSERT INTO `sa_system_attachment` (`id`, `storage_mode`, `origin_name`, `object_name`, `hash`, `mime_type`, `storage_path`, `suffix`, `size_byte`, `size_info`, `url`, `remark`, `created_by`, `updated_by`, `create_time`, `update_time`, `delete_time`) VALUES (200, 1, 'task_52_video_1749969033_extracted.mp3', '0a0dc8406a6c0c23b63345eb54c69d5e7230f6ef.mp3', '0a0dc8406a6c0c23b63345eb54c69d5e7230f6ef', 'audio/mpeg', 'public/storage/queue/20250615/0a0dc8406a6c0c23b63345eb54c69d5e7230f6ef.mp3', 'mp3', 255239, '249.26 KB', 'http://10.0.0.130:8787/storage/queue/20250615/0a0dc8406a6c0c23b63345eb54c69d5e7230f6ef.mp3', NULL, NULL, NULL, '2025-06-15 14:30:34', '2025-06-15 14:30:34', NULL);
INSERT INTO `sa_system_attachment` (`id`, `storage_mode`, `origin_name`, `object_name`, `hash`, `mime_type`, `storage_path`, `suffix`, `size_byte`, `size_info`, `url`, `remark`, `created_by`, `updated_by`, `create_time`, `update_time`, `delete_time`) VALUES (201, 1, 'task_53_video_1749969033_extracted.mp3', '45ba15a1b88f958f4bf043e50d38361d47005540.mp3', '45ba15a1b88f958f4bf043e50d38361d47005540', 'audio/mpeg', 'public/storage/queue/20250615/45ba15a1b88f958f4bf043e50d38361d47005540.mp3', 'mp3', 114801, '112.11 KB', 'http://10.0.0.130:8787/storage/queue/20250615/45ba15a1b88f958f4bf043e50d38361d47005540.mp3', NULL, NULL, NULL, '2025-06-15 14:30:34', '2025-06-15 14:30:34', NULL);
INSERT INTO `sa_system_attachment` (`id`, `storage_mode`, `origin_name`, `object_name`, `hash`, `mime_type`, `storage_path`, `suffix`, `size_byte`, `size_info`, `url`, `remark`, `created_by`, `updated_by`, `create_time`, `update_time`, `delete_time`) VALUES (202, 1, 'task_54_video_1749969033_extracted.mp3', 'a275a98cdf5912e9c795131db4ef38aaf1906d35.mp3', 'a275a98cdf5912e9c795131db4ef38aaf1906d35', 'audio/mpeg', 'public/storage/queue/20250615/a275a98cdf5912e9c795131db4ef38aaf1906d35.mp3', 'mp3', 238936, '233.34 KB', 'http://10.0.0.130:8787/storage/queue/20250615/a275a98cdf5912e9c795131db4ef38aaf1906d35.mp3', NULL, NULL, NULL, '2025-06-15 14:30:34', '2025-06-15 14:30:34', NULL);
INSERT INTO `sa_system_attachment` (`id`, `storage_mode`, `origin_name`, `object_name`, `hash`, `mime_type`, `storage_path`, `suffix`, `size_byte`, `size_info`, `url`, `remark`, `created_by`, `updated_by`, `create_time`, `update_time`, `delete_time`) VALUES (203, 1, 'task_55_video_1749969034_extracted.mp3', '41b8be1512abae829677b8355130f8cc90b9b6f8.mp3', '41b8be1512abae829677b8355130f8cc90b9b6f8', 'audio/mpeg', 'public/storage/queue/20250615/41b8be1512abae829677b8355130f8cc90b9b6f8.mp3', 'mp3', 2362483, '2.25 MB', 'http://10.0.0.130:8787/storage/queue/20250615/41b8be1512abae829677b8355130f8cc90b9b6f8.mp3', NULL, NULL, NULL, '2025-06-15 14:30:35', '2025-06-15 14:30:35', NULL);
INSERT INTO `sa_system_attachment` (`id`, `storage_mode`, `origin_name`, `object_name`, `hash`, `mime_type`, `storage_path`, `suffix`, `size_byte`, `size_info`, `url`, `remark`, `created_by`, `updated_by`, `create_time`, `update_time`, `delete_time`) VALUES (204, 1, 'task_56_video_1749969035_extracted.mp3', 'e08b5c8d974c82747603f424b45880fae68d656b.mp3', 'e08b5c8d974c82747603f424b45880fae68d656b', 'audio/mpeg', 'public/storage/queue/20250615/e08b5c8d974c82747603f424b45880fae68d656b.mp3', 'mp3', 147403, '143.95 KB', 'http://10.0.0.130:8787/storage/queue/20250615/e08b5c8d974c82747603f424b45880fae68d656b.mp3', NULL, NULL, NULL, '2025-06-15 14:30:36', '2025-06-15 14:30:36', NULL);
INSERT INTO `sa_system_attachment` (`id`, `storage_mode`, `origin_name`, `object_name`, `hash`, `mime_type`, `storage_path`, `suffix`, `size_byte`, `size_info`, `url`, `remark`, `created_by`, `updated_by`, `create_time`, `update_time`, `delete_time`) VALUES (205, 1, 'task_57_video_1749969035_extracted.mp3', '71688fdaccc901abc7961662421f8f57feff4889.mp3', '71688fdaccc901abc7961662421f8f57feff4889', 'audio/mpeg', 'public/storage/queue/20250615/71688fdaccc901abc7961662421f8f57feff4889.mp3', 'mp3', 327124, '319.46 KB', 'http://10.0.0.130:8787/storage/queue/20250615/71688fdaccc901abc7961662421f8f57feff4889.mp3', NULL, NULL, NULL, '2025-06-15 14:30:36', '2025-06-15 14:30:36', NULL);
INSERT INTO `sa_system_attachment` (`id`, `storage_mode`, `origin_name`, `object_name`, `hash`, `mime_type`, `storage_path`, `suffix`, `size_byte`, `size_info`, `url`, `remark`, `created_by`, `updated_by`, `create_time`, `update_time`, `delete_time`) VALUES (206, 1, 'task_58_video_1749969035_extracted.mp3', '0a0dc8406a6c0c23b63345eb54c69d5e7230f6ef.mp3', '0a0dc8406a6c0c23b63345eb54c69d5e7230f6ef', 'audio/mpeg', 'public/storage/queue/20250615/0a0dc8406a6c0c23b63345eb54c69d5e7230f6ef.mp3', 'mp3', 255239, '249.26 KB', 'http://10.0.0.130:8787/storage/queue/20250615/0a0dc8406a6c0c23b63345eb54c69d5e7230f6ef.mp3', NULL, NULL, NULL, '2025-06-15 14:30:36', '2025-06-15 14:30:36', NULL);
INSERT INTO `sa_system_attachment` (`id`, `storage_mode`, `origin_name`, `object_name`, `hash`, `mime_type`, `storage_path`, `suffix`, `size_byte`, `size_info`, `url`, `remark`, `created_by`, `updated_by`, `create_time`, `update_time`, `delete_time`) VALUES (207, 1, 'task_37_audio_1749969038.mp3', '7132011c90ec1da20c26db197ed5b799e75fe704.mp3', '7132011c90ec1da20c26db197ed5b799e75fe704', 'audio/mpeg', 'public/storage/queue/20250615/7132011c90ec1da20c26db197ed5b799e75fe704.mp3', 'mp3', 8917203, '8.5 MB', 'http://10.0.0.130:8787/storage/queue/20250615/7132011c90ec1da20c26db197ed5b799e75fe704.mp3', NULL, NULL, NULL, '2025-06-15 14:30:38', '2025-06-15 14:30:38', NULL);
INSERT INTO `sa_system_attachment` (`id`, `storage_mode`, `origin_name`, `object_name`, `hash`, `mime_type`, `storage_path`, `suffix`, `size_byte`, `size_info`, `url`, `remark`, `created_by`, `updated_by`, `create_time`, `update_time`, `delete_time`) VALUES (208, 1, 'task_38_video_1749969038_extracted.mp3', 'a275a98cdf5912e9c795131db4ef38aaf1906d35.mp3', 'a275a98cdf5912e9c795131db4ef38aaf1906d35', 'audio/mpeg', 'public/storage/queue/20250615/a275a98cdf5912e9c795131db4ef38aaf1906d35.mp3', 'mp3', 238936, '233.34 KB', 'http://10.0.0.130:8787/storage/queue/20250615/a275a98cdf5912e9c795131db4ef38aaf1906d35.mp3', NULL, NULL, NULL, '2025-06-15 14:30:39', '2025-06-15 14:30:39', NULL);
INSERT INTO `sa_system_attachment` (`id`, `storage_mode`, `origin_name`, `object_name`, `hash`, `mime_type`, `storage_path`, `suffix`, `size_byte`, `size_info`, `url`, `remark`, `created_by`, `updated_by`, `create_time`, `update_time`, `delete_time`) VALUES (209, 1, 'task_39_video_1749969038_extracted.mp3', 'a0679f277e9a8c0a263693f9cf31908d80ea572c.mp3', 'a0679f277e9a8c0a263693f9cf31908d80ea572c', 'audio/mpeg', 'public/storage/queue/20250615/a0679f277e9a8c0a263693f9cf31908d80ea572c.mp3', 'mp3', 8322187, '7.94 MB', 'http://10.0.0.130:8787/storage/queue/20250615/a0679f277e9a8c0a263693f9cf31908d80ea572c.mp3', NULL, NULL, NULL, '2025-06-15 14:30:43', '2025-06-15 14:30:43', NULL);
INSERT INTO `sa_system_attachment` (`id`, `storage_mode`, `origin_name`, `object_name`, `hash`, `mime_type`, `storage_path`, `suffix`, `size_byte`, `size_info`, `url`, `remark`, `created_by`, `updated_by`, `create_time`, `update_time`, `delete_time`) VALUES (210, 1, 'task_40_video_1749969042_extracted.mp3', '58ae53c4898df1e248470f4d5f3e01148ba8aa7c.mp3', '58ae53c4898df1e248470f4d5f3e01148ba8aa7c', 'audio/mpeg', 'public/storage/queue/20250615/58ae53c4898df1e248470f4d5f3e01148ba8aa7c.mp3', 'mp3', 2719444, '2.59 MB', 'http://10.0.0.130:8787/storage/queue/20250615/58ae53c4898df1e248470f4d5f3e01148ba8aa7c.mp3', NULL, NULL, NULL, '2025-06-15 14:30:45', '2025-06-15 14:30:45', NULL);
INSERT INTO `sa_system_attachment` (`id`, `storage_mode`, `origin_name`, `object_name`, `hash`, `mime_type`, `storage_path`, `suffix`, `size_byte`, `size_info`, `url`, `remark`, `created_by`, `updated_by`, `create_time`, `update_time`, `delete_time`) VALUES (211, 1, 'task_41_video_1749969044_extracted.mp3', 'a0679f277e9a8c0a263693f9cf31908d80ea572c.mp3', 'a0679f277e9a8c0a263693f9cf31908d80ea572c', 'audio/mpeg', 'public/storage/queue/20250615/a0679f277e9a8c0a263693f9cf31908d80ea572c.mp3', 'mp3', 8322187, '7.94 MB', 'http://10.0.0.130:8787/storage/queue/20250615/a0679f277e9a8c0a263693f9cf31908d80ea572c.mp3', NULL, NULL, NULL, '2025-06-15 14:30:49', '2025-06-15 14:30:49', NULL);
INSERT INTO `sa_system_attachment` (`id`, `storage_mode`, `origin_name`, `object_name`, `hash`, `mime_type`, `storage_path`, `suffix`, `size_byte`, `size_info`, `url`, `remark`, `created_by`, `updated_by`, `create_time`, `update_time`, `delete_time`) VALUES (212, 1, 'task_42_video_1749969048_extracted.mp3', 'a0679f277e9a8c0a263693f9cf31908d80ea572c.mp3', 'a0679f277e9a8c0a263693f9cf31908d80ea572c', 'audio/mpeg', 'public/storage/queue/20250615/a0679f277e9a8c0a263693f9cf31908d80ea572c.mp3', 'mp3', 8322187, '7.94 MB', 'http://10.0.0.130:8787/storage/queue/20250615/a0679f277e9a8c0a263693f9cf31908d80ea572c.mp3', NULL, NULL, NULL, '2025-06-15 14:30:53', '2025-06-15 14:30:53', NULL);
INSERT INTO `sa_system_attachment` (`id`, `storage_mode`, `origin_name`, `object_name`, `hash`, `mime_type`, `storage_path`, `suffix`, `size_byte`, `size_info`, `url`, `remark`, `created_by`, `updated_by`, `create_time`, `update_time`, `delete_time`) VALUES (213, 1, 'task_43_video_1749969052_extracted.mp3', 'a0679f277e9a8c0a263693f9cf31908d80ea572c.mp3', 'a0679f277e9a8c0a263693f9cf31908d80ea572c', 'audio/mpeg', 'public/storage/queue/20250615/a0679f277e9a8c0a263693f9cf31908d80ea572c.mp3', 'mp3', 8322187, '7.94 MB', 'http://10.0.0.130:8787/storage/queue/20250615/a0679f277e9a8c0a263693f9cf31908d80ea572c.mp3', NULL, NULL, NULL, '2025-06-15 14:30:57', '2025-06-15 14:30:57', NULL);
INSERT INTO `sa_system_attachment` (`id`, `storage_mode`, `origin_name`, `object_name`, `hash`, `mime_type`, `storage_path`, `suffix`, `size_byte`, `size_info`, `url`, `remark`, `created_by`, `updated_by`, `create_time`, `update_time`, `delete_time`) VALUES (214, 1, 'task_44_video_1749969056_extracted.mp3', '58ae53c4898df1e248470f4d5f3e01148ba8aa7c.mp3', '58ae53c4898df1e248470f4d5f3e01148ba8aa7c', 'audio/mpeg', 'public/storage/queue/20250615/58ae53c4898df1e248470f4d5f3e01148ba8aa7c.mp3', 'mp3', 2719444, '2.59 MB', 'http://10.0.0.130:8787/storage/queue/20250615/58ae53c4898df1e248470f4d5f3e01148ba8aa7c.mp3', NULL, NULL, NULL, '2025-06-15 14:30:58', '2025-06-15 14:30:58', NULL);
INSERT INTO `sa_system_attachment` (`id`, `storage_mode`, `origin_name`, `object_name`, `hash`, `mime_type`, `storage_path`, `suffix`, `size_byte`, `size_info`, `url`, `remark`, `created_by`, `updated_by`, `create_time`, `update_time`, `delete_time`) VALUES (215, 1, 'task_45_video_1749969058_extracted.mp3', 'a0679f277e9a8c0a263693f9cf31908d80ea572c.mp3', 'a0679f277e9a8c0a263693f9cf31908d80ea572c', 'audio/mpeg', 'public/storage/queue/20250615/a0679f277e9a8c0a263693f9cf31908d80ea572c.mp3', 'mp3', 8322187, '7.94 MB', 'http://10.0.0.130:8787/storage/queue/20250615/a0679f277e9a8c0a263693f9cf31908d80ea572c.mp3', NULL, NULL, NULL, '2025-06-15 14:31:03', '2025-06-15 14:31:03', NULL);
INSERT INTO `sa_system_attachment` (`id`, `storage_mode`, `origin_name`, `object_name`, `hash`, `mime_type`, `storage_path`, `suffix`, `size_byte`, `size_info`, `url`, `remark`, `created_by`, `updated_by`, `create_time`, `update_time`, `delete_time`) VALUES (216, 1, 'task_46_video_1749969062_extracted.mp3', '380d9b5a52ad238badc848da68f4c363c712240e.mp3', '380d9b5a52ad238badc848da68f4c363c712240e', 'audio/mpeg', 'public/storage/queue/20250615/380d9b5a52ad238badc848da68f4c363c712240e.mp3', 'mp3', 620535, '605.99 KB', 'http://10.0.0.130:8787/storage/queue/20250615/380d9b5a52ad238badc848da68f4c363c712240e.mp3', NULL, NULL, NULL, '2025-06-15 14:31:03', '2025-06-15 14:31:03', NULL);
INSERT INTO `sa_system_attachment` (`id`, `storage_mode`, `origin_name`, `object_name`, `hash`, `mime_type`, `storage_path`, `suffix`, `size_byte`, `size_info`, `url`, `remark`, `created_by`, `updated_by`, `create_time`, `update_time`, `delete_time`) VALUES (217, 1, 'task_47_video_1749969063_extracted.mp3', '452b53bf511afd5f8362cf7908671617cb04b38c.mp3', '452b53bf511afd5f8362cf7908671617cb04b38c', 'audio/mpeg', 'public/storage/queue/20250615/452b53bf511afd5f8362cf7908671617cb04b38c.mp3', 'mp3', 249803, '243.95 KB', 'http://10.0.0.130:8787/storage/queue/20250615/452b53bf511afd5f8362cf7908671617cb04b38c.mp3', NULL, NULL, NULL, '2025-06-15 14:31:03', '2025-06-15 14:31:03', NULL);
INSERT INTO `sa_system_attachment` (`id`, `storage_mode`, `origin_name`, `object_name`, `hash`, `mime_type`, `storage_path`, `suffix`, `size_byte`, `size_info`, `url`, `remark`, `created_by`, `updated_by`, `create_time`, `update_time`, `delete_time`) VALUES (218, 1, 'task_48_video_1749969063_extracted.mp3', 'ade4ae7312396f97a9deac842939c6281dab8f66.mp3', 'ade4ae7312396f97a9deac842939c6281dab8f66', 'audio/mpeg', 'public/storage/queue/20250615/ade4ae7312396f97a9deac842939c6281dab8f66.mp3', 'mp3', 269031, '262.73 KB', 'http://10.0.0.130:8787/storage/queue/20250615/ade4ae7312396f97a9deac842939c6281dab8f66.mp3', NULL, NULL, NULL, '2025-06-15 14:31:04', '2025-06-15 14:31:04', NULL);
INSERT INTO `sa_system_attachment` (`id`, `storage_mode`, `origin_name`, `object_name`, `hash`, `mime_type`, `storage_path`, `suffix`, `size_byte`, `size_info`, `url`, `remark`, `created_by`, `updated_by`, `create_time`, `update_time`, `delete_time`) VALUES (219, 1, 'task_49_video_1749969063_extracted.mp3', '0d8227f13865c1dee63974ea6211d181ed69068e.mp3', '0d8227f13865c1dee63974ea6211d181ed69068e', 'audio/mpeg', 'public/storage/queue/20250615/0d8227f13865c1dee63974ea6211d181ed69068e.mp3', 'mp3', 139882, '136.6 KB', 'http://10.0.0.130:8787/storage/queue/20250615/0d8227f13865c1dee63974ea6211d181ed69068e.mp3', NULL, NULL, NULL, '2025-06-15 14:31:04', '2025-06-15 14:31:04', NULL);
INSERT INTO `sa_system_attachment` (`id`, `storage_mode`, `origin_name`, `object_name`, `hash`, `mime_type`, `storage_path`, `suffix`, `size_byte`, `size_info`, `url`, `remark`, `created_by`, `updated_by`, `create_time`, `update_time`, `delete_time`) VALUES (220, 1, 'task_50_video_1749969063_extracted.mp3', '71688fdaccc901abc7961662421f8f57feff4889.mp3', '71688fdaccc901abc7961662421f8f57feff4889', 'audio/mpeg', 'public/storage/queue/20250615/71688fdaccc901abc7961662421f8f57feff4889.mp3', 'mp3', 327124, '319.46 KB', 'http://10.0.0.130:8787/storage/queue/20250615/71688fdaccc901abc7961662421f8f57feff4889.mp3', NULL, NULL, NULL, '2025-06-15 14:31:04', '2025-06-15 14:31:04', NULL);
INSERT INTO `sa_system_attachment` (`id`, `storage_mode`, `origin_name`, `object_name`, `hash`, `mime_type`, `storage_path`, `suffix`, `size_byte`, `size_info`, `url`, `remark`, `created_by`, `updated_by`, `create_time`, `update_time`, `delete_time`) VALUES (221, 1, 'task_51_video_1749969064_extracted.mp3', 'c2ffd4161b400f3f296df26755b499adcd1468e6.mp3', 'c2ffd4161b400f3f296df26755b499adcd1468e6', 'audio/mpeg', 'public/storage/queue/20250615/c2ffd4161b400f3f296df26755b499adcd1468e6.mp3', 'mp3', 419497, '409.67 KB', 'http://10.0.0.130:8787/storage/queue/20250615/c2ffd4161b400f3f296df26755b499adcd1468e6.mp3', NULL, NULL, NULL, '2025-06-15 14:31:04', '2025-06-15 14:31:04', NULL);
INSERT INTO `sa_system_attachment` (`id`, `storage_mode`, `origin_name`, `object_name`, `hash`, `mime_type`, `storage_path`, `suffix`, `size_byte`, `size_info`, `url`, `remark`, `created_by`, `updated_by`, `create_time`, `update_time`, `delete_time`) VALUES (222, 1, 'task_52_video_1749969064_extracted.mp3', '0a0dc8406a6c0c23b63345eb54c69d5e7230f6ef.mp3', '0a0dc8406a6c0c23b63345eb54c69d5e7230f6ef', 'audio/mpeg', 'public/storage/queue/20250615/0a0dc8406a6c0c23b63345eb54c69d5e7230f6ef.mp3', 'mp3', 255239, '249.26 KB', 'http://10.0.0.130:8787/storage/queue/20250615/0a0dc8406a6c0c23b63345eb54c69d5e7230f6ef.mp3', NULL, NULL, NULL, '2025-06-15 14:31:05', '2025-06-15 14:31:05', NULL);
INSERT INTO `sa_system_attachment` (`id`, `storage_mode`, `origin_name`, `object_name`, `hash`, `mime_type`, `storage_path`, `suffix`, `size_byte`, `size_info`, `url`, `remark`, `created_by`, `updated_by`, `create_time`, `update_time`, `delete_time`) VALUES (223, 1, 'task_53_video_1749969064_extracted.mp3', '45ba15a1b88f958f4bf043e50d38361d47005540.mp3', '45ba15a1b88f958f4bf043e50d38361d47005540', 'audio/mpeg', 'public/storage/queue/20250615/45ba15a1b88f958f4bf043e50d38361d47005540.mp3', 'mp3', 114801, '112.11 KB', 'http://10.0.0.130:8787/storage/queue/20250615/45ba15a1b88f958f4bf043e50d38361d47005540.mp3', NULL, NULL, NULL, '2025-06-15 14:31:05', '2025-06-15 14:31:05', NULL);
INSERT INTO `sa_system_attachment` (`id`, `storage_mode`, `origin_name`, `object_name`, `hash`, `mime_type`, `storage_path`, `suffix`, `size_byte`, `size_info`, `url`, `remark`, `created_by`, `updated_by`, `create_time`, `update_time`, `delete_time`) VALUES (224, 1, 'task_54_video_1749969064_extracted.mp3', 'a275a98cdf5912e9c795131db4ef38aaf1906d35.mp3', 'a275a98cdf5912e9c795131db4ef38aaf1906d35', 'audio/mpeg', 'public/storage/queue/20250615/a275a98cdf5912e9c795131db4ef38aaf1906d35.mp3', 'mp3', 238936, '233.34 KB', 'http://10.0.0.130:8787/storage/queue/20250615/a275a98cdf5912e9c795131db4ef38aaf1906d35.mp3', NULL, NULL, NULL, '2025-06-15 14:31:05', '2025-06-15 14:31:05', NULL);
INSERT INTO `sa_system_attachment` (`id`, `storage_mode`, `origin_name`, `object_name`, `hash`, `mime_type`, `storage_path`, `suffix`, `size_byte`, `size_info`, `url`, `remark`, `created_by`, `updated_by`, `create_time`, `update_time`, `delete_time`) VALUES (225, 1, 'task_55_video_1749969065_extracted.mp3', '41b8be1512abae829677b8355130f8cc90b9b6f8.mp3', '41b8be1512abae829677b8355130f8cc90b9b6f8', 'audio/mpeg', 'public/storage/queue/20250615/41b8be1512abae829677b8355130f8cc90b9b6f8.mp3', 'mp3', 2362483, '2.25 MB', 'http://10.0.0.130:8787/storage/queue/20250615/41b8be1512abae829677b8355130f8cc90b9b6f8.mp3', NULL, NULL, NULL, '2025-06-15 14:31:06', '2025-06-15 14:31:06', NULL);
INSERT INTO `sa_system_attachment` (`id`, `storage_mode`, `origin_name`, `object_name`, `hash`, `mime_type`, `storage_path`, `suffix`, `size_byte`, `size_info`, `url`, `remark`, `created_by`, `updated_by`, `create_time`, `update_time`, `delete_time`) VALUES (226, 1, 'task_56_video_1749969066_extracted.mp3', 'e08b5c8d974c82747603f424b45880fae68d656b.mp3', 'e08b5c8d974c82747603f424b45880fae68d656b', 'audio/mpeg', 'public/storage/queue/20250615/e08b5c8d974c82747603f424b45880fae68d656b.mp3', 'mp3', 147403, '143.95 KB', 'http://10.0.0.130:8787/storage/queue/20250615/e08b5c8d974c82747603f424b45880fae68d656b.mp3', NULL, NULL, NULL, '2025-06-15 14:31:06', '2025-06-15 14:31:06', NULL);
INSERT INTO `sa_system_attachment` (`id`, `storage_mode`, `origin_name`, `object_name`, `hash`, `mime_type`, `storage_path`, `suffix`, `size_byte`, `size_info`, `url`, `remark`, `created_by`, `updated_by`, `create_time`, `update_time`, `delete_time`) VALUES (227, 1, 'task_57_video_1749969066_extracted.mp3', '71688fdaccc901abc7961662421f8f57feff4889.mp3', '71688fdaccc901abc7961662421f8f57feff4889', 'audio/mpeg', 'public/storage/queue/20250615/71688fdaccc901abc7961662421f8f57feff4889.mp3', 'mp3', 327124, '319.46 KB', 'http://10.0.0.130:8787/storage/queue/20250615/71688fdaccc901abc7961662421f8f57feff4889.mp3', NULL, NULL, NULL, '2025-06-15 14:31:07', '2025-06-15 14:31:07', NULL);
INSERT INTO `sa_system_attachment` (`id`, `storage_mode`, `origin_name`, `object_name`, `hash`, `mime_type`, `storage_path`, `suffix`, `size_byte`, `size_info`, `url`, `remark`, `created_by`, `updated_by`, `create_time`, `update_time`, `delete_time`) VALUES (228, 1, 'task_58_video_1749969066_extracted.mp3', '0a0dc8406a6c0c23b63345eb54c69d5e7230f6ef.mp3', '0a0dc8406a6c0c23b63345eb54c69d5e7230f6ef', 'audio/mpeg', 'public/storage/queue/20250615/0a0dc8406a6c0c23b63345eb54c69d5e7230f6ef.mp3', 'mp3', 255239, '249.26 KB', 'http://10.0.0.130:8787/storage/queue/20250615/0a0dc8406a6c0c23b63345eb54c69d5e7230f6ef.mp3', NULL, NULL, NULL, '2025-06-15 14:31:07', '2025-06-15 14:31:07', NULL);
INSERT INTO `sa_system_attachment` (`id`, `storage_mode`, `origin_name`, `object_name`, `hash`, `mime_type`, `storage_path`, `suffix`, `size_byte`, `size_info`, `url`, `remark`, `created_by`, `updated_by`, `create_time`, `update_time`, `delete_time`) VALUES (229, 1, 'task_38_video_1749969069_extracted.mp3', 'a275a98cdf5912e9c795131db4ef38aaf1906d35.mp3', 'a275a98cdf5912e9c795131db4ef38aaf1906d35', 'audio/mpeg', 'public/storage/queue/20250615/a275a98cdf5912e9c795131db4ef38aaf1906d35.mp3', 'mp3', 238936, '233.34 KB', 'http://10.0.0.130:8787/storage/queue/20250615/a275a98cdf5912e9c795131db4ef38aaf1906d35.mp3', NULL, NULL, NULL, '2025-06-15 14:31:09', '2025-06-15 14:31:09', NULL);
INSERT INTO `sa_system_attachment` (`id`, `storage_mode`, `origin_name`, `object_name`, `hash`, `mime_type`, `storage_path`, `suffix`, `size_byte`, `size_info`, `url`, `remark`, `created_by`, `updated_by`, `create_time`, `update_time`, `delete_time`) VALUES (230, 1, 'task_39_video_1749969069_extracted.mp3', 'a0679f277e9a8c0a263693f9cf31908d80ea572c.mp3', 'a0679f277e9a8c0a263693f9cf31908d80ea572c', 'audio/mpeg', 'public/storage/queue/20250615/a0679f277e9a8c0a263693f9cf31908d80ea572c.mp3', 'mp3', 8322187, '7.94 MB', 'http://10.0.0.130:8787/storage/queue/20250615/a0679f277e9a8c0a263693f9cf31908d80ea572c.mp3', NULL, NULL, NULL, '2025-06-15 14:31:14', '2025-06-15 14:31:14', NULL);
INSERT INTO `sa_system_attachment` (`id`, `storage_mode`, `origin_name`, `object_name`, `hash`, `mime_type`, `storage_path`, `suffix`, `size_byte`, `size_info`, `url`, `remark`, `created_by`, `updated_by`, `create_time`, `update_time`, `delete_time`) VALUES (231, 1, 'task_40_video_1749969073_extracted.mp3', '58ae53c4898df1e248470f4d5f3e01148ba8aa7c.mp3', '58ae53c4898df1e248470f4d5f3e01148ba8aa7c', 'audio/mpeg', 'public/storage/queue/20250615/58ae53c4898df1e248470f4d5f3e01148ba8aa7c.mp3', 'mp3', 2719444, '2.59 MB', 'http://10.0.0.130:8787/storage/queue/20250615/58ae53c4898df1e248470f4d5f3e01148ba8aa7c.mp3', NULL, NULL, NULL, '2025-06-15 14:31:15', '2025-06-15 14:31:15', NULL);
INSERT INTO `sa_system_attachment` (`id`, `storage_mode`, `origin_name`, `object_name`, `hash`, `mime_type`, `storage_path`, `suffix`, `size_byte`, `size_info`, `url`, `remark`, `created_by`, `updated_by`, `create_time`, `update_time`, `delete_time`) VALUES (232, 1, 'task_41_video_1749969075_extracted.mp3', 'a0679f277e9a8c0a263693f9cf31908d80ea572c.mp3', 'a0679f277e9a8c0a263693f9cf31908d80ea572c', 'audio/mpeg', 'public/storage/queue/20250615/a0679f277e9a8c0a263693f9cf31908d80ea572c.mp3', 'mp3', 8322187, '7.94 MB', 'http://10.0.0.130:8787/storage/queue/20250615/a0679f277e9a8c0a263693f9cf31908d80ea572c.mp3', NULL, NULL, NULL, '2025-06-15 14:31:19', '2025-06-15 14:31:19', NULL);
INSERT INTO `sa_system_attachment` (`id`, `storage_mode`, `origin_name`, `object_name`, `hash`, `mime_type`, `storage_path`, `suffix`, `size_byte`, `size_info`, `url`, `remark`, `created_by`, `updated_by`, `create_time`, `update_time`, `delete_time`) VALUES (233, 1, 'task_42_video_1749969079_extracted.mp3', 'a0679f277e9a8c0a263693f9cf31908d80ea572c.mp3', 'a0679f277e9a8c0a263693f9cf31908d80ea572c', 'audio/mpeg', 'public/storage/queue/20250615/a0679f277e9a8c0a263693f9cf31908d80ea572c.mp3', 'mp3', 8322187, '7.94 MB', 'http://10.0.0.130:8787/storage/queue/20250615/a0679f277e9a8c0a263693f9cf31908d80ea572c.mp3', NULL, NULL, NULL, '2025-06-15 14:31:23', '2025-06-15 14:31:23', NULL);
INSERT INTO `sa_system_attachment` (`id`, `storage_mode`, `origin_name`, `object_name`, `hash`, `mime_type`, `storage_path`, `suffix`, `size_byte`, `size_info`, `url`, `remark`, `created_by`, `updated_by`, `create_time`, `update_time`, `delete_time`) VALUES (234, 1, 'task_43_video_1749969083_extracted.mp3', 'a0679f277e9a8c0a263693f9cf31908d80ea572c.mp3', 'a0679f277e9a8c0a263693f9cf31908d80ea572c', 'audio/mpeg', 'public/storage/queue/20250615/a0679f277e9a8c0a263693f9cf31908d80ea572c.mp3', 'mp3', 8322187, '7.94 MB', 'http://10.0.0.130:8787/storage/queue/20250615/a0679f277e9a8c0a263693f9cf31908d80ea572c.mp3', NULL, NULL, NULL, '2025-06-15 14:31:27', '2025-06-15 14:31:27', NULL);
INSERT INTO `sa_system_attachment` (`id`, `storage_mode`, `origin_name`, `object_name`, `hash`, `mime_type`, `storage_path`, `suffix`, `size_byte`, `size_info`, `url`, `remark`, `created_by`, `updated_by`, `create_time`, `update_time`, `delete_time`) VALUES (235, 1, 'task_44_video_1749969087_extracted.mp3', '58ae53c4898df1e248470f4d5f3e01148ba8aa7c.mp3', '58ae53c4898df1e248470f4d5f3e01148ba8aa7c', 'audio/mpeg', 'public/storage/queue/20250615/58ae53c4898df1e248470f4d5f3e01148ba8aa7c.mp3', 'mp3', 2719444, '2.59 MB', 'http://10.0.0.130:8787/storage/queue/20250615/58ae53c4898df1e248470f4d5f3e01148ba8aa7c.mp3', NULL, NULL, NULL, '2025-06-15 14:31:29', '2025-06-15 14:31:29', NULL);
INSERT INTO `sa_system_attachment` (`id`, `storage_mode`, `origin_name`, `object_name`, `hash`, `mime_type`, `storage_path`, `suffix`, `size_byte`, `size_info`, `url`, `remark`, `created_by`, `updated_by`, `create_time`, `update_time`, `delete_time`) VALUES (236, 1, 'task_45_video_1749969088_extracted.mp3', 'a0679f277e9a8c0a263693f9cf31908d80ea572c.mp3', 'a0679f277e9a8c0a263693f9cf31908d80ea572c', 'audio/mpeg', 'public/storage/queue/20250615/a0679f277e9a8c0a263693f9cf31908d80ea572c.mp3', 'mp3', 8322187, '7.94 MB', 'http://10.0.0.130:8787/storage/queue/20250615/a0679f277e9a8c0a263693f9cf31908d80ea572c.mp3', NULL, NULL, NULL, '2025-06-15 14:31:33', '2025-06-15 14:31:33', NULL);
INSERT INTO `sa_system_attachment` (`id`, `storage_mode`, `origin_name`, `object_name`, `hash`, `mime_type`, `storage_path`, `suffix`, `size_byte`, `size_info`, `url`, `remark`, `created_by`, `updated_by`, `create_time`, `update_time`, `delete_time`) VALUES (237, 1, 'task_46_video_1749969093_extracted.mp3', '380d9b5a52ad238badc848da68f4c363c712240e.mp3', '380d9b5a52ad238badc848da68f4c363c712240e', 'audio/mpeg', 'public/storage/queue/20250615/380d9b5a52ad238badc848da68f4c363c712240e.mp3', 'mp3', 620535, '605.99 KB', 'http://10.0.0.130:8787/storage/queue/20250615/380d9b5a52ad238badc848da68f4c363c712240e.mp3', NULL, NULL, NULL, '2025-06-15 14:31:34', '2025-06-15 14:31:34', NULL);
INSERT INTO `sa_system_attachment` (`id`, `storage_mode`, `origin_name`, `object_name`, `hash`, `mime_type`, `storage_path`, `suffix`, `size_byte`, `size_info`, `url`, `remark`, `created_by`, `updated_by`, `create_time`, `update_time`, `delete_time`) VALUES (238, 1, 'task_47_video_1749969093_extracted.mp3', '452b53bf511afd5f8362cf7908671617cb04b38c.mp3', '452b53bf511afd5f8362cf7908671617cb04b38c', 'audio/mpeg', 'public/storage/queue/20250615/452b53bf511afd5f8362cf7908671617cb04b38c.mp3', 'mp3', 249803, '243.95 KB', 'http://10.0.0.130:8787/storage/queue/20250615/452b53bf511afd5f8362cf7908671617cb04b38c.mp3', NULL, NULL, NULL, '2025-06-15 14:31:34', '2025-06-15 14:31:34', NULL);
INSERT INTO `sa_system_attachment` (`id`, `storage_mode`, `origin_name`, `object_name`, `hash`, `mime_type`, `storage_path`, `suffix`, `size_byte`, `size_info`, `url`, `remark`, `created_by`, `updated_by`, `create_time`, `update_time`, `delete_time`) VALUES (239, 1, 'task_48_video_1749969093_extracted.mp3', 'ade4ae7312396f97a9deac842939c6281dab8f66.mp3', 'ade4ae7312396f97a9deac842939c6281dab8f66', 'audio/mpeg', 'public/storage/queue/20250615/ade4ae7312396f97a9deac842939c6281dab8f66.mp3', 'mp3', 269031, '262.73 KB', 'http://10.0.0.130:8787/storage/queue/20250615/ade4ae7312396f97a9deac842939c6281dab8f66.mp3', NULL, NULL, NULL, '2025-06-15 14:31:34', '2025-06-15 14:31:34', NULL);
INSERT INTO `sa_system_attachment` (`id`, `storage_mode`, `origin_name`, `object_name`, `hash`, `mime_type`, `storage_path`, `suffix`, `size_byte`, `size_info`, `url`, `remark`, `created_by`, `updated_by`, `create_time`, `update_time`, `delete_time`) VALUES (240, 1, 'task_49_video_1749969094_extracted.mp3', '0d8227f13865c1dee63974ea6211d181ed69068e.mp3', '0d8227f13865c1dee63974ea6211d181ed69068e', 'audio/mpeg', 'public/storage/queue/20250615/0d8227f13865c1dee63974ea6211d181ed69068e.mp3', 'mp3', 139882, '136.6 KB', 'http://10.0.0.130:8787/storage/queue/20250615/0d8227f13865c1dee63974ea6211d181ed69068e.mp3', NULL, NULL, NULL, '2025-06-15 14:31:34', '2025-06-15 14:31:34', NULL);
INSERT INTO `sa_system_attachment` (`id`, `storage_mode`, `origin_name`, `object_name`, `hash`, `mime_type`, `storage_path`, `suffix`, `size_byte`, `size_info`, `url`, `remark`, `created_by`, `updated_by`, `create_time`, `update_time`, `delete_time`) VALUES (241, 1, 'task_50_video_1749969094_extracted.mp3', '71688fdaccc901abc7961662421f8f57feff4889.mp3', '71688fdaccc901abc7961662421f8f57feff4889', 'audio/mpeg', 'public/storage/queue/20250615/71688fdaccc901abc7961662421f8f57feff4889.mp3', 'mp3', 327124, '319.46 KB', 'http://10.0.0.130:8787/storage/queue/20250615/71688fdaccc901abc7961662421f8f57feff4889.mp3', NULL, NULL, NULL, '2025-06-15 14:31:35', '2025-06-15 14:31:35', NULL);
INSERT INTO `sa_system_attachment` (`id`, `storage_mode`, `origin_name`, `object_name`, `hash`, `mime_type`, `storage_path`, `suffix`, `size_byte`, `size_info`, `url`, `remark`, `created_by`, `updated_by`, `create_time`, `update_time`, `delete_time`) VALUES (242, 1, 'task_51_video_1749969094_extracted.mp3', 'c2ffd4161b400f3f296df26755b499adcd1468e6.mp3', 'c2ffd4161b400f3f296df26755b499adcd1468e6', 'audio/mpeg', 'public/storage/queue/20250615/c2ffd4161b400f3f296df26755b499adcd1468e6.mp3', 'mp3', 419497, '409.67 KB', 'http://10.0.0.130:8787/storage/queue/20250615/c2ffd4161b400f3f296df26755b499adcd1468e6.mp3', NULL, NULL, NULL, '2025-06-15 14:31:35', '2025-06-15 14:31:35', NULL);
INSERT INTO `sa_system_attachment` (`id`, `storage_mode`, `origin_name`, `object_name`, `hash`, `mime_type`, `storage_path`, `suffix`, `size_byte`, `size_info`, `url`, `remark`, `created_by`, `updated_by`, `create_time`, `update_time`, `delete_time`) VALUES (243, 1, 'task_52_video_1749969094_extracted.mp3', '0a0dc8406a6c0c23b63345eb54c69d5e7230f6ef.mp3', '0a0dc8406a6c0c23b63345eb54c69d5e7230f6ef', 'audio/mpeg', 'public/storage/queue/20250615/0a0dc8406a6c0c23b63345eb54c69d5e7230f6ef.mp3', 'mp3', 255239, '249.26 KB', 'http://10.0.0.130:8787/storage/queue/20250615/0a0dc8406a6c0c23b63345eb54c69d5e7230f6ef.mp3', NULL, NULL, NULL, '2025-06-15 14:31:35', '2025-06-15 14:31:35', NULL);
INSERT INTO `sa_system_attachment` (`id`, `storage_mode`, `origin_name`, `object_name`, `hash`, `mime_type`, `storage_path`, `suffix`, `size_byte`, `size_info`, `url`, `remark`, `created_by`, `updated_by`, `create_time`, `update_time`, `delete_time`) VALUES (244, 1, 'task_53_video_1749969095_extracted.mp3', '45ba15a1b88f958f4bf043e50d38361d47005540.mp3', '45ba15a1b88f958f4bf043e50d38361d47005540', 'audio/mpeg', 'public/storage/queue/20250615/45ba15a1b88f958f4bf043e50d38361d47005540.mp3', 'mp3', 114801, '112.11 KB', 'http://10.0.0.130:8787/storage/queue/20250615/45ba15a1b88f958f4bf043e50d38361d47005540.mp3', NULL, NULL, NULL, '2025-06-15 14:31:35', '2025-06-15 14:31:35', NULL);
INSERT INTO `sa_system_attachment` (`id`, `storage_mode`, `origin_name`, `object_name`, `hash`, `mime_type`, `storage_path`, `suffix`, `size_byte`, `size_info`, `url`, `remark`, `created_by`, `updated_by`, `create_time`, `update_time`, `delete_time`) VALUES (245, 1, 'task_54_video_1749969095_extracted.mp3', 'a275a98cdf5912e9c795131db4ef38aaf1906d35.mp3', 'a275a98cdf5912e9c795131db4ef38aaf1906d35', 'audio/mpeg', 'public/storage/queue/20250615/a275a98cdf5912e9c795131db4ef38aaf1906d35.mp3', 'mp3', 238936, '233.34 KB', 'http://10.0.0.130:8787/storage/queue/20250615/a275a98cdf5912e9c795131db4ef38aaf1906d35.mp3', NULL, NULL, NULL, '2025-06-15 14:31:36', '2025-06-15 14:31:36', NULL);
INSERT INTO `sa_system_attachment` (`id`, `storage_mode`, `origin_name`, `object_name`, `hash`, `mime_type`, `storage_path`, `suffix`, `size_byte`, `size_info`, `url`, `remark`, `created_by`, `updated_by`, `create_time`, `update_time`, `delete_time`) VALUES (246, 1, 'task_55_video_1749969095_extracted.mp3', '41b8be1512abae829677b8355130f8cc90b9b6f8.mp3', '41b8be1512abae829677b8355130f8cc90b9b6f8', 'audio/mpeg', 'public/storage/queue/20250615/41b8be1512abae829677b8355130f8cc90b9b6f8.mp3', 'mp3', 2362483, '2.25 MB', 'http://10.0.0.130:8787/storage/queue/20250615/41b8be1512abae829677b8355130f8cc90b9b6f8.mp3', NULL, NULL, NULL, '2025-06-15 14:31:37', '2025-06-15 14:31:37', NULL);
INSERT INTO `sa_system_attachment` (`id`, `storage_mode`, `origin_name`, `object_name`, `hash`, `mime_type`, `storage_path`, `suffix`, `size_byte`, `size_info`, `url`, `remark`, `created_by`, `updated_by`, `create_time`, `update_time`, `delete_time`) VALUES (247, 1, 'task_56_video_1749969096_extracted.mp3', 'e08b5c8d974c82747603f424b45880fae68d656b.mp3', 'e08b5c8d974c82747603f424b45880fae68d656b', 'audio/mpeg', 'public/storage/queue/20250615/e08b5c8d974c82747603f424b45880fae68d656b.mp3', 'mp3', 147403, '143.95 KB', 'http://10.0.0.130:8787/storage/queue/20250615/e08b5c8d974c82747603f424b45880fae68d656b.mp3', NULL, NULL, NULL, '2025-06-15 14:31:37', '2025-06-15 14:31:37', NULL);
INSERT INTO `sa_system_attachment` (`id`, `storage_mode`, `origin_name`, `object_name`, `hash`, `mime_type`, `storage_path`, `suffix`, `size_byte`, `size_info`, `url`, `remark`, `created_by`, `updated_by`, `create_time`, `update_time`, `delete_time`) VALUES (248, 1, 'task_57_video_1749969096_extracted.mp3', '71688fdaccc901abc7961662421f8f57feff4889.mp3', '71688fdaccc901abc7961662421f8f57feff4889', 'audio/mpeg', 'public/storage/queue/20250615/71688fdaccc901abc7961662421f8f57feff4889.mp3', 'mp3', 327124, '319.46 KB', 'http://10.0.0.130:8787/storage/queue/20250615/71688fdaccc901abc7961662421f8f57feff4889.mp3', NULL, NULL, NULL, '2025-06-15 14:31:37', '2025-06-15 14:31:37', NULL);
INSERT INTO `sa_system_attachment` (`id`, `storage_mode`, `origin_name`, `object_name`, `hash`, `mime_type`, `storage_path`, `suffix`, `size_byte`, `size_info`, `url`, `remark`, `created_by`, `updated_by`, `create_time`, `update_time`, `delete_time`) VALUES (249, 1, 'task_58_video_1749969097_extracted.mp3', '0a0dc8406a6c0c23b63345eb54c69d5e7230f6ef.mp3', '0a0dc8406a6c0c23b63345eb54c69d5e7230f6ef', 'audio/mpeg', 'public/storage/queue/20250615/0a0dc8406a6c0c23b63345eb54c69d5e7230f6ef.mp3', 'mp3', 255239, '249.26 KB', 'http://10.0.0.130:8787/storage/queue/20250615/0a0dc8406a6c0c23b63345eb54c69d5e7230f6ef.mp3', NULL, NULL, NULL, '2025-06-15 14:31:37', '2025-06-15 14:31:37', NULL);
INSERT INTO `sa_system_attachment` (`id`, `storage_mode`, `origin_name`, `object_name`, `hash`, `mime_type`, `storage_path`, `suffix`, `size_byte`, `size_info`, `url`, `remark`, `created_by`, `updated_by`, `create_time`, `update_time`, `delete_time`) VALUES (250, 1, 'task_39_video_1749969099_extracted.mp3', 'a0679f277e9a8c0a263693f9cf31908d80ea572c.mp3', 'a0679f277e9a8c0a263693f9cf31908d80ea572c', 'audio/mpeg', 'public/storage/queue/20250615/a0679f277e9a8c0a263693f9cf31908d80ea572c.mp3', 'mp3', 8322187, '7.94 MB', 'http://10.0.0.130:8787/storage/queue/20250615/a0679f277e9a8c0a263693f9cf31908d80ea572c.mp3', NULL, NULL, NULL, '2025-06-15 14:31:44', '2025-06-15 14:31:44', NULL);
INSERT INTO `sa_system_attachment` (`id`, `storage_mode`, `origin_name`, `object_name`, `hash`, `mime_type`, `storage_path`, `suffix`, `size_byte`, `size_info`, `url`, `remark`, `created_by`, `updated_by`, `create_time`, `update_time`, `delete_time`) VALUES (251, 1, 'task_40_video_1749969103_extracted.mp3', '58ae53c4898df1e248470f4d5f3e01148ba8aa7c.mp3', '58ae53c4898df1e248470f4d5f3e01148ba8aa7c', 'audio/mpeg', 'public/storage/queue/20250615/58ae53c4898df1e248470f4d5f3e01148ba8aa7c.mp3', 'mp3', 2719444, '2.59 MB', 'http://10.0.0.130:8787/storage/queue/20250615/58ae53c4898df1e248470f4d5f3e01148ba8aa7c.mp3', NULL, NULL, NULL, '2025-06-15 14:31:45', '2025-06-15 14:31:45', NULL);
INSERT INTO `sa_system_attachment` (`id`, `storage_mode`, `origin_name`, `object_name`, `hash`, `mime_type`, `storage_path`, `suffix`, `size_byte`, `size_info`, `url`, `remark`, `created_by`, `updated_by`, `create_time`, `update_time`, `delete_time`) VALUES (252, 1, 'task_41_video_1749969105_extracted.mp3', 'a0679f277e9a8c0a263693f9cf31908d80ea572c.mp3', 'a0679f277e9a8c0a263693f9cf31908d80ea572c', 'audio/mpeg', 'public/storage/queue/20250615/a0679f277e9a8c0a263693f9cf31908d80ea572c.mp3', 'mp3', 8322187, '7.94 MB', 'http://10.0.0.130:8787/storage/queue/20250615/a0679f277e9a8c0a263693f9cf31908d80ea572c.mp3', NULL, NULL, NULL, '2025-06-15 14:31:49', '2025-06-15 14:31:49', NULL);
INSERT INTO `sa_system_attachment` (`id`, `storage_mode`, `origin_name`, `object_name`, `hash`, `mime_type`, `storage_path`, `suffix`, `size_byte`, `size_info`, `url`, `remark`, `created_by`, `updated_by`, `create_time`, `update_time`, `delete_time`) VALUES (253, 1, 'task_42_video_1749969109_extracted.mp3', 'a0679f277e9a8c0a263693f9cf31908d80ea572c.mp3', 'a0679f277e9a8c0a263693f9cf31908d80ea572c', 'audio/mpeg', 'public/storage/queue/20250615/a0679f277e9a8c0a263693f9cf31908d80ea572c.mp3', 'mp3', 8322187, '7.94 MB', 'http://10.0.0.130:8787/storage/queue/20250615/a0679f277e9a8c0a263693f9cf31908d80ea572c.mp3', NULL, NULL, NULL, '2025-06-15 14:31:53', '2025-06-15 14:31:53', NULL);
INSERT INTO `sa_system_attachment` (`id`, `storage_mode`, `origin_name`, `object_name`, `hash`, `mime_type`, `storage_path`, `suffix`, `size_byte`, `size_info`, `url`, `remark`, `created_by`, `updated_by`, `create_time`, `update_time`, `delete_time`) VALUES (254, 1, '7132011c90ec1da20c26db197ed5b799e75fe704_cleared.wav', 'a34e5822f7a4946ad8b231a1de31778ab465b678.wav', 'a34e5822f7a4946ad8b231a1de31778ab465b678', 'audio/wav', 'public/storage/queue/20250615/a34e5822f7a4946ad8b231a1de31778ab465b678.wav', 'wav', 3559140, '3.39 MB', 'http://10.0.0.130:8787/storage/queue/20250615/a34e5822f7a4946ad8b231a1de31778ab465b678.wav', NULL, NULL, NULL, '2025-06-15 14:32:46', '2025-06-15 14:32:46', NULL);
INSERT INTO `sa_system_attachment` (`id`, `storage_mode`, `origin_name`, `object_name`, `hash`, `mime_type`, `storage_path`, `suffix`, `size_byte`, `size_info`, `url`, `remark`, `created_by`, `updated_by`, `create_time`, `update_time`, `delete_time`) VALUES (255, 1, 'a275a98cdf5912e9c795131db4ef38aaf1906d35_cleared.wav', 'ce664651770029c2c7a696397d2f790f9e1cdd73.wav', 'ce664651770029c2c7a696397d2f790f9e1cdd73', 'audio/wav', 'public/storage/queue/20250615/ce664651770029c2c7a696397d2f790f9e1cdd73.wav', 'wav', 238152, '232.57 KB', 'http://10.0.0.130:8787/storage/queue/20250615/ce664651770029c2c7a696397d2f790f9e1cdd73.wav', NULL, NULL, NULL, '2025-06-15 14:32:48', '2025-06-15 14:32:48', NULL);
INSERT INTO `sa_system_attachment` (`id`, `storage_mode`, `origin_name`, `object_name`, `hash`, `mime_type`, `storage_path`, `suffix`, `size_byte`, `size_info`, `url`, `remark`, `created_by`, `updated_by`, `create_time`, `update_time`, `delete_time`) VALUES (256, 1, 'a0679f277e9a8c0a263693f9cf31908d80ea572c_cleared.wav', 'c6609b2f8330f094ddb5844f7f305586da4fcba2.wav', 'c6609b2f8330f094ddb5844f7f305586da4fcba2', 'audio/wav', 'public/storage/queue/20250615/c6609b2f8330f094ddb5844f7f305586da4fcba2.wav', 'wav', 8303349, '7.92 MB', 'http://10.0.0.130:8787/storage/queue/20250615/c6609b2f8330f094ddb5844f7f305586da4fcba2.wav', NULL, NULL, NULL, '2025-06-15 14:33:50', '2025-06-15 14:33:50', NULL);
INSERT INTO `sa_system_attachment` (`id`, `storage_mode`, `origin_name`, `object_name`, `hash`, `mime_type`, `storage_path`, `suffix`, `size_byte`, `size_info`, `url`, `remark`, `created_by`, `updated_by`, `create_time`, `update_time`, `delete_time`) VALUES (257, 1, '58ae53c4898df1e248470f4d5f3e01148ba8aa7c_cleared.wav', 'fa6948a7811adfee7cf0ccdd6d68f9323161a575.wav', 'fa6948a7811adfee7cf0ccdd6d68f9323161a575', 'audio/wav', 'public/storage/queue/20250615/fa6948a7811adfee7cf0ccdd6d68f9323161a575.wav', 'wav', 2713047, '2.59 MB', 'http://10.0.0.130:8787/storage/queue/20250615/fa6948a7811adfee7cf0ccdd6d68f9323161a575.wav', NULL, NULL, NULL, '2025-06-15 14:34:10', '2025-06-15 14:34:10', NULL);
INSERT INTO `sa_system_attachment` (`id`, `storage_mode`, `origin_name`, `object_name`, `hash`, `mime_type`, `storage_path`, `suffix`, `size_byte`, `size_info`, `url`, `remark`, `created_by`, `updated_by`, `create_time`, `update_time`, `delete_time`) VALUES (258, 1, 'a0679f277e9a8c0a263693f9cf31908d80ea572c_cleared.wav', '0d59ddfb94ce62fab8f53c312e081c13c59761ae.wav', '0d59ddfb94ce62fab8f53c312e081c13c59761ae', 'audio/wav', 'public/storage/queue/20250615/0d59ddfb94ce62fab8f53c312e081c13c59761ae.wav', 'wav', 8303349, '7.92 MB', 'http://10.0.0.130:8787/storage/queue/20250615/0d59ddfb94ce62fab8f53c312e081c13c59761ae.wav', NULL, NULL, NULL, '2025-06-15 14:35:12', '2025-06-15 14:35:12', NULL);
INSERT INTO `sa_system_attachment` (`id`, `storage_mode`, `origin_name`, `object_name`, `hash`, `mime_type`, `storage_path`, `suffix`, `size_byte`, `size_info`, `url`, `remark`, `created_by`, `updated_by`, `create_time`, `update_time`, `delete_time`) VALUES (259, 1, 'a0679f277e9a8c0a263693f9cf31908d80ea572c_cleared.wav', '59f7c3a61ff2b86077650fe49b61155a5c9c228c.wav', '59f7c3a61ff2b86077650fe49b61155a5c9c228c', 'audio/wav', 'public/storage/queue/20250615/59f7c3a61ff2b86077650fe49b61155a5c9c228c.wav', 'wav', 8303349, '7.92 MB', 'http://10.0.0.130:8787/storage/queue/20250615/59f7c3a61ff2b86077650fe49b61155a5c9c228c.wav', NULL, NULL, NULL, '2025-06-15 14:36:13', '2025-06-15 14:36:13', NULL);
INSERT INTO `sa_system_attachment` (`id`, `storage_mode`, `origin_name`, `object_name`, `hash`, `mime_type`, `storage_path`, `suffix`, `size_byte`, `size_info`, `url`, `remark`, `created_by`, `updated_by`, `create_time`, `update_time`, `delete_time`) VALUES (260, 1, 'a0679f277e9a8c0a263693f9cf31908d80ea572c_cleared.wav', '009c468199e99dce3dfd51060ef6b6018a3565ad.wav', '009c468199e99dce3dfd51060ef6b6018a3565ad', 'audio/wav', 'public/storage/queue/20250615/009c468199e99dce3dfd51060ef6b6018a3565ad.wav', 'wav', 8303349, '7.92 MB', 'http://10.0.0.130:8787/storage/queue/20250615/009c468199e99dce3dfd51060ef6b6018a3565ad.wav', NULL, NULL, NULL, '2025-06-15 14:37:15', '2025-06-15 14:37:15', NULL);
INSERT INTO `sa_system_attachment` (`id`, `storage_mode`, `origin_name`, `object_name`, `hash`, `mime_type`, `storage_path`, `suffix`, `size_byte`, `size_info`, `url`, `remark`, `created_by`, `updated_by`, `create_time`, `update_time`, `delete_time`) VALUES (261, 1, '58ae53c4898df1e248470f4d5f3e01148ba8aa7c_cleared.wav', '8996400531ef3d5f7224dc426b9fd8b40e24f095.wav', '8996400531ef3d5f7224dc426b9fd8b40e24f095', 'audio/wav', 'public/storage/queue/20250615/8996400531ef3d5f7224dc426b9fd8b40e24f095.wav', 'wav', 2713047, '2.59 MB', 'http://10.0.0.130:8787/storage/queue/20250615/8996400531ef3d5f7224dc426b9fd8b40e24f095.wav', NULL, NULL, NULL, '2025-06-15 14:37:35', '2025-06-15 14:37:35', NULL);
INSERT INTO `sa_system_attachment` (`id`, `storage_mode`, `origin_name`, `object_name`, `hash`, `mime_type`, `storage_path`, `suffix`, `size_byte`, `size_info`, `url`, `remark`, `created_by`, `updated_by`, `create_time`, `update_time`, `delete_time`) VALUES (262, 1, 'a0679f277e9a8c0a263693f9cf31908d80ea572c_cleared.wav', '314169f0c1e3554a2102f159fbc135b0038e4497.wav', '314169f0c1e3554a2102f159fbc135b0038e4497', 'audio/wav', 'public/storage/queue/20250615/314169f0c1e3554a2102f159fbc135b0038e4497.wav', 'wav', 8303349, '7.92 MB', 'http://10.0.0.130:8787/storage/queue/20250615/314169f0c1e3554a2102f159fbc135b0038e4497.wav', NULL, NULL, NULL, '2025-06-15 14:38:38', '2025-06-15 14:38:38', NULL);
INSERT INTO `sa_system_attachment` (`id`, `storage_mode`, `origin_name`, `object_name`, `hash`, `mime_type`, `storage_path`, `suffix`, `size_byte`, `size_info`, `url`, `remark`, `created_by`, `updated_by`, `create_time`, `update_time`, `delete_time`) VALUES (263, 1, '380d9b5a52ad238badc848da68f4c363c712240e_cleared.wav', 'cf0afa90085e33af19af53f07a9155904b13930a.wav', 'cf0afa90085e33af19af53f07a9155904b13930a', 'audio/wav', 'public/storage/queue/20250615/cf0afa90085e33af19af53f07a9155904b13930a.wav', 'wav', 619290, '604.78 KB', 'http://10.0.0.130:8787/storage/queue/20250615/cf0afa90085e33af19af53f07a9155904b13930a.wav', NULL, NULL, NULL, '2025-06-15 14:38:43', '2025-06-15 14:38:43', NULL);
INSERT INTO `sa_system_attachment` (`id`, `storage_mode`, `origin_name`, `object_name`, `hash`, `mime_type`, `storage_path`, `suffix`, `size_byte`, `size_info`, `url`, `remark`, `created_by`, `updated_by`, `create_time`, `update_time`, `delete_time`) VALUES (264, 1, '452b53bf511afd5f8362cf7908671617cb04b38c_cleared.wav', 'c93374170fbf7ff632ecd4496967ea33eac863d8.wav', 'c93374170fbf7ff632ecd4496967ea33eac863d8', 'audio/wav', 'public/storage/queue/20250615/c93374170fbf7ff632ecd4496967ea33eac863d8.wav', 'wav', 249411, '243.57 KB', 'http://10.0.0.130:8787/storage/queue/20250615/c93374170fbf7ff632ecd4496967ea33eac863d8.wav', NULL, NULL, NULL, '2025-06-15 14:38:45', '2025-06-15 14:38:45', NULL);
INSERT INTO `sa_system_attachment` (`id`, `storage_mode`, `origin_name`, `object_name`, `hash`, `mime_type`, `storage_path`, `suffix`, `size_byte`, `size_info`, `url`, `remark`, `created_by`, `updated_by`, `create_time`, `update_time`, `delete_time`) VALUES (265, 1, 'ade4ae7312396f97a9deac842939c6281dab8f66_cleared.wav', '5d22f80d46cac694fa5fdc2f031b3a16225b40b2.wav', '5d22f80d46cac694fa5fdc2f031b3a16225b40b2', 'audio/wav', 'public/storage/queue/20250615/5d22f80d46cac694fa5fdc2f031b3a16225b40b2.wav', 'wav', 268593, '262.3 KB', 'http://10.0.0.130:8787/storage/queue/20250615/5d22f80d46cac694fa5fdc2f031b3a16225b40b2.wav', NULL, NULL, NULL, '2025-06-15 14:38:47', '2025-06-15 14:38:47', NULL);
INSERT INTO `sa_system_attachment` (`id`, `storage_mode`, `origin_name`, `object_name`, `hash`, `mime_type`, `storage_path`, `suffix`, `size_byte`, `size_info`, `url`, `remark`, `created_by`, `updated_by`, `create_time`, `update_time`, `delete_time`) VALUES (266, 1, '0d8227f13865c1dee63974ea6211d181ed69068e_cleared.wav', '34f926d03fe583507e3b8c4b8c76053c14cfc853.wav', '34f926d03fe583507e3b8c4b8c76053c14cfc853', 'audio/wav', 'public/storage/queue/20250615/34f926d03fe583507e3b8c4b8c76053c14cfc853.wav', 'wav', 139740, '136.46 KB', 'http://10.0.0.130:8787/storage/queue/20250615/34f926d03fe583507e3b8c4b8c76053c14cfc853.wav', NULL, NULL, NULL, '2025-06-15 14:38:49', '2025-06-15 14:38:49', NULL);
INSERT INTO `sa_system_attachment` (`id`, `storage_mode`, `origin_name`, `object_name`, `hash`, `mime_type`, `storage_path`, `suffix`, `size_byte`, `size_info`, `url`, `remark`, `created_by`, `updated_by`, `create_time`, `update_time`, `delete_time`) VALUES (267, 1, '71688fdaccc901abc7961662421f8f57feff4889_cleared.wav', 'f47f5852eb526fbd267e702914110d3b30b6e741.wav', 'f47f5852eb526fbd267e702914110d3b30b6e741', 'audio/wav', 'public/storage/queue/20250615/f47f5852eb526fbd267e702914110d3b30b6e741.wav', 'wav', 326556, '318.9 KB', 'http://10.0.0.130:8787/storage/queue/20250615/f47f5852eb526fbd267e702914110d3b30b6e741.wav', NULL, NULL, NULL, '2025-06-15 14:38:51', '2025-06-15 14:38:51', NULL);
INSERT INTO `sa_system_attachment` (`id`, `storage_mode`, `origin_name`, `object_name`, `hash`, `mime_type`, `storage_path`, `suffix`, `size_byte`, `size_info`, `url`, `remark`, `created_by`, `updated_by`, `create_time`, `update_time`, `delete_time`) VALUES (268, 1, 'c2ffd4161b400f3f296df26755b499adcd1468e6_cleared.wav', 'e682740dae066d6d122fbc270b7b85534d055816.wav', 'e682740dae066d6d122fbc270b7b85534d055816', 'audio/wav', 'public/storage/queue/20250615/e682740dae066d6d122fbc270b7b85534d055816.wav', 'wav', 418296, '408.49 KB', 'http://10.0.0.130:8787/storage/queue/20250615/e682740dae066d6d122fbc270b7b85534d055816.wav', NULL, NULL, NULL, '2025-06-15 14:38:55', '2025-06-15 14:38:55', NULL);
INSERT INTO `sa_system_attachment` (`id`, `storage_mode`, `origin_name`, `object_name`, `hash`, `mime_type`, `storage_path`, `suffix`, `size_byte`, `size_info`, `url`, `remark`, `created_by`, `updated_by`, `create_time`, `update_time`, `delete_time`) VALUES (269, 1, '0a0dc8406a6c0c23b63345eb54c69d5e7230f6ef_cleared.wav', '09ecbff41395b3544fdad05184295aa542790f4e.wav', '09ecbff41395b3544fdad05184295aa542790f4e', 'audio/wav', 'public/storage/queue/20250615/09ecbff41395b3544fdad05184295aa542790f4e.wav', 'wav', 254415, '248.45 KB', 'http://10.0.0.130:8787/storage/queue/20250615/09ecbff41395b3544fdad05184295aa542790f4e.wav', NULL, NULL, NULL, '2025-06-15 14:38:57', '2025-06-15 14:38:57', NULL);
INSERT INTO `sa_system_attachment` (`id`, `storage_mode`, `origin_name`, `object_name`, `hash`, `mime_type`, `storage_path`, `suffix`, `size_byte`, `size_info`, `url`, `remark`, `created_by`, `updated_by`, `create_time`, `update_time`, `delete_time`) VALUES (270, 1, '45ba15a1b88f958f4bf043e50d38361d47005540_cleared.wav', '18773ed6e7111bb3b7e12c99aa0a1cd7a8ab1ddc.wav', '18773ed6e7111bb3b7e12c99aa0a1cd7a8ab1ddc', 'audio/wav', 'public/storage/queue/20250615/18773ed6e7111bb3b7e12c99aa0a1cd7a8ab1ddc.wav', 'wav', 114303, '111.62 KB', 'http://10.0.0.130:8787/storage/queue/20250615/18773ed6e7111bb3b7e12c99aa0a1cd7a8ab1ddc.wav', NULL, NULL, NULL, '2025-06-15 14:38:59', '2025-06-15 14:38:59', NULL);
INSERT INTO `sa_system_attachment` (`id`, `storage_mode`, `origin_name`, `object_name`, `hash`, `mime_type`, `storage_path`, `suffix`, `size_byte`, `size_info`, `url`, `remark`, `created_by`, `updated_by`, `create_time`, `update_time`, `delete_time`) VALUES (271, 1, 'a275a98cdf5912e9c795131db4ef38aaf1906d35_cleared.wav', 'b3de80388fe1fc9fdd2a044cf927219160bd799a.wav', 'b3de80388fe1fc9fdd2a044cf927219160bd799a', 'audio/wav', 'public/storage/queue/20250615/b3de80388fe1fc9fdd2a044cf927219160bd799a.wav', 'wav', 238152, '232.57 KB', 'http://10.0.0.130:8787/storage/queue/20250615/b3de80388fe1fc9fdd2a044cf927219160bd799a.wav', NULL, NULL, NULL, '2025-06-15 14:39:01', '2025-06-15 14:39:01', NULL);
INSERT INTO `sa_system_attachment` (`id`, `storage_mode`, `origin_name`, `object_name`, `hash`, `mime_type`, `storage_path`, `suffix`, `size_byte`, `size_info`, `url`, `remark`, `created_by`, `updated_by`, `create_time`, `update_time`, `delete_time`) VALUES (272, 1, '41b8be1512abae829677b8355130f8cc90b9b6f8_cleared.wav', '6d7b302051d6ce136799c15c6a6cc310e5453556.wav', '6d7b302051d6ce136799c15c6a6cc310e5453556', 'audio/wav', 'public/storage/queue/20250615/6d7b302051d6ce136799c15c6a6cc310e5453556.wav', 'wav', 2357346, '2.25 MB', 'http://10.0.0.130:8787/storage/queue/20250615/6d7b302051d6ce136799c15c6a6cc310e5453556.wav', NULL, NULL, NULL, '2025-06-15 14:39:19', '2025-06-15 14:39:19', NULL);
INSERT INTO `sa_system_attachment` (`id`, `storage_mode`, `origin_name`, `object_name`, `hash`, `mime_type`, `storage_path`, `suffix`, `size_byte`, `size_info`, `url`, `remark`, `created_by`, `updated_by`, `create_time`, `update_time`, `delete_time`) VALUES (273, 1, 'e08b5c8d974c82747603f424b45880fae68d656b_cleared.wav', 'bde2243ad0946e5537aa3bba6af12605b3e1bb1c.wav', 'bde2243ad0946e5537aa3bba6af12605b3e1bb1c', 'audio/wav', 'public/storage/queue/20250615/bde2243ad0946e5537aa3bba6af12605b3e1bb1c.wav', 'wav', 146829, '143.39 KB', 'http://10.0.0.130:8787/storage/queue/20250615/bde2243ad0946e5537aa3bba6af12605b3e1bb1c.wav', NULL, NULL, NULL, '2025-06-15 14:39:20', '2025-06-15 14:39:20', NULL);
INSERT INTO `sa_system_attachment` (`id`, `storage_mode`, `origin_name`, `object_name`, `hash`, `mime_type`, `storage_path`, `suffix`, `size_byte`, `size_info`, `url`, `remark`, `created_by`, `updated_by`, `create_time`, `update_time`, `delete_time`) VALUES (274, 1, '71688fdaccc901abc7961662421f8f57feff4889_cleared.wav', '3e57c39c9f94e39d18dc2752c9f4d0e5d5099016.wav', '3e57c39c9f94e39d18dc2752c9f4d0e5d5099016', 'audio/wav', 'public/storage/queue/20250615/3e57c39c9f94e39d18dc2752c9f4d0e5d5099016.wav', 'wav', 326556, '318.9 KB', 'http://10.0.0.130:8787/storage/queue/20250615/3e57c39c9f94e39d18dc2752c9f4d0e5d5099016.wav', NULL, NULL, NULL, '2025-06-15 14:39:22', '2025-06-15 14:39:22', NULL);
INSERT INTO `sa_system_attachment` (`id`, `storage_mode`, `origin_name`, `object_name`, `hash`, `mime_type`, `storage_path`, `suffix`, `size_byte`, `size_info`, `url`, `remark`, `created_by`, `updated_by`, `create_time`, `update_time`, `delete_time`) VALUES (275, 1, '0a0dc8406a6c0c23b63345eb54c69d5e7230f6ef_cleared.wav', '4c5d2b29da181e9f82ef612c2cbe7438d9988a19.wav', '4c5d2b29da181e9f82ef612c2cbe7438d9988a19', 'audio/wav', 'public/storage/queue/20250615/4c5d2b29da181e9f82ef612c2cbe7438d9988a19.wav', 'wav', 254415, '248.45 KB', 'http://10.0.0.130:8787/storage/queue/20250615/4c5d2b29da181e9f82ef612c2cbe7438d9988a19.wav', NULL, NULL, NULL, '2025-06-15 14:39:24', '2025-06-15 14:39:24', NULL);
INSERT INTO `sa_system_attachment` (`id`, `storage_mode`, `origin_name`, `object_name`, `hash`, `mime_type`, `storage_path`, `suffix`, `size_byte`, `size_info`, `url`, `remark`, `created_by`, `updated_by`, `create_time`, `update_time`, `delete_time`) VALUES (276, 1, '7132011c90ec1da20c26db197ed5b799e75fe704_cleared.wav', '75ed9c4c478bd0a3ef3d80bcd4482464eb62b2b1.wav', '75ed9c4c478bd0a3ef3d80bcd4482464eb62b2b1', 'audio/wav', 'public/storage/queue/20250615/75ed9c4c478bd0a3ef3d80bcd4482464eb62b2b1.wav', 'wav', 3559140, '3.39 MB', 'http://10.0.0.130:8787/storage/queue/20250615/75ed9c4c478bd0a3ef3d80bcd4482464eb62b2b1.wav', NULL, NULL, NULL, '2025-06-15 14:39:51', '2025-06-15 14:39:51', NULL);
INSERT INTO `sa_system_attachment` (`id`, `storage_mode`, `origin_name`, `object_name`, `hash`, `mime_type`, `storage_path`, `suffix`, `size_byte`, `size_info`, `url`, `remark`, `created_by`, `updated_by`, `create_time`, `update_time`, `delete_time`) VALUES (277, 1, 'a275a98cdf5912e9c795131db4ef38aaf1906d35_cleared.wav', 'f9214a67b813c043c1f9b4077f996824d4ffef7c.wav', 'f9214a67b813c043c1f9b4077f996824d4ffef7c', 'audio/wav', 'public/storage/queue/20250615/f9214a67b813c043c1f9b4077f996824d4ffef7c.wav', 'wav', 238152, '232.57 KB', 'http://10.0.0.130:8787/storage/queue/20250615/f9214a67b813c043c1f9b4077f996824d4ffef7c.wav', NULL, NULL, NULL, '2025-06-15 14:39:54', '2025-06-15 14:39:54', NULL);
INSERT INTO `sa_system_attachment` (`id`, `storage_mode`, `origin_name`, `object_name`, `hash`, `mime_type`, `storage_path`, `suffix`, `size_byte`, `size_info`, `url`, `remark`, `created_by`, `updated_by`, `create_time`, `update_time`, `delete_time`) VALUES (278, 1, 'a0679f277e9a8c0a263693f9cf31908d80ea572c_cleared.wav', '061142954d8e6d59eb127d6f6114b6d2826ed057.wav', '061142954d8e6d59eb127d6f6114b6d2826ed057', 'audio/wav', 'public/storage/queue/20250615/061142954d8e6d59eb127d6f6114b6d2826ed057.wav', 'wav', 8303349, '7.92 MB', 'http://10.0.0.130:8787/storage/queue/20250615/061142954d8e6d59eb127d6f6114b6d2826ed057.wav', NULL, NULL, NULL, '2025-06-15 14:40:56', '2025-06-15 14:40:56', NULL);
INSERT INTO `sa_system_attachment` (`id`, `storage_mode`, `origin_name`, `object_name`, `hash`, `mime_type`, `storage_path`, `suffix`, `size_byte`, `size_info`, `url`, `remark`, `created_by`, `updated_by`, `create_time`, `update_time`, `delete_time`) VALUES (279, 1, '58ae53c4898df1e248470f4d5f3e01148ba8aa7c_cleared.wav', 'b412f2d009df0607b572d5846ea47db80b554edf.wav', 'b412f2d009df0607b572d5846ea47db80b554edf', 'audio/wav', 'public/storage/queue/20250615/b412f2d009df0607b572d5846ea47db80b554edf.wav', 'wav', 2713047, '2.59 MB', 'http://10.0.0.130:8787/storage/queue/20250615/b412f2d009df0607b572d5846ea47db80b554edf.wav', NULL, NULL, NULL, '2025-06-15 14:41:16', '2025-06-15 14:41:16', NULL);
INSERT INTO `sa_system_attachment` (`id`, `storage_mode`, `origin_name`, `object_name`, `hash`, `mime_type`, `storage_path`, `suffix`, `size_byte`, `size_info`, `url`, `remark`, `created_by`, `updated_by`, `create_time`, `update_time`, `delete_time`) VALUES (280, 1, 'a0679f277e9a8c0a263693f9cf31908d80ea572c_cleared.wav', 'fa6b0e1d25a3f60700b2b4ca7e28580f949976e9.wav', 'fa6b0e1d25a3f60700b2b4ca7e28580f949976e9', 'audio/wav', 'public/storage/queue/20250615/fa6b0e1d25a3f60700b2b4ca7e28580f949976e9.wav', 'wav', 8303349, '7.92 MB', 'http://10.0.0.130:8787/storage/queue/20250615/fa6b0e1d25a3f60700b2b4ca7e28580f949976e9.wav', NULL, NULL, NULL, '2025-06-15 14:42:18', '2025-06-15 14:42:18', NULL);
INSERT INTO `sa_system_attachment` (`id`, `storage_mode`, `origin_name`, `object_name`, `hash`, `mime_type`, `storage_path`, `suffix`, `size_byte`, `size_info`, `url`, `remark`, `created_by`, `updated_by`, `create_time`, `update_time`, `delete_time`) VALUES (281, 1, 'a0679f277e9a8c0a263693f9cf31908d80ea572c_cleared.wav', 'ddf61c34483378e7b3e207bd14682aa4ede4740d.wav', 'ddf61c34483378e7b3e207bd14682aa4ede4740d', 'audio/wav', 'public/storage/queue/20250615/ddf61c34483378e7b3e207bd14682aa4ede4740d.wav', 'wav', 8303349, '7.92 MB', 'http://10.0.0.130:8787/storage/queue/20250615/ddf61c34483378e7b3e207bd14682aa4ede4740d.wav', NULL, NULL, NULL, '2025-06-15 14:43:19', '2025-06-15 14:43:19', NULL);
INSERT INTO `sa_system_attachment` (`id`, `storage_mode`, `origin_name`, `object_name`, `hash`, `mime_type`, `storage_path`, `suffix`, `size_byte`, `size_info`, `url`, `remark`, `created_by`, `updated_by`, `create_time`, `update_time`, `delete_time`) VALUES (282, 1, 'a0679f277e9a8c0a263693f9cf31908d80ea572c_cleared.wav', '6ca9f55f6bcf5bea2257765aca35ac42c15b1e92.wav', '6ca9f55f6bcf5bea2257765aca35ac42c15b1e92', 'audio/wav', 'public/storage/queue/20250615/6ca9f55f6bcf5bea2257765aca35ac42c15b1e92.wav', 'wav', 8303349, '7.92 MB', 'http://10.0.0.130:8787/storage/queue/20250615/6ca9f55f6bcf5bea2257765aca35ac42c15b1e92.wav', NULL, NULL, NULL, '2025-06-15 14:44:21', '2025-06-15 14:44:21', NULL);
INSERT INTO `sa_system_attachment` (`id`, `storage_mode`, `origin_name`, `object_name`, `hash`, `mime_type`, `storage_path`, `suffix`, `size_byte`, `size_info`, `url`, `remark`, `created_by`, `updated_by`, `create_time`, `update_time`, `delete_time`) VALUES (283, 1, '58ae53c4898df1e248470f4d5f3e01148ba8aa7c_cleared.wav', 'a1bfeec97e05ee1c18796a74eaa177a36e3e768b.wav', 'a1bfeec97e05ee1c18796a74eaa177a36e3e768b', 'audio/wav', 'public/storage/queue/20250615/a1bfeec97e05ee1c18796a74eaa177a36e3e768b.wav', 'wav', 2713047, '2.59 MB', 'http://10.0.0.130:8787/storage/queue/20250615/a1bfeec97e05ee1c18796a74eaa177a36e3e768b.wav', NULL, NULL, NULL, '2025-06-15 14:44:41', '2025-06-15 14:44:41', NULL);
INSERT INTO `sa_system_attachment` (`id`, `storage_mode`, `origin_name`, `object_name`, `hash`, `mime_type`, `storage_path`, `suffix`, `size_byte`, `size_info`, `url`, `remark`, `created_by`, `updated_by`, `create_time`, `update_time`, `delete_time`) VALUES (284, 1, 'a0679f277e9a8c0a263693f9cf31908d80ea572c_cleared.wav', 'dae6e3b2777c1799d53b26f0d7a1fd8011f612ff.wav', 'dae6e3b2777c1799d53b26f0d7a1fd8011f612ff', 'audio/wav', 'public/storage/queue/20250615/dae6e3b2777c1799d53b26f0d7a1fd8011f612ff.wav', 'wav', 8303349, '7.92 MB', 'http://10.0.0.130:8787/storage/queue/20250615/dae6e3b2777c1799d53b26f0d7a1fd8011f612ff.wav', NULL, NULL, NULL, '2025-06-15 14:45:43', '2025-06-15 14:45:43', NULL);
INSERT INTO `sa_system_attachment` (`id`, `storage_mode`, `origin_name`, `object_name`, `hash`, `mime_type`, `storage_path`, `suffix`, `size_byte`, `size_info`, `url`, `remark`, `created_by`, `updated_by`, `create_time`, `update_time`, `delete_time`) VALUES (285, 1, '380d9b5a52ad238badc848da68f4c363c712240e_cleared.wav', 'f7639c49afa16ccaf64fd72939dc0ba7fbf42fa2.wav', 'f7639c49afa16ccaf64fd72939dc0ba7fbf42fa2', 'audio/wav', 'public/storage/queue/20250615/f7639c49afa16ccaf64fd72939dc0ba7fbf42fa2.wav', 'wav', 619290, '604.78 KB', 'http://10.0.0.130:8787/storage/queue/20250615/f7639c49afa16ccaf64fd72939dc0ba7fbf42fa2.wav', NULL, NULL, NULL, '2025-06-15 14:45:49', '2025-06-15 14:45:49', NULL);
INSERT INTO `sa_system_attachment` (`id`, `storage_mode`, `origin_name`, `object_name`, `hash`, `mime_type`, `storage_path`, `suffix`, `size_byte`, `size_info`, `url`, `remark`, `created_by`, `updated_by`, `create_time`, `update_time`, `delete_time`) VALUES (286, 1, '452b53bf511afd5f8362cf7908671617cb04b38c_cleared.wav', '1ffcb625f4ba76c46255a8afc93c8e602269772f.wav', '1ffcb625f4ba76c46255a8afc93c8e602269772f', 'audio/wav', 'public/storage/queue/20250615/1ffcb625f4ba76c46255a8afc93c8e602269772f.wav', 'wav', 249411, '243.57 KB', 'http://10.0.0.130:8787/storage/queue/20250615/1ffcb625f4ba76c46255a8afc93c8e602269772f.wav', NULL, NULL, NULL, '2025-06-15 14:45:51', '2025-06-15 14:45:51', NULL);
INSERT INTO `sa_system_attachment` (`id`, `storage_mode`, `origin_name`, `object_name`, `hash`, `mime_type`, `storage_path`, `suffix`, `size_byte`, `size_info`, `url`, `remark`, `created_by`, `updated_by`, `create_time`, `update_time`, `delete_time`) VALUES (287, 1, 'ade4ae7312396f97a9deac842939c6281dab8f66_cleared.wav', 'f2ae794c612b7208ec1e692625a6d82d23b33b14.wav', 'f2ae794c612b7208ec1e692625a6d82d23b33b14', 'audio/wav', 'public/storage/queue/20250615/f2ae794c612b7208ec1e692625a6d82d23b33b14.wav', 'wav', 268593, '262.3 KB', 'http://10.0.0.130:8787/storage/queue/20250615/f2ae794c612b7208ec1e692625a6d82d23b33b14.wav', NULL, NULL, NULL, '2025-06-15 14:45:53', '2025-06-15 14:45:53', NULL);
INSERT INTO `sa_system_attachment` (`id`, `storage_mode`, `origin_name`, `object_name`, `hash`, `mime_type`, `storage_path`, `suffix`, `size_byte`, `size_info`, `url`, `remark`, `created_by`, `updated_by`, `create_time`, `update_time`, `delete_time`) VALUES (288, 1, '0d8227f13865c1dee63974ea6211d181ed69068e_cleared.wav', 'b8cf27924092ebbbe3097e9eb5d41689cfc9dfe4.wav', 'b8cf27924092ebbbe3097e9eb5d41689cfc9dfe4', 'audio/wav', 'public/storage/queue/20250615/b8cf27924092ebbbe3097e9eb5d41689cfc9dfe4.wav', 'wav', 139740, '136.46 KB', 'http://10.0.0.130:8787/storage/queue/20250615/b8cf27924092ebbbe3097e9eb5d41689cfc9dfe4.wav', NULL, NULL, NULL, '2025-06-15 14:45:54', '2025-06-15 14:45:54', NULL);
INSERT INTO `sa_system_attachment` (`id`, `storage_mode`, `origin_name`, `object_name`, `hash`, `mime_type`, `storage_path`, `suffix`, `size_byte`, `size_info`, `url`, `remark`, `created_by`, `updated_by`, `create_time`, `update_time`, `delete_time`) VALUES (289, 1, '71688fdaccc901abc7961662421f8f57feff4889_cleared.wav', '3dbe0220665b9c5a3bb549c115c586a43caba9cd.wav', '3dbe0220665b9c5a3bb549c115c586a43caba9cd', 'audio/wav', 'public/storage/queue/20250615/3dbe0220665b9c5a3bb549c115c586a43caba9cd.wav', 'wav', 326556, '318.9 KB', 'http://10.0.0.130:8787/storage/queue/20250615/3dbe0220665b9c5a3bb549c115c586a43caba9cd.wav', NULL, NULL, NULL, '2025-06-15 14:45:57', '2025-06-15 14:45:57', NULL);
INSERT INTO `sa_system_attachment` (`id`, `storage_mode`, `origin_name`, `object_name`, `hash`, `mime_type`, `storage_path`, `suffix`, `size_byte`, `size_info`, `url`, `remark`, `created_by`, `updated_by`, `create_time`, `update_time`, `delete_time`) VALUES (290, 1, 'c2ffd4161b400f3f296df26755b499adcd1468e6_cleared.wav', '475f430ad79d32342d978ed50cc14883cba5fcfd.wav', '475f430ad79d32342d978ed50cc14883cba5fcfd', 'audio/wav', 'public/storage/queue/20250615/475f430ad79d32342d978ed50cc14883cba5fcfd.wav', 'wav', 418296, '408.49 KB', 'http://10.0.0.130:8787/storage/queue/20250615/475f430ad79d32342d978ed50cc14883cba5fcfd.wav', NULL, NULL, NULL, '2025-06-15 14:46:00', '2025-06-15 14:46:00', NULL);
INSERT INTO `sa_system_attachment` (`id`, `storage_mode`, `origin_name`, `object_name`, `hash`, `mime_type`, `storage_path`, `suffix`, `size_byte`, `size_info`, `url`, `remark`, `created_by`, `updated_by`, `create_time`, `update_time`, `delete_time`) VALUES (291, 1, '0a0dc8406a6c0c23b63345eb54c69d5e7230f6ef_cleared.wav', 'e4c50a53a3e9ad2621d1990058992833d2c5cfc2.wav', 'e4c50a53a3e9ad2621d1990058992833d2c5cfc2', 'audio/wav', 'public/storage/queue/20250615/e4c50a53a3e9ad2621d1990058992833d2c5cfc2.wav', 'wav', 254415, '248.45 KB', 'http://10.0.0.130:8787/storage/queue/20250615/e4c50a53a3e9ad2621d1990058992833d2c5cfc2.wav', NULL, NULL, NULL, '2025-06-15 14:46:03', '2025-06-15 14:46:03', NULL);
INSERT INTO `sa_system_attachment` (`id`, `storage_mode`, `origin_name`, `object_name`, `hash`, `mime_type`, `storage_path`, `suffix`, `size_byte`, `size_info`, `url`, `remark`, `created_by`, `updated_by`, `create_time`, `update_time`, `delete_time`) VALUES (292, 1, '45ba15a1b88f958f4bf043e50d38361d47005540_cleared.wav', 'e63a288db4a4486291c9a2a717192d44dcb65331.wav', 'e63a288db4a4486291c9a2a717192d44dcb65331', 'audio/wav', 'public/storage/queue/20250615/e63a288db4a4486291c9a2a717192d44dcb65331.wav', 'wav', 114303, '111.62 KB', 'http://10.0.0.130:8787/storage/queue/20250615/e63a288db4a4486291c9a2a717192d44dcb65331.wav', NULL, NULL, NULL, '2025-06-15 14:46:04', '2025-06-15 14:46:04', NULL);
INSERT INTO `sa_system_attachment` (`id`, `storage_mode`, `origin_name`, `object_name`, `hash`, `mime_type`, `storage_path`, `suffix`, `size_byte`, `size_info`, `url`, `remark`, `created_by`, `updated_by`, `create_time`, `update_time`, `delete_time`) VALUES (293, 1, 'a275a98cdf5912e9c795131db4ef38aaf1906d35_cleared.wav', '9c7d1217f5bf1f364f95961eb471d0e2589dae53.wav', '9c7d1217f5bf1f364f95961eb471d0e2589dae53', 'audio/wav', 'public/storage/queue/20250615/9c7d1217f5bf1f364f95961eb471d0e2589dae53.wav', 'wav', 238152, '232.57 KB', 'http://10.0.0.130:8787/storage/queue/20250615/9c7d1217f5bf1f364f95961eb471d0e2589dae53.wav', NULL, NULL, NULL, '2025-06-15 14:46:06', '2025-06-15 14:46:06', NULL);
INSERT INTO `sa_system_attachment` (`id`, `storage_mode`, `origin_name`, `object_name`, `hash`, `mime_type`, `storage_path`, `suffix`, `size_byte`, `size_info`, `url`, `remark`, `created_by`, `updated_by`, `create_time`, `update_time`, `delete_time`) VALUES (294, 1, '41b8be1512abae829677b8355130f8cc90b9b6f8_cleared.wav', '97a7663ed27bd93ab2b9a05adb2b8b608a62f9d3.wav', '97a7663ed27bd93ab2b9a05adb2b8b608a62f9d3', 'audio/wav', 'public/storage/queue/20250615/97a7663ed27bd93ab2b9a05adb2b8b608a62f9d3.wav', 'wav', 2357346, '2.25 MB', 'http://10.0.0.130:8787/storage/queue/20250615/97a7663ed27bd93ab2b9a05adb2b8b608a62f9d3.wav', NULL, NULL, NULL, '2025-06-15 14:46:24', '2025-06-15 14:46:24', NULL);
INSERT INTO `sa_system_attachment` (`id`, `storage_mode`, `origin_name`, `object_name`, `hash`, `mime_type`, `storage_path`, `suffix`, `size_byte`, `size_info`, `url`, `remark`, `created_by`, `updated_by`, `create_time`, `update_time`, `delete_time`) VALUES (295, 1, 'e08b5c8d974c82747603f424b45880fae68d656b_cleared.wav', 'bc4f3ae3b528a3d1bf8e91d87bf21143e76e4acb.wav', 'bc4f3ae3b528a3d1bf8e91d87bf21143e76e4acb', 'audio/wav', 'public/storage/queue/20250615/bc4f3ae3b528a3d1bf8e91d87bf21143e76e4acb.wav', 'wav', 146829, '143.39 KB', 'http://10.0.0.130:8787/storage/queue/20250615/bc4f3ae3b528a3d1bf8e91d87bf21143e76e4acb.wav', NULL, NULL, NULL, '2025-06-15 14:46:26', '2025-06-15 14:46:26', NULL);
INSERT INTO `sa_system_attachment` (`id`, `storage_mode`, `origin_name`, `object_name`, `hash`, `mime_type`, `storage_path`, `suffix`, `size_byte`, `size_info`, `url`, `remark`, `created_by`, `updated_by`, `create_time`, `update_time`, `delete_time`) VALUES (296, 1, '71688fdaccc901abc7961662421f8f57feff4889_cleared.wav', '413c8ebda008dbf95de3c26e8c36d9b61be285c3.wav', '413c8ebda008dbf95de3c26e8c36d9b61be285c3', 'audio/wav', 'public/storage/queue/20250615/413c8ebda008dbf95de3c26e8c36d9b61be285c3.wav', 'wav', 326556, '318.9 KB', 'http://10.0.0.130:8787/storage/queue/20250615/413c8ebda008dbf95de3c26e8c36d9b61be285c3.wav', NULL, NULL, NULL, '2025-06-15 14:46:29', '2025-06-15 14:46:29', NULL);
INSERT INTO `sa_system_attachment` (`id`, `storage_mode`, `origin_name`, `object_name`, `hash`, `mime_type`, `storage_path`, `suffix`, `size_byte`, `size_info`, `url`, `remark`, `created_by`, `updated_by`, `create_time`, `update_time`, `delete_time`) VALUES (297, 1, '0a0dc8406a6c0c23b63345eb54c69d5e7230f6ef_cleared.wav', 'eb0fc7ecaf4ef8687fd35d6f72953df678ea76ab.wav', 'eb0fc7ecaf4ef8687fd35d6f72953df678ea76ab', 'audio/wav', 'public/storage/queue/20250615/eb0fc7ecaf4ef8687fd35d6f72953df678ea76ab.wav', 'wav', 254415, '248.45 KB', 'http://10.0.0.130:8787/storage/queue/20250615/eb0fc7ecaf4ef8687fd35d6f72953df678ea76ab.wav', NULL, NULL, NULL, '2025-06-15 14:46:31', '2025-06-15 14:46:31', NULL);
INSERT INTO `sa_system_attachment` (`id`, `storage_mode`, `origin_name`, `object_name`, `hash`, `mime_type`, `storage_path`, `suffix`, `size_byte`, `size_info`, `url`, `remark`, `created_by`, `updated_by`, `create_time`, `update_time`, `delete_time`) VALUES (298, 1, 'a275a98cdf5912e9c795131db4ef38aaf1906d35_cleared.wav', 'ec93de419d9a6121d8516a257f8148ec70b40db4.wav', 'ec93de419d9a6121d8516a257f8148ec70b40db4', 'audio/wav', 'public/storage/queue/20250615/ec93de419d9a6121d8516a257f8148ec70b40db4.wav', 'wav', 238152, '232.57 KB', 'http://10.0.0.130:8787/storage/queue/20250615/ec93de419d9a6121d8516a257f8148ec70b40db4.wav', NULL, NULL, NULL, '2025-06-15 14:46:33', '2025-06-15 14:46:33', NULL);
INSERT INTO `sa_system_attachment` (`id`, `storage_mode`, `origin_name`, `object_name`, `hash`, `mime_type`, `storage_path`, `suffix`, `size_byte`, `size_info`, `url`, `remark`, `created_by`, `updated_by`, `create_time`, `update_time`, `delete_time`) VALUES (299, 1, 'a0679f277e9a8c0a263693f9cf31908d80ea572c_cleared.wav', '250e1e4d9503f7abbbdb3f29c5565aeefa630f38.wav', '250e1e4d9503f7abbbdb3f29c5565aeefa630f38', 'audio/wav', 'public/storage/queue/20250615/250e1e4d9503f7abbbdb3f29c5565aeefa630f38.wav', 'wav', 8303349, '7.92 MB', 'http://10.0.0.130:8787/storage/queue/20250615/250e1e4d9503f7abbbdb3f29c5565aeefa630f38.wav', NULL, NULL, NULL, '2025-06-15 14:47:34', '2025-06-15 14:47:34', NULL);
INSERT INTO `sa_system_attachment` (`id`, `storage_mode`, `origin_name`, `object_name`, `hash`, `mime_type`, `storage_path`, `suffix`, `size_byte`, `size_info`, `url`, `remark`, `created_by`, `updated_by`, `create_time`, `update_time`, `delete_time`) VALUES (300, 1, '58ae53c4898df1e248470f4d5f3e01148ba8aa7c_cleared.wav', 'a27867d3ef3f9a2454d0f4334b3cc6d3153879b0.wav', 'a27867d3ef3f9a2454d0f4334b3cc6d3153879b0', 'audio/wav', 'public/storage/queue/20250615/a27867d3ef3f9a2454d0f4334b3cc6d3153879b0.wav', 'wav', 2713047, '2.59 MB', 'http://10.0.0.130:8787/storage/queue/20250615/a27867d3ef3f9a2454d0f4334b3cc6d3153879b0.wav', NULL, NULL, NULL, '2025-06-15 14:47:55', '2025-06-15 14:47:55', NULL);
INSERT INTO `sa_system_attachment` (`id`, `storage_mode`, `origin_name`, `object_name`, `hash`, `mime_type`, `storage_path`, `suffix`, `size_byte`, `size_info`, `url`, `remark`, `created_by`, `updated_by`, `create_time`, `update_time`, `delete_time`) VALUES (301, 1, 'a0679f277e9a8c0a263693f9cf31908d80ea572c_cleared.wav', '2889ee9c960718c2045a11a0d498419e3b49d56f.wav', '2889ee9c960718c2045a11a0d498419e3b49d56f', 'audio/wav', 'public/storage/queue/20250615/2889ee9c960718c2045a11a0d498419e3b49d56f.wav', 'wav', 8303349, '7.92 MB', 'http://10.0.0.130:8787/storage/queue/20250615/2889ee9c960718c2045a11a0d498419e3b49d56f.wav', NULL, NULL, NULL, '2025-06-15 14:48:56', '2025-06-15 14:48:56', NULL);
INSERT INTO `sa_system_attachment` (`id`, `storage_mode`, `origin_name`, `object_name`, `hash`, `mime_type`, `storage_path`, `suffix`, `size_byte`, `size_info`, `url`, `remark`, `created_by`, `updated_by`, `create_time`, `update_time`, `delete_time`) VALUES (302, 1, 'a0679f277e9a8c0a263693f9cf31908d80ea572c_cleared.wav', 'a9b6b07654f983766e845cc7177688512f6d179d.wav', 'a9b6b07654f983766e845cc7177688512f6d179d', 'audio/wav', 'public/storage/queue/20250615/a9b6b07654f983766e845cc7177688512f6d179d.wav', 'wav', 8303349, '7.92 MB', 'http://10.0.0.130:8787/storage/queue/20250615/a9b6b07654f983766e845cc7177688512f6d179d.wav', NULL, NULL, NULL, '2025-06-15 14:49:57', '2025-06-15 14:49:57', NULL);
INSERT INTO `sa_system_attachment` (`id`, `storage_mode`, `origin_name`, `object_name`, `hash`, `mime_type`, `storage_path`, `suffix`, `size_byte`, `size_info`, `url`, `remark`, `created_by`, `updated_by`, `create_time`, `update_time`, `delete_time`) VALUES (303, 1, 'a0679f277e9a8c0a263693f9cf31908d80ea572c_cleared.wav', 'f36f0b9623a841d21dd5eb9c7c841a5fc1ad3fd8.wav', 'f36f0b9623a841d21dd5eb9c7c841a5fc1ad3fd8', 'audio/wav', 'public/storage/queue/20250615/f36f0b9623a841d21dd5eb9c7c841a5fc1ad3fd8.wav', 'wav', 8303349, '7.92 MB', 'http://10.0.0.130:8787/storage/queue/20250615/f36f0b9623a841d21dd5eb9c7c841a5fc1ad3fd8.wav', NULL, NULL, NULL, '2025-06-15 14:50:59', '2025-06-15 14:50:59', NULL);
INSERT INTO `sa_system_attachment` (`id`, `storage_mode`, `origin_name`, `object_name`, `hash`, `mime_type`, `storage_path`, `suffix`, `size_byte`, `size_info`, `url`, `remark`, `created_by`, `updated_by`, `create_time`, `update_time`, `delete_time`) VALUES (304, 1, '58ae53c4898df1e248470f4d5f3e01148ba8aa7c_cleared.wav', '1da2b8c482511249c07499565ac5caba27151e97.wav', '1da2b8c482511249c07499565ac5caba27151e97', 'audio/wav', 'public/storage/queue/20250615/1da2b8c482511249c07499565ac5caba27151e97.wav', 'wav', 2713047, '2.59 MB', 'http://10.0.0.130:8787/storage/queue/20250615/1da2b8c482511249c07499565ac5caba27151e97.wav', NULL, NULL, NULL, '2025-06-15 14:51:19', '2025-06-15 14:51:19', NULL);
INSERT INTO `sa_system_attachment` (`id`, `storage_mode`, `origin_name`, `object_name`, `hash`, `mime_type`, `storage_path`, `suffix`, `size_byte`, `size_info`, `url`, `remark`, `created_by`, `updated_by`, `create_time`, `update_time`, `delete_time`) VALUES (305, 1, 'a0679f277e9a8c0a263693f9cf31908d80ea572c_cleared.wav', '3d3afc46437f3c91d093a057da7f2e4027aa4536.wav', '3d3afc46437f3c91d093a057da7f2e4027aa4536', 'audio/wav', 'public/storage/queue/20250615/3d3afc46437f3c91d093a057da7f2e4027aa4536.wav', 'wav', 8303349, '7.92 MB', 'http://10.0.0.130:8787/storage/queue/20250615/3d3afc46437f3c91d093a057da7f2e4027aa4536.wav', NULL, NULL, NULL, '2025-06-15 14:52:20', '2025-06-15 14:52:20', NULL);
INSERT INTO `sa_system_attachment` (`id`, `storage_mode`, `origin_name`, `object_name`, `hash`, `mime_type`, `storage_path`, `suffix`, `size_byte`, `size_info`, `url`, `remark`, `created_by`, `updated_by`, `create_time`, `update_time`, `delete_time`) VALUES (306, 1, '0a1a82ac660b09451df86671d73e6d4e.mp4', '026b57327859f606b414cdac6f35b81777b7ebd8.mp4', '026b57327859f606b414cdac6f35b81777b7ebd8', 'video/mp4', 'public/storage/20250615/026b57327859f606b414cdac6f35b81777b7ebd8.mp4', 'mp4', 1702717, '1.62 MB', 'http://10.0.0.130:8787/storage/20250615/026b57327859f606b414cdac6f35b81777b7ebd8.mp4', NULL, 4, 4, '2025-06-15 15:28:54', '2025-06-15 15:28:54', NULL);
INSERT INTO `sa_system_attachment` (`id`, `storage_mode`, `origin_name`, `object_name`, `hash`, `mime_type`, `storage_path`, `suffix`, `size_byte`, `size_info`, `url`, `remark`, `created_by`, `updated_by`, `create_time`, `update_time`, `delete_time`) VALUES (307, 1, 'task_68_video_1749972541_extracted.mp3', '0d8227f13865c1dee63974ea6211d181ed69068e.mp3', '0d8227f13865c1dee63974ea6211d181ed69068e', 'audio/mpeg', 'public/storage/queue/20250615/0d8227f13865c1dee63974ea6211d181ed69068e.mp3', 'mp3', 139882, '136.6 KB', 'http://10.0.0.130:8787/storage/queue/20250615/0d8227f13865c1dee63974ea6211d181ed69068e.mp3', NULL, NULL, NULL, '2025-06-15 15:29:02', '2025-06-15 15:29:02', NULL);
INSERT INTO `sa_system_attachment` (`id`, `storage_mode`, `origin_name`, `object_name`, `hash`, `mime_type`, `storage_path`, `suffix`, `size_byte`, `size_info`, `url`, `remark`, `created_by`, `updated_by`, `create_time`, `update_time`, `delete_time`) VALUES (308, 1, 'task_68_video_1749973401_extracted.mp3', '0d8227f13865c1dee63974ea6211d181ed69068e.mp3', '0d8227f13865c1dee63974ea6211d181ed69068e', 'audio/mpeg', 'public/storage/queue/20250615/0d8227f13865c1dee63974ea6211d181ed69068e.mp3', 'mp3', 139882, '136.6 KB', 'http://10.0.0.130:8787/storage/queue/20250615/0d8227f13865c1dee63974ea6211d181ed69068e.mp3', NULL, NULL, NULL, '2025-06-15 15:43:22', '2025-06-15 15:43:22', NULL);
INSERT INTO `sa_system_attachment` (`id`, `storage_mode`, `origin_name`, `object_name`, `hash`, `mime_type`, `storage_path`, `suffix`, `size_byte`, `size_info`, `url`, `remark`, `created_by`, `updated_by`, `create_time`, `update_time`, `delete_time`) VALUES (309, 1, '8c8241e9b0e6e91deb322d071789a1d6.mp4', '5523c8940251e8ca4344e7aac186efe527a74b6e.mp4', '5523c8940251e8ca4344e7aac186efe527a74b6e', 'video/mp4', 'public/storage/20250615/5523c8940251e8ca4344e7aac186efe527a74b6e.mp4', 'mp4', 3411426, '3.25 MB', 'http://10.0.0.130:8787/storage/20250615/5523c8940251e8ca4344e7aac186efe527a74b6e.mp4', NULL, 4, 4, '2025-06-15 16:21:32', '2025-06-15 16:21:32', NULL);
INSERT INTO `sa_system_attachment` (`id`, `storage_mode`, `origin_name`, `object_name`, `hash`, `mime_type`, `storage_path`, `suffix`, `size_byte`, `size_info`, `url`, `remark`, `created_by`, `updated_by`, `create_time`, `update_time`, `delete_time`) VALUES (310, 1, 'task_69_video_1749975701_extracted.mp3', '4a6e85b8924d9e4bdbc2fa3329debed9e7e45e3b.mp3', '4a6e85b8924d9e4bdbc2fa3329debed9e7e45e3b', 'audio/mpeg', 'public/storage/queue/20250615/4a6e85b8924d9e4bdbc2fa3329debed9e7e45e3b.mp3', 'mp3', 310826, '303.54 KB', 'http://10.0.0.130:8787/storage/queue/20250615/4a6e85b8924d9e4bdbc2fa3329debed9e7e45e3b.mp3', NULL, NULL, NULL, '2025-06-15 16:21:41', '2025-06-15 16:21:41', NULL);
INSERT INTO `sa_system_attachment` (`id`, `storage_mode`, `origin_name`, `object_name`, `hash`, `mime_type`, `storage_path`, `suffix`, `size_byte`, `size_info`, `url`, `remark`, `created_by`, `updated_by`, `create_time`, `update_time`, `delete_time`) VALUES (311, 1, '0d8227f13865c1dee63974ea6211d181ed69068e_cleared.wav', '4119d2faa943ec8950bdcbf2f3228fb9b10b6a73.wav', '4119d2faa943ec8950bdcbf2f3228fb9b10b6a73', 'audio/wav', 'public/storage/queue/20250615/4119d2faa943ec8950bdcbf2f3228fb9b10b6a73.wav', 'wav', 139740, '136.46 KB', 'http://10.0.0.130:8787/storage/queue/20250615/4119d2faa943ec8950bdcbf2f3228fb9b10b6a73.wav', NULL, NULL, NULL, '2025-06-15 17:03:43', '2025-06-15 17:03:43', NULL);
INSERT INTO `sa_system_attachment` (`id`, `storage_mode`, `origin_name`, `object_name`, `hash`, `mime_type`, `storage_path`, `suffix`, `size_byte`, `size_info`, `url`, `remark`, `created_by`, `updated_by`, `create_time`, `update_time`, `delete_time`) VALUES (312, 1, '4a6e85b8924d9e4bdbc2fa3329debed9e7e45e3b_cleared.wav', '9bcc77600ddfeeb91d9aa92c4f8d71bf5d3bb509.wav', '9bcc77600ddfeeb91d9aa92c4f8d71bf5d3bb509', 'audio/wav', 'public/storage/queue/20250615/9bcc77600ddfeeb91d9aa92c4f8d71bf5d3bb509.wav', 'wav', 310293, '303.02 KB', 'http://10.0.0.130:8787/storage/queue/20250615/9bcc77600ddfeeb91d9aa92c4f8d71bf5d3bb509.wav', NULL, NULL, NULL, '2025-06-15 17:03:46', '2025-06-15 17:03:46', NULL);
INSERT INTO `sa_system_attachment` (`id`, `storage_mode`, `origin_name`, `object_name`, `hash`, `mime_type`, `storage_path`, `suffix`, `size_byte`, `size_info`, `url`, `remark`, `created_by`, `updated_by`, `create_time`, `update_time`, `delete_time`) VALUES (313, 1, '8fa1ab2da22ea241a81d7da4b41ef7d8.mp4', '8ba8530a67f16a62cd31f1d30f748d7e2f9f196e.mp4', '8ba8530a67f16a62cd31f1d30f748d7e2f9f196e', 'video/mp4', 'public/storage/20250615/8ba8530a67f16a62cd31f1d30f748d7e2f9f196e.mp4', 'mp4', 2852225, '2.72 MB', 'http://10.0.0.130:8787/storage/20250615/8ba8530a67f16a62cd31f1d30f748d7e2f9f196e.mp4', NULL, 4, 4, '2025-06-15 17:46:59', '2025-06-15 17:46:59', NULL);
INSERT INTO `sa_system_attachment` (`id`, `storage_mode`, `origin_name`, `object_name`, `hash`, `mime_type`, `storage_path`, `suffix`, `size_byte`, `size_info`, `url`, `remark`, `created_by`, `updated_by`, `create_time`, `update_time`, `delete_time`) VALUES (314, 1, 'task_70_video_1749980819_extracted.mp3', '452b53bf511afd5f8362cf7908671617cb04b38c.mp3', '452b53bf511afd5f8362cf7908671617cb04b38c', 'audio/mpeg', 'public/storage/queue/20250615/452b53bf511afd5f8362cf7908671617cb04b38c.mp3', 'mp3', 249803, '243.95 KB', 'http://10.0.0.130:8787/storage/queue/20250615/452b53bf511afd5f8362cf7908671617cb04b38c.mp3', NULL, NULL, NULL, '2025-06-15 17:47:00', '2025-06-15 17:47:00', NULL);
INSERT INTO `sa_system_attachment` (`id`, `storage_mode`, `origin_name`, `object_name`, `hash`, `mime_type`, `storage_path`, `suffix`, `size_byte`, `size_info`, `url`, `remark`, `created_by`, `updated_by`, `create_time`, `update_time`, `delete_time`) VALUES (315, 1, '2021届清华美院动画毕设 _《万华镜》——百年党庆，献礼中华五十六个民族.mp4', '24055f44eb4da99da3ad041c68a77f49b454f39b.mp4', '24055f44eb4da99da3ad041c68a77f49b454f39b', 'video/mp4', 'public/storage/20250615/24055f44eb4da99da3ad041c68a77f49b454f39b.mp4', 'mp4', 59598861, '56.84 MB', 'http://10.0.0.130:8787/storage/20250615/24055f44eb4da99da3ad041c68a77f49b454f39b.mp4', NULL, 4, 4, '2025-06-15 18:26:37', '2025-06-15 18:26:37', NULL);
INSERT INTO `sa_system_attachment` (`id`, `storage_mode`, `origin_name`, `object_name`, `hash`, `mime_type`, `storage_path`, `suffix`, `size_byte`, `size_info`, `url`, `remark`, `created_by`, `updated_by`, `create_time`, `update_time`, `delete_time`) VALUES (316, 1, 'task_71_video_1749983197_extracted.mp3', '58ae53c4898df1e248470f4d5f3e01148ba8aa7c.mp3', '58ae53c4898df1e248470f4d5f3e01148ba8aa7c', 'audio/mpeg', 'public/storage/queue/20250615/58ae53c4898df1e248470f4d5f3e01148ba8aa7c.mp3', 'mp3', 2719444, '2.59 MB', 'http://10.0.0.130:8787/storage/queue/20250615/58ae53c4898df1e248470f4d5f3e01148ba8aa7c.mp3', NULL, NULL, NULL, '2025-06-15 18:26:39', '2025-06-15 18:26:39', NULL);
INSERT INTO `sa_system_attachment` (`id`, `storage_mode`, `origin_name`, `object_name`, `hash`, `mime_type`, `storage_path`, `suffix`, `size_byte`, `size_info`, `url`, `remark`, `created_by`, `updated_by`, `create_time`, `update_time`, `delete_time`) VALUES (317, 1, '2021届清华美院动画毕设 _《万华镜》——百年党庆，献礼中华五十六个民族.mp4', '24055f44eb4da99da3ad041c68a77f49b454f39b.mp4', '24055f44eb4da99da3ad041c68a77f49b454f39b', 'video/mp4', 'public/storage/20250615/24055f44eb4da99da3ad041c68a77f49b454f39b.mp4', 'mp4', 59598861, '56.84 MB', 'http://10.0.0.130:8787/storage/20250615/24055f44eb4da99da3ad041c68a77f49b454f39b.mp4', NULL, 4, 4, '2025-06-15 18:32:27', '2025-06-15 18:32:27', NULL);
INSERT INTO `sa_system_attachment` (`id`, `storage_mode`, `origin_name`, `object_name`, `hash`, `mime_type`, `storage_path`, `suffix`, `size_byte`, `size_info`, `url`, `remark`, `created_by`, `updated_by`, `create_time`, `update_time`, `delete_time`) VALUES (318, 1, 'task_72_video_1749983555_extracted.mp3', '58ae53c4898df1e248470f4d5f3e01148ba8aa7c.mp3', '58ae53c4898df1e248470f4d5f3e01148ba8aa7c', 'audio/mpeg', 'public/storage/queue/20250615/58ae53c4898df1e248470f4d5f3e01148ba8aa7c.mp3', 'mp3', 2719444, '2.59 MB', 'http://10.0.0.130:8787/storage/queue/20250615/58ae53c4898df1e248470f4d5f3e01148ba8aa7c.mp3', NULL, NULL, NULL, '2025-06-15 18:32:37', '2025-06-15 18:32:37', NULL);
INSERT INTO `sa_system_attachment` (`id`, `storage_mode`, `origin_name`, `object_name`, `hash`, `mime_type`, `storage_path`, `suffix`, `size_byte`, `size_info`, `url`, `remark`, `created_by`, `updated_by`, `create_time`, `update_time`, `delete_time`) VALUES (319, 1, 'G0010_S0002_0_SPK007.wav', '24621cf0db801b8a487f78bdc78205ddbc95bff5.wav', '24621cf0db801b8a487f78bdc78205ddbc95bff5', 'audio/wave', 'public/storage/20250615/24621cf0db801b8a487f78bdc78205ddbc95bff5.wav', 'wav', 60827010, '58.01 MB', 'http://10.0.0.130:8787/storage/20250615/24621cf0db801b8a487f78bdc78205ddbc95bff5.wav', NULL, 4, 4, '2025-06-15 19:29:06', '2025-06-15 19:29:06', NULL);
INSERT INTO `sa_system_attachment` (`id`, `storage_mode`, `origin_name`, `object_name`, `hash`, `mime_type`, `storage_path`, `suffix`, `size_byte`, `size_info`, `url`, `remark`, `created_by`, `updated_by`, `create_time`, `update_time`, `delete_time`) VALUES (320, 1, 'task_73_audio_1749986950.wav', '24621cf0db801b8a487f78bdc78205ddbc95bff5.wav', '24621cf0db801b8a487f78bdc78205ddbc95bff5', 'audio/x-wav', 'public/storage/queue/20250615/24621cf0db801b8a487f78bdc78205ddbc95bff5.wav', 'wav', 60827010, '58.01 MB', 'http://10.0.0.130:8787/storage/queue/20250615/24621cf0db801b8a487f78bdc78205ddbc95bff5.wav', NULL, NULL, NULL, '2025-06-15 19:29:11', '2025-06-15 19:29:11', NULL);
INSERT INTO `sa_system_attachment` (`id`, `storage_mode`, `origin_name`, `object_name`, `hash`, `mime_type`, `storage_path`, `suffix`, `size_byte`, `size_info`, `url`, `remark`, `created_by`, `updated_by`, `create_time`, `update_time`, `delete_time`) VALUES (321, 1, 'test.webm', 'd5029d84c6176bf4718e34617d6dc8e05492ba34.webm', 'd5029d84c6176bf4718e34617d6dc8e05492ba34', 'video/webm', 'public/storage/20250615/d5029d84c6176bf4718e34617d6dc8e05492ba34.webm', 'webm', 1340600921, '1.25 GB', 'http://10.0.0.130:8787/storage/20250615/d5029d84c6176bf4718e34617d6dc8e05492ba34.webm', NULL, 4, 4, '2025-06-15 21:15:54', '2025-06-15 21:15:54', NULL);
INSERT INTO `sa_system_attachment` (`id`, `storage_mode`, `origin_name`, `object_name`, `hash`, `mime_type`, `storage_path`, `suffix`, `size_byte`, `size_info`, `url`, `remark`, `created_by`, `updated_by`, `create_time`, `update_time`, `delete_time`) VALUES (322, 1, 'task_74_video_1749993359_extracted.mp3', '66d87b6355931dd85005f2fedfea5f3f05f87dd1.mp3', '66d87b6355931dd85005f2fedfea5f3f05f87dd1', 'audio/mpeg', 'public/storage/queue/20250615/66d87b6355931dd85005f2fedfea5f3f05f87dd1.mp3', 'mp3', 34419492, '32.82 MB', 'http://10.0.0.130:8787/storage/queue/20250615/66d87b6355931dd85005f2fedfea5f3f05f87dd1.mp3', NULL, NULL, NULL, '2025-06-15 21:16:17', '2025-06-15 21:16:17', NULL);
INSERT INTO `sa_system_attachment` (`id`, `storage_mode`, `origin_name`, `object_name`, `hash`, `mime_type`, `storage_path`, `suffix`, `size_byte`, `size_info`, `url`, `remark`, `created_by`, `updated_by`, `create_time`, `update_time`, `delete_time`) VALUES (323, 1, '66d87b6355931dd85005f2fedfea5f3f05f87dd1_cleared.wav', 'a031fe2cf70c405c332f935a43f706c737287f3a.wav', 'a031fe2cf70c405c332f935a43f706c737287f3a', 'audio/wav', 'public/storage/queue/20250615/a031fe2cf70c405c332f935a43f706c737287f3a.wav', 'wav', 189731888, '180.94 MB', 'http://10.0.0.130:8787/storage/queue/20250615/a031fe2cf70c405c332f935a43f706c737287f3a.wav', NULL, NULL, NULL, '2025-06-15 21:31:40', '2025-06-15 21:31:40', NULL);
COMMIT;

-- ----------------------------
-- Table structure for sa_system_config
-- ----------------------------
DROP TABLE IF EXISTS `sa_system_config`;
CREATE TABLE `sa_system_config` (
  `id` int unsigned NOT NULL AUTO_INCREMENT COMMENT '编号',
  `group_id` int DEFAULT NULL COMMENT '组id',
  `key` varchar(32) NOT NULL COMMENT '配置键名',
  `value` text COMMENT '配置值',
  `name` varchar(255) DEFAULT NULL COMMENT '配置名称',
  `input_type` varchar(32) DEFAULT NULL COMMENT '数据输入类型',
  `config_select_data` varchar(500) DEFAULT NULL COMMENT '配置选项数据',
  `sort` smallint unsigned DEFAULT '0' COMMENT '排序',
  `remark` varchar(255) DEFAULT NULL COMMENT '备注',
  `created_by` int DEFAULT NULL COMMENT '创建人',
  `updated_by` int DEFAULT NULL COMMENT '更新人',
  `create_time` datetime DEFAULT NULL COMMENT '创建时间',
  `update_time` datetime DEFAULT NULL COMMENT '修改时间',
  `delete_time` datetime DEFAULT NULL COMMENT '删除时间',
  PRIMARY KEY (`id`,`key`) USING BTREE,
  KEY `group_id` (`group_id`) USING BTREE
) ENGINE=InnoDB AUTO_INCREMENT=50 DEFAULT CHARSET=utf8mb4 COLLATE=utf8mb4_0900_ai_ci ROW_FORMAT=DYNAMIC COMMENT='参数配置信息表';

-- ----------------------------
-- Records of sa_system_config
-- ----------------------------
BEGIN;
INSERT INTO `sa_system_config` (`id`, `group_id`, `key`, `value`, `name`, `input_type`, `config_select_data`, `sort`, `remark`, `created_by`, `updated_by`, `create_time`, `update_time`, `delete_time`) VALUES (1, 1, 'site_copyright', 'Copyright © 2024 saithink', '版权信息', 'textarea', NULL, 96, '', NULL, 1, NULL, '2025-06-06 09:36:56', NULL);
INSERT INTO `sa_system_config` (`id`, `group_id`, `key`, `value`, `name`, `input_type`, `config_select_data`, `sort`, `remark`, `created_by`, `updated_by`, `create_time`, `update_time`, `delete_time`) VALUES (2, 1, 'site_desc', '基于vue3 + webman 的极速开发框架', '网站描述', 'textarea', NULL, 97, NULL, NULL, 1, NULL, '2025-06-06 09:36:56', NULL);
INSERT INTO `sa_system_config` (`id`, `group_id`, `key`, `value`, `name`, `input_type`, `config_select_data`, `sort`, `remark`, `created_by`, `updated_by`, `create_time`, `update_time`, `delete_time`) VALUES (3, 1, 'site_keywords', 'Ai 语音处理系统', '网站关键字', 'input', NULL, 98, NULL, NULL, 1, NULL, '2025-06-06 09:36:56', NULL);
INSERT INTO `sa_system_config` (`id`, `group_id`, `key`, `value`, `name`, `input_type`, `config_select_data`, `sort`, `remark`, `created_by`, `updated_by`, `create_time`, `update_time`, `delete_time`) VALUES (4, 1, 'site_name', 'Ai 语音处理系统', '网站名称', 'input', NULL, 99, NULL, NULL, 1, NULL, '2025-06-06 09:36:56', NULL);
INSERT INTO `sa_system_config` (`id`, `group_id`, `key`, `value`, `name`, `input_type`, `config_select_data`, `sort`, `remark`, `created_by`, `updated_by`, `create_time`, `update_time`, `delete_time`) VALUES (5, 1, 'site_record_number', '', '网站备案号', 'input', NULL, 95, NULL, NULL, 1, NULL, '2025-06-06 09:36:56', NULL);
INSERT INTO `sa_system_config` (`id`, `group_id`, `key`, `value`, `name`, `input_type`, `config_select_data`, `sort`, `remark`, `created_by`, `updated_by`, `create_time`, `update_time`, `delete_time`) VALUES (6, 2, 'upload_allow_file', 'mp3,wav,aac,flac,ogg,m4a,amr,wma,mp4,avi,mkv,mov,wmv,flv,webm,m4v,ts', '文件类型', 'input', NULL, 0, NULL, NULL, 1, NULL, '2025-06-15 21:15:39', NULL);
INSERT INTO `sa_system_config` (`id`, `group_id`, `key`, `value`, `name`, `input_type`, `config_select_data`, `sort`, `remark`, `created_by`, `updated_by`, `create_time`, `update_time`, `delete_time`) VALUES (7, 2, 'upload_allow_image', '', '图片类型', 'input', NULL, 0, NULL, NULL, 1, NULL, '2025-06-15 21:15:39', NULL);
INSERT INTO `sa_system_config` (`id`, `group_id`, `key`, `value`, `name`, `input_type`, `config_select_data`, `sort`, `remark`, `created_by`, `updated_by`, `create_time`, `update_time`, `delete_time`) VALUES (8, 2, 'upload_mode', '1', '上传模式', 'select', '[{\"label\":\"本地上传\",\"value\":\"1\"},{\"label\":\"阿里云OSS\",\"value\":\"2\"},{\"label\":\"七牛云\",\"value\":\"3\"},{\"label\":\"腾讯云COS\",\"value\":\"4\"},{\"label\":\"亚马逊S3\",\"value\":\"5\"}]', 99, NULL, NULL, 1, NULL, '2025-06-15 21:15:39', NULL);
INSERT INTO `sa_system_config` (`id`, `group_id`, `key`, `value`, `name`, `input_type`, `config_select_data`, `sort`, `remark`, `created_by`, `updated_by`, `create_time`, `update_time`, `delete_time`) VALUES (10, 2, 'upload_size', '52428800000', '上传大小', 'input', NULL, 88, '单位Byte,1MB=1024*1024Byte', NULL, 1, NULL, '2025-06-15 21:15:39', NULL);
INSERT INTO `sa_system_config` (`id`, `group_id`, `key`, `value`, `name`, `input_type`, `config_select_data`, `sort`, `remark`, `created_by`, `updated_by`, `create_time`, `update_time`, `delete_time`) VALUES (11, 2, 'local_root', 'public/storage/', '本地存储路径', 'input', NULL, 0, '本地存储文件路径', NULL, 1, NULL, '2025-06-15 21:15:39', NULL);
INSERT INTO `sa_system_config` (`id`, `group_id`, `key`, `value`, `name`, `input_type`, `config_select_data`, `sort`, `remark`, `created_by`, `updated_by`, `create_time`, `update_time`, `delete_time`) VALUES (12, 2, 'local_domain', 'http://10.0.0.130:8787', '本地存储域名', 'input', NULL, 0, 'http://127.0.0.1:8787', NULL, 1, NULL, '2025-06-15 21:15:39', NULL);
INSERT INTO `sa_system_config` (`id`, `group_id`, `key`, `value`, `name`, `input_type`, `config_select_data`, `sort`, `remark`, `created_by`, `updated_by`, `create_time`, `update_time`, `delete_time`) VALUES (13, 2, 'local_uri', '/storage/', '本地访问路径', 'input', NULL, 0, '访问是通过domain + uri', NULL, 1, NULL, '2025-06-15 21:15:39', NULL);
INSERT INTO `sa_system_config` (`id`, `group_id`, `key`, `value`, `name`, `input_type`, `config_select_data`, `sort`, `remark`, `created_by`, `updated_by`, `create_time`, `update_time`, `delete_time`) VALUES (14, 2, 'qiniu_accessKey', '', '七牛key', 'input', NULL, 0, '七牛云存储secretId', NULL, 1, NULL, '2025-06-15 21:15:39', NULL);
INSERT INTO `sa_system_config` (`id`, `group_id`, `key`, `value`, `name`, `input_type`, `config_select_data`, `sort`, `remark`, `created_by`, `updated_by`, `create_time`, `update_time`, `delete_time`) VALUES (15, 2, 'qiniu_secretKey', '', '七牛secret', 'input', NULL, 0, '七牛云存储secretKey', NULL, 1, NULL, '2025-06-15 21:15:39', NULL);
INSERT INTO `sa_system_config` (`id`, `group_id`, `key`, `value`, `name`, `input_type`, `config_select_data`, `sort`, `remark`, `created_by`, `updated_by`, `create_time`, `update_time`, `delete_time`) VALUES (16, 2, 'qiniu_bucket', '', '七牛bucket', 'input', NULL, 0, '七牛云存储bucket', NULL, 1, NULL, '2025-06-15 21:15:39', NULL);
INSERT INTO `sa_system_config` (`id`, `group_id`, `key`, `value`, `name`, `input_type`, `config_select_data`, `sort`, `remark`, `created_by`, `updated_by`, `create_time`, `update_time`, `delete_time`) VALUES (17, 2, 'qiniu_dirname', '', '七牛dirname', 'input', NULL, 0, '七牛云存储dirname', NULL, 1, NULL, '2025-06-15 21:15:39', NULL);
INSERT INTO `sa_system_config` (`id`, `group_id`, `key`, `value`, `name`, `input_type`, `config_select_data`, `sort`, `remark`, `created_by`, `updated_by`, `create_time`, `update_time`, `delete_time`) VALUES (18, 2, 'qiniu_domain', '', '七牛domain', 'input', NULL, 0, '七牛云存储domain', NULL, 1, NULL, '2025-06-15 21:15:39', NULL);
INSERT INTO `sa_system_config` (`id`, `group_id`, `key`, `value`, `name`, `input_type`, `config_select_data`, `sort`, `remark`, `created_by`, `updated_by`, `create_time`, `update_time`, `delete_time`) VALUES (19, 2, 'cos_secretId', '', '腾讯Id', 'input', NULL, 0, '腾讯云存储secretId', NULL, 1, NULL, '2025-06-15 21:15:39', NULL);
INSERT INTO `sa_system_config` (`id`, `group_id`, `key`, `value`, `name`, `input_type`, `config_select_data`, `sort`, `remark`, `created_by`, `updated_by`, `create_time`, `update_time`, `delete_time`) VALUES (20, 2, 'cos_secretKey', '', '腾讯key', 'input', NULL, 0, '腾讯云secretKey', NULL, 1, NULL, '2025-06-15 21:15:39', NULL);
INSERT INTO `sa_system_config` (`id`, `group_id`, `key`, `value`, `name`, `input_type`, `config_select_data`, `sort`, `remark`, `created_by`, `updated_by`, `create_time`, `update_time`, `delete_time`) VALUES (21, 2, 'cos_bucket', '', '腾讯bucket', 'input', NULL, 0, '腾讯云存储bucket', NULL, 1, NULL, '2025-06-15 21:15:39', NULL);
INSERT INTO `sa_system_config` (`id`, `group_id`, `key`, `value`, `name`, `input_type`, `config_select_data`, `sort`, `remark`, `created_by`, `updated_by`, `create_time`, `update_time`, `delete_time`) VALUES (22, 2, 'cos_dirname', '', '腾讯dirname', 'input', NULL, 0, '腾讯云存储dirname', NULL, 1, NULL, '2025-06-15 21:15:39', NULL);
INSERT INTO `sa_system_config` (`id`, `group_id`, `key`, `value`, `name`, `input_type`, `config_select_data`, `sort`, `remark`, `created_by`, `updated_by`, `create_time`, `update_time`, `delete_time`) VALUES (23, 2, 'cos_domain', '', '腾讯domain', 'input', NULL, 0, '腾讯云存储domain', NULL, 1, NULL, '2025-06-15 21:15:39', NULL);
INSERT INTO `sa_system_config` (`id`, `group_id`, `key`, `value`, `name`, `input_type`, `config_select_data`, `sort`, `remark`, `created_by`, `updated_by`, `create_time`, `update_time`, `delete_time`) VALUES (24, 2, 'cos_region', '', '腾讯region', 'input', NULL, 0, '腾讯云存储region', NULL, 1, NULL, '2025-06-15 21:15:39', NULL);
INSERT INTO `sa_system_config` (`id`, `group_id`, `key`, `value`, `name`, `input_type`, `config_select_data`, `sort`, `remark`, `created_by`, `updated_by`, `create_time`, `update_time`, `delete_time`) VALUES (25, 2, 'oss_accessKeyId', '', '阿里Id', 'input', NULL, 0, '阿里云存储accessKeyId', NULL, 1, NULL, '2025-06-15 21:15:39', NULL);
INSERT INTO `sa_system_config` (`id`, `group_id`, `key`, `value`, `name`, `input_type`, `config_select_data`, `sort`, `remark`, `created_by`, `updated_by`, `create_time`, `update_time`, `delete_time`) VALUES (26, 2, 'oss_accessKeySecret', '', '阿里Secret', 'input', NULL, 0, '阿里云存储accessKeySecret', NULL, 1, NULL, '2025-06-15 21:15:39', NULL);
INSERT INTO `sa_system_config` (`id`, `group_id`, `key`, `value`, `name`, `input_type`, `config_select_data`, `sort`, `remark`, `created_by`, `updated_by`, `create_time`, `update_time`, `delete_time`) VALUES (27, 2, 'oss_bucket', '', '阿里bucket', 'input', NULL, 0, '阿里云存储bucket', NULL, 1, NULL, '2025-06-15 21:15:39', NULL);
INSERT INTO `sa_system_config` (`id`, `group_id`, `key`, `value`, `name`, `input_type`, `config_select_data`, `sort`, `remark`, `created_by`, `updated_by`, `create_time`, `update_time`, `delete_time`) VALUES (28, 2, 'oss_dirname', '', '阿里dirname', 'input', NULL, 0, '阿里云存储dirname', NULL, 1, NULL, '2025-06-15 21:15:39', NULL);
INSERT INTO `sa_system_config` (`id`, `group_id`, `key`, `value`, `name`, `input_type`, `config_select_data`, `sort`, `remark`, `created_by`, `updated_by`, `create_time`, `update_time`, `delete_time`) VALUES (29, 2, 'oss_domain', '', '阿里domain', 'input', NULL, 0, '阿里云存储domain', NULL, 1, NULL, '2025-06-15 21:15:39', NULL);
INSERT INTO `sa_system_config` (`id`, `group_id`, `key`, `value`, `name`, `input_type`, `config_select_data`, `sort`, `remark`, `created_by`, `updated_by`, `create_time`, `update_time`, `delete_time`) VALUES (30, 2, 'oss_endpoint', '', '阿里endpoint', 'input', NULL, 0, '阿里云存储endpoint', NULL, 1, NULL, '2025-06-15 21:15:39', NULL);
INSERT INTO `sa_system_config` (`id`, `group_id`, `key`, `value`, `name`, `input_type`, `config_select_data`, `sort`, `remark`, `created_by`, `updated_by`, `create_time`, `update_time`, `delete_time`) VALUES (31, 3, 'Host', 'smtp.qq.com', 'SMTP服务器', 'input', '', 100, '', NULL, NULL, NULL, '2025-04-17 17:10:04', NULL);
INSERT INTO `sa_system_config` (`id`, `group_id`, `key`, `value`, `name`, `input_type`, `config_select_data`, `sort`, `remark`, `created_by`, `updated_by`, `create_time`, `update_time`, `delete_time`) VALUES (32, 3, 'Port', '465', 'SMTP端口', 'input', '', 100, '', NULL, NULL, NULL, '2025-04-17 17:10:04', NULL);
INSERT INTO `sa_system_config` (`id`, `group_id`, `key`, `value`, `name`, `input_type`, `config_select_data`, `sort`, `remark`, `created_by`, `updated_by`, `create_time`, `update_time`, `delete_time`) VALUES (33, 3, 'Username', '', 'SMTP用户名', 'input', '', 100, '', NULL, NULL, NULL, '2025-04-17 17:10:04', NULL);
INSERT INTO `sa_system_config` (`id`, `group_id`, `key`, `value`, `name`, `input_type`, `config_select_data`, `sort`, `remark`, `created_by`, `updated_by`, `create_time`, `update_time`, `delete_time`) VALUES (34, 3, 'Password', '', 'SMTP密码', 'input', '', 100, '', NULL, NULL, NULL, '2025-04-17 17:10:04', NULL);
INSERT INTO `sa_system_config` (`id`, `group_id`, `key`, `value`, `name`, `input_type`, `config_select_data`, `sort`, `remark`, `created_by`, `updated_by`, `create_time`, `update_time`, `delete_time`) VALUES (35, 3, 'SMTPSecure', 'ssl', 'SMTP验证方式', 'radio', '[\r\n    {\"label\":\"ssl\",\"value\":\"ssl\"},\r\n    {\"label\":\"tsl\",\"value\":\"tsl\"}\r\n]', 100, '', NULL, NULL, NULL, '2025-04-17 17:10:04', NULL);
INSERT INTO `sa_system_config` (`id`, `group_id`, `key`, `value`, `name`, `input_type`, `config_select_data`, `sort`, `remark`, `created_by`, `updated_by`, `create_time`, `update_time`, `delete_time`) VALUES (36, 3, 'From', '', '默认发件人', 'input', '', 100, '默认发件的邮箱地址', NULL, NULL, NULL, '2025-04-17 17:10:04', NULL);
INSERT INTO `sa_system_config` (`id`, `group_id`, `key`, `value`, `name`, `input_type`, `config_select_data`, `sort`, `remark`, `created_by`, `updated_by`, `create_time`, `update_time`, `delete_time`) VALUES (37, 3, 'FromName', '', '默认发件名称', 'input', '', 100, '', NULL, NULL, NULL, '2025-04-17 17:10:04', NULL);
INSERT INTO `sa_system_config` (`id`, `group_id`, `key`, `value`, `name`, `input_type`, `config_select_data`, `sort`, `remark`, `created_by`, `updated_by`, `create_time`, `update_time`, `delete_time`) VALUES (38, 3, 'CharSet', 'UTF-8', '编码', 'input', '', 100, '', NULL, NULL, NULL, '2025-04-17 17:10:04', NULL);
INSERT INTO `sa_system_config` (`id`, `group_id`, `key`, `value`, `name`, `input_type`, `config_select_data`, `sort`, `remark`, `created_by`, `updated_by`, `create_time`, `update_time`, `delete_time`) VALUES (39, 3, 'SMTPDebug', '0', '调试模式', 'radio', '[\r\n    {\"label\":\"关闭\",\"value\":\"0\"},\r\n    {\"label\":\"client\",\"value\":\"1\"},\r\n    {\"label\":\"server\",\"value\":\"2\"}\r\n]', 100, '', NULL, NULL, NULL, '2025-04-17 17:10:04', NULL);
INSERT INTO `sa_system_config` (`id`, `group_id`, `key`, `value`, `name`, `input_type`, `config_select_data`, `sort`, `remark`, `created_by`, `updated_by`, `create_time`, `update_time`, `delete_time`) VALUES (40, 2, 's3_key', '', 'key', 'input', '', 0, '', NULL, 1, NULL, '2025-06-15 21:15:39', NULL);
INSERT INTO `sa_system_config` (`id`, `group_id`, `key`, `value`, `name`, `input_type`, `config_select_data`, `sort`, `remark`, `created_by`, `updated_by`, `create_time`, `update_time`, `delete_time`) VALUES (41, 2, 's3_secret', '', 'secret', 'input', '', 0, '', NULL, 1, NULL, '2025-06-15 21:15:39', NULL);
INSERT INTO `sa_system_config` (`id`, `group_id`, `key`, `value`, `name`, `input_type`, `config_select_data`, `sort`, `remark`, `created_by`, `updated_by`, `create_time`, `update_time`, `delete_time`) VALUES (42, 2, 's3_bucket', '', 'bucket', 'input', '', 0, '', NULL, 1, NULL, '2025-06-15 21:15:39', NULL);
INSERT INTO `sa_system_config` (`id`, `group_id`, `key`, `value`, `name`, `input_type`, `config_select_data`, `sort`, `remark`, `created_by`, `updated_by`, `create_time`, `update_time`, `delete_time`) VALUES (43, 2, 's3_dirname', '', 'dirname', 'input', '', 0, '', NULL, 1, NULL, '2025-06-15 21:15:39', NULL);
INSERT INTO `sa_system_config` (`id`, `group_id`, `key`, `value`, `name`, `input_type`, `config_select_data`, `sort`, `remark`, `created_by`, `updated_by`, `create_time`, `update_time`, `delete_time`) VALUES (44, 2, 's3_domain', '', 'domain', 'input', '', 0, '', NULL, 1, NULL, '2025-06-15 21:15:39', NULL);
INSERT INTO `sa_system_config` (`id`, `group_id`, `key`, `value`, `name`, `input_type`, `config_select_data`, `sort`, `remark`, `created_by`, `updated_by`, `create_time`, `update_time`, `delete_time`) VALUES (45, 2, 's3_region', '', 'region', 'input', '', 0, '', NULL, 1, NULL, '2025-06-15 21:15:39', NULL);
INSERT INTO `sa_system_config` (`id`, `group_id`, `key`, `value`, `name`, `input_type`, `config_select_data`, `sort`, `remark`, `created_by`, `updated_by`, `create_time`, `update_time`, `delete_time`) VALUES (46, 2, 's3_version', '', 'version', 'input', '', 0, '', NULL, 1, NULL, '2025-06-15 21:15:39', NULL);
INSERT INTO `sa_system_config` (`id`, `group_id`, `key`, `value`, `name`, `input_type`, `config_select_data`, `sort`, `remark`, `created_by`, `updated_by`, `create_time`, `update_time`, `delete_time`) VALUES (47, 2, 's3_use_path_style_endpoint', '', 'path_style_endpoint', 'input', '', 0, '', NULL, 1, NULL, '2025-06-15 21:15:39', NULL);
INSERT INTO `sa_system_config` (`id`, `group_id`, `key`, `value`, `name`, `input_type`, `config_select_data`, `sort`, `remark`, `created_by`, `updated_by`, `create_time`, `update_time`, `delete_time`) VALUES (48, 2, 's3_endpoint', '', 'endpoint', 'input', '', 0, '', NULL, 1, NULL, '2025-06-15 21:15:39', NULL);
INSERT INTO `sa_system_config` (`id`, `group_id`, `key`, `value`, `name`, `input_type`, `config_select_data`, `sort`, `remark`, `created_by`, `updated_by`, `create_time`, `update_time`, `delete_time`) VALUES (49, 2, 's3_acl', '', 'acl', 'input', '', 0, '', NULL, 1, NULL, '2025-06-15 21:15:39', NULL);
COMMIT;

-- ----------------------------
-- Table structure for sa_system_config_group
-- ----------------------------
DROP TABLE IF EXISTS `sa_system_config_group`;
CREATE TABLE `sa_system_config_group` (
  `id` int unsigned NOT NULL AUTO_INCREMENT COMMENT '主键',
  `name` varchar(50) DEFAULT NULL COMMENT '字典名称',
  `code` varchar(100) DEFAULT NULL COMMENT '字典标示',
  `remark` varchar(255) DEFAULT NULL COMMENT '备注',
  `created_by` int DEFAULT NULL COMMENT '创建人',
  `updated_by` int DEFAULT NULL COMMENT '更新人',
  `create_time` datetime DEFAULT NULL COMMENT '创建时间',
  `update_time` datetime DEFAULT NULL COMMENT '修改时间',
  `delete_time` datetime DEFAULT NULL COMMENT '删除时间',
  PRIMARY KEY (`id`) USING BTREE
) ENGINE=InnoDB AUTO_INCREMENT=4 DEFAULT CHARSET=utf8mb4 COLLATE=utf8mb4_0900_ai_ci ROW_FORMAT=DYNAMIC COMMENT='参数配置分组表';

-- ----------------------------
-- Records of sa_system_config_group
-- ----------------------------
BEGIN;
INSERT INTO `sa_system_config_group` (`id`, `name`, `code`, `remark`, `created_by`, `updated_by`, `create_time`, `update_time`, `delete_time`) VALUES (1, '站点配置', 'site_config', '18', 1, 11, '2021-11-23 10:49:29', '2025-04-17 17:20:45', NULL);
INSERT INTO `sa_system_config_group` (`id`, `name`, `code`, `remark`, `created_by`, `updated_by`, `create_time`, `update_time`, `delete_time`) VALUES (2, '上传配置', 'upload_config', NULL, 1, 1, '2021-11-23 10:49:29', '2021-11-23 10:49:29', NULL);
INSERT INTO `sa_system_config_group` (`id`, `name`, `code`, `remark`, `created_by`, `updated_by`, `create_time`, `update_time`, `delete_time`) VALUES (3, '邮件服务', 'email_config', NULL, 1, 1, '2021-11-23 10:49:29', '2025-04-17 17:10:04', NULL);
COMMIT;

-- ----------------------------
-- Table structure for sa_system_dept
-- ----------------------------
DROP TABLE IF EXISTS `sa_system_dept`;
CREATE TABLE `sa_system_dept` (
  `id` int unsigned NOT NULL AUTO_INCREMENT COMMENT '主键',
  `parent_id` int unsigned DEFAULT NULL COMMENT '父ID',
  `level` varchar(500) DEFAULT NULL COMMENT '组级集合',
  `name` varchar(30) DEFAULT NULL COMMENT '部门名称',
  `status` smallint DEFAULT '1' COMMENT '状态 (1正常 2停用)',
  `sort` smallint unsigned DEFAULT '0' COMMENT '排序',
  `remark` varchar(255) DEFAULT NULL COMMENT '备注',
  `created_by` int DEFAULT NULL COMMENT '创建者',
  `updated_by` int DEFAULT NULL COMMENT '更新者',
  `create_time` datetime DEFAULT NULL COMMENT '创建时间',
  `update_time` datetime DEFAULT NULL COMMENT '修改时间',
  `delete_time` datetime DEFAULT NULL COMMENT '删除时间',
  PRIMARY KEY (`id`) USING BTREE,
  KEY `parent_id` (`parent_id`) USING BTREE
) ENGINE=InnoDB AUTO_INCREMENT=8 DEFAULT CHARSET=utf8mb4 COLLATE=utf8mb4_0900_ai_ci ROW_FORMAT=DYNAMIC COMMENT='部门信息表';

-- ----------------------------
-- Records of sa_system_dept
-- ----------------------------
BEGIN;
INSERT INTO `sa_system_dept` (`id`, `parent_id`, `level`, `name`, `status`, `sort`, `remark`, `created_by`, `updated_by`, `create_time`, `update_time`, `delete_time`) VALUES (1, 0, '0', '赛弟科技', 1, 1, NULL, 1, 1, '2023-10-24 12:00:00', '2023-10-24 12:00:00', NULL);
INSERT INTO `sa_system_dept` (`id`, `parent_id`, `level`, `name`, `status`, `sort`, `remark`, `created_by`, `updated_by`, `create_time`, `update_time`, `delete_time`) VALUES (2, 1, '0,1', '青岛分公司', 1, 1, NULL, 1, 2, '2023-10-24 12:00:00', '2025-04-28 15:31:12', NULL);
INSERT INTO `sa_system_dept` (`id`, `parent_id`, `level`, `name`, `status`, `sort`, `remark`, `created_by`, `updated_by`, `create_time`, `update_time`, `delete_time`) VALUES (3, 1, '0,1', '洛阳分公司', 1, 1, NULL, 1, 1, '2023-10-24 12:00:00', '2025-04-10 17:45:22', NULL);
INSERT INTO `sa_system_dept` (`id`, `parent_id`, `level`, `name`, `status`, `sort`, `remark`, `created_by`, `updated_by`, `create_time`, `update_time`, `delete_time`) VALUES (4, 2, '0,1,2', '市场部门', 1, 1, NULL, 1, 2, '2023-10-24 12:00:00', '2025-04-28 15:38:29', NULL);
INSERT INTO `sa_system_dept` (`id`, `parent_id`, `level`, `name`, `status`, `sort`, `remark`, `created_by`, `updated_by`, `create_time`, `update_time`, `delete_time`) VALUES (5, 2, '0,1,2', '财务部门', 1, 1, NULL, 1, 1, '2023-10-24 12:00:00', '2023-10-24 12:00:00', NULL);
INSERT INTO `sa_system_dept` (`id`, `parent_id`, `level`, `name`, `status`, `sort`, `remark`, `created_by`, `updated_by`, `create_time`, `update_time`, `delete_time`) VALUES (6, 3, '0,1,3', '研发部门', 1, 1, NULL, 1, 1, '2023-10-24 12:00:00', '2023-10-24 12:00:00', NULL);
INSERT INTO `sa_system_dept` (`id`, `parent_id`, `level`, `name`, `status`, `sort`, `remark`, `created_by`, `updated_by`, `create_time`, `update_time`, `delete_time`) VALUES (7, 3, '0,1,3', '市场部门', 1, 1, NULL, 1, 1, '2023-10-24 12:00:00', '2025-03-26 23:30:10', NULL);
COMMIT;

-- ----------------------------
-- Table structure for sa_system_dept_leader
-- ----------------------------
DROP TABLE IF EXISTS `sa_system_dept_leader`;
CREATE TABLE `sa_system_dept_leader` (
  `leader_id` int unsigned NOT NULL AUTO_INCREMENT COMMENT '编号',
  `dept_id` int unsigned NOT NULL COMMENT '部门主键',
  `user_id` int unsigned NOT NULL COMMENT '角色主键',
  PRIMARY KEY (`leader_id`) USING BTREE,
  KEY `idx_dept_id` (`dept_id`) USING BTREE,
  KEY `idx_user_id` (`user_id`) USING BTREE
) ENGINE=InnoDB DEFAULT CHARSET=utf8mb4 COLLATE=utf8mb4_0900_ai_ci ROW_FORMAT=DYNAMIC COMMENT='部门领导关联表';

-- ----------------------------
-- Records of sa_system_dept_leader
-- ----------------------------
BEGIN;
COMMIT;

-- ----------------------------
-- Table structure for sa_system_dict_data
-- ----------------------------
DROP TABLE IF EXISTS `sa_system_dict_data`;
CREATE TABLE `sa_system_dict_data` (
  `id` int unsigned NOT NULL AUTO_INCREMENT COMMENT '主键',
  `type_id` int unsigned DEFAULT NULL COMMENT '字典类型ID',
  `label` varchar(50) DEFAULT NULL COMMENT '字典标签',
  `value` varchar(100) DEFAULT NULL COMMENT '字典值',
  `code` varchar(100) DEFAULT NULL COMMENT '字典标示',
  `sort` smallint unsigned DEFAULT '0' COMMENT '排序',
  `status` smallint DEFAULT '1' COMMENT '状态 (1正常 2停用)',
  `remark` varchar(255) DEFAULT NULL COMMENT '备注',
  `created_by` int DEFAULT NULL COMMENT '创建者',
  `updated_by` int DEFAULT NULL COMMENT '更新者',
  `create_time` datetime DEFAULT NULL COMMENT '创建时间',
  `update_time` datetime DEFAULT NULL COMMENT '修改时间',
  `delete_time` datetime DEFAULT NULL COMMENT '删除时间',
  PRIMARY KEY (`id`) USING BTREE,
  KEY `type_id` (`type_id`) USING BTREE
) ENGINE=InnoDB AUTO_INCREMENT=57 DEFAULT CHARSET=utf8mb4 COLLATE=utf8mb4_0900_ai_ci ROW_FORMAT=DYNAMIC COMMENT='字典数据表';

-- ----------------------------
-- Records of sa_system_dict_data
-- ----------------------------
BEGIN;
INSERT INTO `sa_system_dict_data` (`id`, `type_id`, `label`, `value`, `code`, `sort`, `status`, `remark`, `created_by`, `updated_by`, `create_time`, `update_time`, `delete_time`) VALUES (2, 2, '本地存储', '1', 'upload_mode', 99, 1, NULL, 1, 2, '2021-06-27 13:33:43', '2025-04-28 21:23:38', NULL);
INSERT INTO `sa_system_dict_data` (`id`, `type_id`, `label`, `value`, `code`, `sort`, `status`, `remark`, `created_by`, `updated_by`, `create_time`, `update_time`, `delete_time`) VALUES (3, 2, '阿里云OSS', '2', 'upload_mode', 98, 1, NULL, 1, 2, '2021-06-27 13:33:55', '2025-04-28 21:25:13', NULL);
INSERT INTO `sa_system_dict_data` (`id`, `type_id`, `label`, `value`, `code`, `sort`, `status`, `remark`, `created_by`, `updated_by`, `create_time`, `update_time`, `delete_time`) VALUES (4, 2, '七牛云', '3', 'upload_mode', 97, 1, NULL, 1, 1, '2021-06-27 13:34:07', '2025-03-28 19:35:25', NULL);
INSERT INTO `sa_system_dict_data` (`id`, `type_id`, `label`, `value`, `code`, `sort`, `status`, `remark`, `created_by`, `updated_by`, `create_time`, `update_time`, `delete_time`) VALUES (5, 2, '腾讯云COS', '4', 'upload_mode', 96, 1, NULL, 1, 1, '2021-06-27 13:34:19', '2025-03-28 19:35:25', NULL);
INSERT INTO `sa_system_dict_data` (`id`, `type_id`, `label`, `value`, `code`, `sort`, `status`, `remark`, `created_by`, `updated_by`, `create_time`, `update_time`, `delete_time`) VALUES (6, 2, '亚马逊S3', '5', 'upload_mode', 95, 1, '', 1, 1, '2021-06-27 13:34:19', '2025-04-04 23:05:31', NULL);
INSERT INTO `sa_system_dict_data` (`id`, `type_id`, `label`, `value`, `code`, `sort`, `status`, `remark`, `created_by`, `updated_by`, `create_time`, `update_time`, `delete_time`) VALUES (7, 3, '正常', '1', 'data_status', 0, 1, '1为正常', 1, 1, '2021-06-27 13:36:51', '2021-06-27 13:37:01', NULL);
INSERT INTO `sa_system_dict_data` (`id`, `type_id`, `label`, `value`, `code`, `sort`, `status`, `remark`, `created_by`, `updated_by`, `create_time`, `update_time`, `delete_time`) VALUES (8, 3, '停用', '2', 'data_status', 0, 1, '2为停用', 1, 1, '2021-06-27 13:37:10', '2021-06-27 13:37:10', NULL);
INSERT INTO `sa_system_dict_data` (`id`, `type_id`, `label`, `value`, `code`, `sort`, `status`, `remark`, `created_by`, `updated_by`, `create_time`, `update_time`, `delete_time`) VALUES (9, 4, '统计页面', 'statistics', 'dashboard', 0, 1, '管理员用', 1, 1, '2021-08-09 12:53:53', '2023-11-16 11:39:17', NULL);
INSERT INTO `sa_system_dict_data` (`id`, `type_id`, `label`, `value`, `code`, `sort`, `status`, `remark`, `created_by`, `updated_by`, `create_time`, `update_time`, `delete_time`) VALUES (10, 4, '工作台', 'work', 'dashboard', 0, 1, '员工使用', 1, 1, '2021-08-09 12:54:18', '2021-08-09 12:54:18', NULL);
INSERT INTO `sa_system_dict_data` (`id`, `type_id`, `label`, `value`, `code`, `sort`, `status`, `remark`, `created_by`, `updated_by`, `create_time`, `update_time`, `delete_time`) VALUES (11, 5, '男', '1', 'gender', 0, 1, NULL, 1, 1, '2021-08-09 12:55:00', '2025-04-04 23:05:52', NULL);
INSERT INTO `sa_system_dict_data` (`id`, `type_id`, `label`, `value`, `code`, `sort`, `status`, `remark`, `created_by`, `updated_by`, `create_time`, `update_time`, `delete_time`) VALUES (12, 5, '女', '2', 'gender', 0, 1, NULL, 1, 1, '2021-08-09 12:55:08', '2025-04-04 23:05:52', NULL);
INSERT INTO `sa_system_dict_data` (`id`, `type_id`, `label`, `value`, `code`, `sort`, `status`, `remark`, `created_by`, `updated_by`, `create_time`, `update_time`, `delete_time`) VALUES (13, 5, '未知', '3', 'gender', 0, 1, NULL, 1, 1, '2021-08-09 12:55:16', '2025-04-04 23:05:52', NULL);
INSERT INTO `sa_system_dict_data` (`id`, `type_id`, `label`, `value`, `code`, `sort`, `status`, `remark`, `created_by`, `updated_by`, `create_time`, `update_time`, `delete_time`) VALUES (14, 7, '通知', '1', 'backend_notice_type', 2, 1, NULL, 1, 1, '2021-11-11 17:29:27', '2021-11-11 17:30:51', NULL);
INSERT INTO `sa_system_dict_data` (`id`, `type_id`, `label`, `value`, `code`, `sort`, `status`, `remark`, `created_by`, `updated_by`, `create_time`, `update_time`, `delete_time`) VALUES (15, 7, '公告', '2', 'backend_notice_type', 1, 1, NULL, 1, 1, '2021-11-11 17:31:42', '2021-11-11 17:31:42', NULL);
INSERT INTO `sa_system_dict_data` (`id`, `type_id`, `label`, `value`, `code`, `sort`, `status`, `remark`, `created_by`, `updated_by`, `create_time`, `update_time`, `delete_time`) VALUES (16, 12, '图片', 'image', 'attachment_type', 10, 1, NULL, 1, 1, '2022-03-17 14:49:59', '2022-03-17 14:49:59', NULL);
INSERT INTO `sa_system_dict_data` (`id`, `type_id`, `label`, `value`, `code`, `sort`, `status`, `remark`, `created_by`, `updated_by`, `create_time`, `update_time`, `delete_time`) VALUES (17, 12, '文档', 'text', 'attachment_type', 9, 1, NULL, 1, 1, '2022-03-17 14:50:20', '2022-03-17 14:50:49', NULL);
INSERT INTO `sa_system_dict_data` (`id`, `type_id`, `label`, `value`, `code`, `sort`, `status`, `remark`, `created_by`, `updated_by`, `create_time`, `update_time`, `delete_time`) VALUES (18, 12, '音频', 'audio', 'attachment_type', 8, 1, NULL, 1, 1, '2022-03-17 14:50:37', '2022-03-17 14:50:52', NULL);
INSERT INTO `sa_system_dict_data` (`id`, `type_id`, `label`, `value`, `code`, `sort`, `status`, `remark`, `created_by`, `updated_by`, `create_time`, `update_time`, `delete_time`) VALUES (19, 12, '视频', 'video', 'attachment_type', 7, 1, NULL, 1, 1, '2022-03-17 14:50:45', '2022-03-17 14:50:57', NULL);
INSERT INTO `sa_system_dict_data` (`id`, `type_id`, `label`, `value`, `code`, `sort`, `status`, `remark`, `created_by`, `updated_by`, `create_time`, `update_time`, `delete_time`) VALUES (20, 12, '应用程序', 'application', 'attachment_type', 6, 1, NULL, 1, 1, '2022-03-17 14:50:52', '2022-03-17 14:50:59', NULL);
INSERT INTO `sa_system_dict_data` (`id`, `type_id`, `label`, `value`, `code`, `sort`, `status`, `remark`, `created_by`, `updated_by`, `create_time`, `update_time`, `delete_time`) VALUES (21, 13, '菜单', 'M', 'menu_type', 100, 1, '', 1, 1, '2024-07-31 10:34:12', '2024-07-31 10:34:12', NULL);
INSERT INTO `sa_system_dict_data` (`id`, `type_id`, `label`, `value`, `code`, `sort`, `status`, `remark`, `created_by`, `updated_by`, `create_time`, `update_time`, `delete_time`) VALUES (22, 13, '按钮', 'B', 'menu_type', 100, 1, '', 1, 1, '2024-07-31 10:34:20', '2024-07-31 10:34:20', NULL);
INSERT INTO `sa_system_dict_data` (`id`, `type_id`, `label`, `value`, `code`, `sort`, `status`, `remark`, `created_by`, `updated_by`, `create_time`, `update_time`, `delete_time`) VALUES (23, 13, '外链', 'L', 'menu_type', 100, 1, '', 1, 1, '2024-07-31 10:34:27', '2024-07-31 10:34:27', NULL);
INSERT INTO `sa_system_dict_data` (`id`, `type_id`, `label`, `value`, `code`, `sort`, `status`, `remark`, `created_by`, `updated_by`, `create_time`, `update_time`, `delete_time`) VALUES (24, 13, 'iFrame', 'I', 'menu_type', 100, 1, '', 1, 1, '2024-07-31 10:34:51', '2024-07-31 10:34:51', NULL);
INSERT INTO `sa_system_dict_data` (`id`, `type_id`, `label`, `value`, `code`, `sort`, `status`, `remark`, `created_by`, `updated_by`, `create_time`, `update_time`, `delete_time`) VALUES (25, 14, '是', '1', 'yes_or_no', 100, 1, '', 1, 1, '2024-07-31 10:35:17', '2024-07-31 10:35:17', NULL);
INSERT INTO `sa_system_dict_data` (`id`, `type_id`, `label`, `value`, `code`, `sort`, `status`, `remark`, `created_by`, `updated_by`, `create_time`, `update_time`, `delete_time`) VALUES (26, 14, '否', '2', 'yes_or_no', 100, 1, '', 1, 1, '2024-07-31 10:35:22', '2024-07-31 10:35:22', NULL);
INSERT INTO `sa_system_dict_data` (`id`, `type_id`, `label`, `value`, `code`, `sort`, `status`, `remark`, `created_by`, `updated_by`, `create_time`, `update_time`, `delete_time`) VALUES (30, 17, '管理员', '1', 'user_type', 100, 1, '', 1, 1, '2025-06-06 08:31:56', '2025-06-06 08:31:56', NULL);
INSERT INTO `sa_system_dict_data` (`id`, `type_id`, `label`, `value`, `code`, `sort`, `status`, `remark`, `created_by`, `updated_by`, `create_time`, `update_time`, `delete_time`) VALUES (31, 17, '普通用户', '2', 'user_type', 100, 1, '', 1, 1, '2025-06-06 08:32:03', '2025-06-06 08:32:03', NULL);
INSERT INTO `sa_system_dict_data` (`id`, `type_id`, `label`, `value`, `code`, `sort`, `status`, `remark`, `created_by`, `updated_by`, `create_time`, `update_time`, `delete_time`) VALUES (32, 18, '空任务', '1', 'task_type', 100, 1, '', 1, 1, '2025-06-06 08:40:33', '2025-06-06 08:40:33', NULL);
INSERT INTO `sa_system_dict_data` (`id`, `type_id`, `label`, `value`, `code`, `sort`, `status`, `remark`, `created_by`, `updated_by`, `create_time`, `update_time`, `delete_time`) VALUES (33, 18, '已检测', '2', 'task_type', 100, 1, '', 1, 1, '2025-06-06 08:40:41', '2025-06-06 08:40:41', NULL);
INSERT INTO `sa_system_dict_data` (`id`, `type_id`, `label`, `value`, `code`, `sort`, `status`, `remark`, `created_by`, `updated_by`, `create_time`, `update_time`, `delete_time`) VALUES (34, 18, '已转写', '3', 'task_type', 100, 1, '', 1, 1, '2025-06-06 08:40:51', '2025-06-06 08:40:51', NULL);
INSERT INTO `sa_system_dict_data` (`id`, `type_id`, `label`, `value`, `code`, `sort`, `status`, `remark`, `created_by`, `updated_by`, `create_time`, `update_time`, `delete_time`) VALUES (35, 18, '处理中', '4', 'task_type', 100, 1, '', 1, 1, '2025-06-06 08:41:00', '2025-06-06 08:41:00', NULL);
INSERT INTO `sa_system_dict_data` (`id`, `type_id`, `label`, `value`, `code`, `sort`, `status`, `remark`, `created_by`, `updated_by`, `create_time`, `update_time`, `delete_time`) VALUES (36, 18, '暂停中', '5', 'task_type', 100, 1, '', 1, 1, '2025-06-06 08:41:07', '2025-06-06 08:41:07', NULL);
INSERT INTO `sa_system_dict_data` (`id`, `type_id`, `label`, `value`, `code`, `sort`, `status`, `remark`, `created_by`, `updated_by`, `create_time`, `update_time`, `delete_time`) VALUES (37, 19, '音频', '1', 'file_type', 100, 1, '', 1, 1, '2025-06-06 09:27:55', '2025-06-06 09:27:55', NULL);
INSERT INTO `sa_system_dict_data` (`id`, `type_id`, `label`, `value`, `code`, `sort`, `status`, `remark`, `created_by`, `updated_by`, `create_time`, `update_time`, `delete_time`) VALUES (38, 19, '视频', '2', 'file_type', 100, 1, '', 1, 1, '2025-06-06 09:27:59', '2025-06-06 09:27:59', NULL);
INSERT INTO `sa_system_dict_data` (`id`, `type_id`, `label`, `value`, `code`, `sort`, `status`, `remark`, `created_by`, `updated_by`, `create_time`, `update_time`, `delete_time`) VALUES (39, 20, '文件已上传，等待处理', '0', 'step_type', 100, 1, '新工作流程：文件已上传，等待开始处理', 1, 1, '2025-06-06 09:31:07', '2025-06-06 09:33:30', NULL);
INSERT INTO `sa_system_dict_data` (`id`, `type_id`, `label`, `value`, `code`, `sort`, `status`, `remark`, `created_by`, `updated_by`, `create_time`, `update_time`, `delete_time`) VALUES (40, 20, '正在提取音频', '1', 'step_type', 100, 1, '新工作流程：正在从视频中提取音频文件', 1, 1, '2025-06-06 09:31:19', '2025-06-06 09:31:39', NULL);
INSERT INTO `sa_system_dict_data` (`id`, `type_id`, `label`, `value`, `code`, `sort`, `status`, `remark`, `created_by`, `updated_by`, `create_time`, `update_time`, `delete_time`) VALUES (41, 20, '音频提取完成，等待降噪', '2', 'step_type', 100, 1, '新工作流程：音频提取完成，等待进行音频降噪处理', 1, 1, '2025-06-06 09:31:50', '2025-06-06 09:31:50', NULL);
INSERT INTO `sa_system_dict_data` (`id`, `type_id`, `label`, `value`, `code`, `sort`, `status`, `remark`, `created_by`, `updated_by`, `create_time`, `update_time`, `delete_time`) VALUES (42, 20, '正在音频降噪', '3', 'step_type', 100, 1, '新工作流程：正在对音频进行降噪处理', 1, 1, '2025-06-06 09:32:03', '2025-06-06 09:32:03', NULL);
INSERT INTO `sa_system_dict_data` (`id`, `type_id`, `label`, `value`, `code`, `sort`, `status`, `remark`, `created_by`, `updated_by`, `create_time`, `update_time`, `delete_time`) VALUES (43, 20, '音频降噪完成，等待下一步处理', '4', 'step_type', 100, 1, '新工作流程：音频降噪完成，等待根据用户选择进行快速识别或转写', 1, 1, '2025-06-06 09:32:11', '2025-06-06 09:32:11', NULL);
INSERT INTO `sa_system_dict_data` (`id`, `type_id`, `label`, `value`, `code`, `sort`, `status`, `remark`, `created_by`, `updated_by`, `create_time`, `update_time`, `delete_time`) VALUES (44, 20, '正在快速识别', '5', 'step_type', 100, 1, '新工作流程：正在进行快速语音识别', 1, 1, '2025-06-06 09:32:17', '2025-06-06 09:32:17', NULL);
INSERT INTO `sa_system_dict_data` (`id`, `type_id`, `label`, `value`, `code`, `sort`, `status`, `remark`, `created_by`, `updated_by`, `create_time`, `update_time`, `delete_time`) VALUES (45, 20, '快速识别完成，等待用户选择是否转写', '6', 'step_type', 100, 1, '新工作流程：快速识别完成，等待用户选择是否继续进行文本转写', 1, 1, '2025-06-07 14:44:51', '2025-06-07 14:44:51', NULL);
INSERT INTO `sa_system_dict_data` (`id`, `type_id`, `label`, `value`, `code`, `sort`, `status`, `remark`, `created_by`, `updated_by`, `create_time`, `update_time`, `delete_time`) VALUES (46, 20, '正在文本转写', '7', 'step_type', 100, 1, '新工作流程：正在进行文本转写处理', 1, 1, '2025-06-08 12:15:17', '2025-06-08 12:15:17', NULL);
INSERT INTO `sa_system_dict_data` (`id`, `type_id`, `label`, `value`, `code`, `sort`, `status`, `remark`, `created_by`, `updated_by`, `create_time`, `update_time`, `delete_time`) VALUES (47, 20, '所有处理完成', '8', 'step_type', 100, 1, '新工作流程：所有处理步骤完成', 1, 1, '2025-06-08 12:15:17', '2025-06-08 12:15:17', NULL);
INSERT INTO `sa_system_dict_data` (`id`, `type_id`, `label`, `value`, `code`, `sort`, `status`, `remark`, `created_by`, `updated_by`, `create_time`, `update_time`, `delete_time`) VALUES (48, 20, '处理失败', '9', 'step_type', 100, 1, '新工作流程：处理过程中发生错误', 1, 1, '2025-06-08 12:15:17', '2025-06-08 12:15:17', NULL);
INSERT INTO `sa_system_dict_data` (`id`, `type_id`, `label`, `value`, `code`, `sort`, `status`, `remark`, `created_by`, `updated_by`, `create_time`, `update_time`, `delete_time`) VALUES (49, 20, '任务暂停', '10', 'step_type', 100, 1, '新工作流程：任务被暂停或挂起', 1, 1, '2025-06-08 12:15:17', '2025-06-08 12:15:17', NULL);
INSERT INTO `sa_system_dict_data` (`id`, `type_id`, `label`, `value`, `code`, `sort`, `status`, `remark`, `created_by`, `updated_by`, `create_time`, `update_time`, `delete_time`) VALUES (50, 20, '未降噪转写', '11', 'step_type', 100, 1, '', 1, 1, '2025-06-15 14:23:19', '2025-06-15 14:23:42', NULL);
INSERT INTO `sa_system_dict_data` (`id`, `type_id`, `label`, `value`, `code`, `sort`, `status`, `remark`, `created_by`, `updated_by`, `create_time`, `update_time`, `delete_time`) VALUES (51, 21, '音频分离节点', '1', 'node_type', 100, 1, '', 1, 1, '2025-06-15 17:43:54', '2025-06-15 17:43:54', NULL);
INSERT INTO `sa_system_dict_data` (`id`, `type_id`, `label`, `value`, `code`, `sort`, `status`, `remark`, `created_by`, `updated_by`, `create_time`, `update_time`, `delete_time`) VALUES (52, 21, '降噪节点', '2', 'node_type', 100, 1, '', 1, 1, '2025-06-15 17:44:06', '2025-06-15 17:44:06', NULL);
INSERT INTO `sa_system_dict_data` (`id`, `type_id`, `label`, `value`, `code`, `sort`, `status`, `remark`, `created_by`, `updated_by`, `create_time`, `update_time`, `delete_time`) VALUES (53, 21, '快速识别节点', '3', 'node_type', 100, 1, '', 1, 1, '2025-06-15 17:44:15', '2025-06-15 17:44:15', NULL);
INSERT INTO `sa_system_dict_data` (`id`, `type_id`, `label`, `value`, `code`, `sort`, `status`, `remark`, `created_by`, `updated_by`, `create_time`, `update_time`, `delete_time`) VALUES (54, 21, '文本转写', '4', 'node_type', 100, 1, '', 1, 1, '2025-06-15 17:44:25', '2025-06-15 17:44:25', NULL);
INSERT INTO `sa_system_dict_data` (`id`, `type_id`, `label`, `value`, `code`, `sort`, `status`, `remark`, `created_by`, `updated_by`, `create_time`, `update_time`, `delete_time`) VALUES (55, 22, '处理中', 'processing', 'log_status', 100, 1, '', 1, 1, '2025-06-15 17:45:07', '2025-06-15 17:45:21', NULL);
INSERT INTO `sa_system_dict_data` (`id`, `type_id`, `label`, `value`, `code`, `sort`, `status`, `remark`, `created_by`, `updated_by`, `create_time`, `update_time`, `delete_time`) VALUES (56, 22, '成功', 'success', 'log_status', 100, 1, '', 1, 1, '2025-06-15 17:45:41', '2025-06-15 17:45:41', NULL);
COMMIT;

-- ----------------------------
-- Table structure for sa_system_dict_type
-- ----------------------------
DROP TABLE IF EXISTS `sa_system_dict_type`;
CREATE TABLE `sa_system_dict_type` (
  `id` int unsigned NOT NULL AUTO_INCREMENT COMMENT '主键',
  `name` varchar(50) DEFAULT NULL COMMENT '字典名称',
  `code` varchar(100) DEFAULT NULL COMMENT '字典标示',
  `status` smallint DEFAULT '1' COMMENT '状态 (1正常 2停用)',
  `remark` varchar(255) DEFAULT NULL COMMENT '备注',
  `created_by` int DEFAULT NULL COMMENT '创建者',
  `updated_by` int DEFAULT NULL COMMENT '更新者',
  `create_time` datetime DEFAULT NULL COMMENT '创建时间',
  `update_time` datetime DEFAULT NULL COMMENT '修改时间',
  `delete_time` datetime DEFAULT NULL COMMENT '删除时间',
  PRIMARY KEY (`id`) USING BTREE
) ENGINE=InnoDB AUTO_INCREMENT=23 DEFAULT CHARSET=utf8mb4 COLLATE=utf8mb4_0900_ai_ci ROW_FORMAT=DYNAMIC COMMENT='字典类型表';

-- ----------------------------
-- Records of sa_system_dict_type
-- ----------------------------
BEGIN;
INSERT INTO `sa_system_dict_type` (`id`, `name`, `code`, `status`, `remark`, `created_by`, `updated_by`, `create_time`, `update_time`, `delete_time`) VALUES (2, '存储模式', 'upload_mode', 1, '上传文件存储模式', 1, 1, '2021-06-27 13:33:29', '2025-04-04 23:02:52', NULL);
INSERT INTO `sa_system_dict_type` (`id`, `name`, `code`, `status`, `remark`, `created_by`, `updated_by`, `create_time`, `update_time`, `delete_time`) VALUES (3, '数据状态', 'data_status', 1, '通用数据状态', 1, 1, '2021-06-27 13:33:29', '2025-03-29 20:39:25', NULL);
INSERT INTO `sa_system_dict_type` (`id`, `name`, `code`, `status`, `remark`, `created_by`, `updated_by`, `create_time`, `update_time`, `delete_time`) VALUES (4, '后台首页', 'dashboard', 1, NULL, 1, 1, '2021-06-27 13:33:29', '2023-11-16 11:28:17', NULL);
INSERT INTO `sa_system_dict_type` (`id`, `name`, `code`, `status`, `remark`, `created_by`, `updated_by`, `create_time`, `update_time`, `delete_time`) VALUES (5, '性别', 'gender', 1, '', 1, 1, '2021-06-27 13:33:29', '2025-04-04 23:05:52', NULL);
INSERT INTO `sa_system_dict_type` (`id`, `name`, `code`, `status`, `remark`, `created_by`, `updated_by`, `create_time`, `update_time`, `delete_time`) VALUES (7, '后台公告类型', 'backend_notice_type', 1, NULL, 1, 1, '2021-06-27 13:33:29', '2021-11-11 17:29:14', NULL);
INSERT INTO `sa_system_dict_type` (`id`, `name`, `code`, `status`, `remark`, `created_by`, `updated_by`, `create_time`, `update_time`, `delete_time`) VALUES (12, '附件类型', 'attachment_type', 1, NULL, 1, 1, '2021-06-27 13:33:29', '2022-03-17 14:49:23', NULL);
INSERT INTO `sa_system_dict_type` (`id`, `name`, `code`, `status`, `remark`, `created_by`, `updated_by`, `create_time`, `update_time`, `delete_time`) VALUES (13, '菜单类型', 'menu_type', 1, '', 1, 1, '2024-07-31 10:33:37', '2024-07-31 10:33:37', NULL);
INSERT INTO `sa_system_dict_type` (`id`, `name`, `code`, `status`, `remark`, `created_by`, `updated_by`, `create_time`, `update_time`, `delete_time`) VALUES (14, '是否', 'yes_or_no', 1, '', 1, 1, '2024-07-31 10:35:07', '2024-07-31 10:35:07', NULL);
INSERT INTO `sa_system_dict_type` (`id`, `name`, `code`, `status`, `remark`, `created_by`, `updated_by`, `create_time`, `update_time`, `delete_time`) VALUES (17, '用户角色', 'user_type', 1, '', 1, 1, '2025-06-06 08:31:39', '2025-06-06 08:31:39', NULL);
INSERT INTO `sa_system_dict_type` (`id`, `name`, `code`, `status`, `remark`, `created_by`, `updated_by`, `create_time`, `update_time`, `delete_time`) VALUES (18, '总任务状态', 'task_type', 1, '', 1, 1, '2025-06-06 08:40:24', '2025-06-06 08:40:24', NULL);
INSERT INTO `sa_system_dict_type` (`id`, `name`, `code`, `status`, `remark`, `created_by`, `updated_by`, `create_time`, `update_time`, `delete_time`) VALUES (19, '文件类型', 'file_type', 1, '', 1, 1, '2025-06-06 09:27:47', '2025-06-06 09:27:47', NULL);
INSERT INTO `sa_system_dict_type` (`id`, `name`, `code`, `status`, `remark`, `created_by`, `updated_by`, `create_time`, `update_time`, `delete_time`) VALUES (20, '处理状态', 'step_type', 1, '', 1, 1, '2025-06-06 09:30:29', '2025-06-06 09:30:29', NULL);
INSERT INTO `sa_system_dict_type` (`id`, `name`, `code`, `status`, `remark`, `created_by`, `updated_by`, `create_time`, `update_time`, `delete_time`) VALUES (21, '节点任务类型', 'node_type', 1, '', 1, 1, '2025-06-15 17:43:37', '2025-06-15 17:43:37', NULL);
INSERT INTO `sa_system_dict_type` (`id`, `name`, `code`, `status`, `remark`, `created_by`, `updated_by`, `create_time`, `update_time`, `delete_time`) VALUES (22, '处理状态', 'log_status', 1, '', 1, 1, '2025-06-15 17:44:54', '2025-06-15 17:44:54', NULL);
COMMIT;

-- ----------------------------
-- Table structure for sa_system_login_log
-- ----------------------------
DROP TABLE IF EXISTS `sa_system_login_log`;
CREATE TABLE `sa_system_login_log` (
  `id` int unsigned NOT NULL AUTO_INCREMENT COMMENT '主键',
  `username` varchar(20) DEFAULT NULL COMMENT '用户名',
  `ip` varchar(45) DEFAULT NULL COMMENT '登录IP地址',
  `ip_location` varchar(255) DEFAULT NULL COMMENT 'IP所属地',
  `os` varchar(50) DEFAULT NULL COMMENT '操作系统',
  `browser` varchar(50) DEFAULT NULL COMMENT '浏览器',
  `status` smallint DEFAULT '1' COMMENT '登录状态 (1成功 2失败)',
  `message` varchar(50) DEFAULT NULL COMMENT '提示消息',
  `login_time` datetime NOT NULL DEFAULT CURRENT_TIMESTAMP ON UPDATE CURRENT_TIMESTAMP COMMENT '登录时间',
  `remark` varchar(255) DEFAULT NULL COMMENT '备注',
  `created_by` int DEFAULT NULL COMMENT '创建者',
  `updated_by` int DEFAULT NULL COMMENT '更新者',
  `create_time` datetime DEFAULT NULL COMMENT '创建时间',
  `update_time` datetime DEFAULT NULL COMMENT '更新时间',
  `delete_time` datetime DEFAULT NULL COMMENT '删除时间',
  PRIMARY KEY (`id`) USING BTREE,
  KEY `username` (`username`) USING BTREE
) ENGINE=InnoDB AUTO_INCREMENT=22 DEFAULT CHARSET=utf8mb4 COLLATE=utf8mb4_0900_ai_ci ROW_FORMAT=DYNAMIC COMMENT='登录日志表';

-- ----------------------------
-- Records of sa_system_login_log
-- ----------------------------
BEGIN;
INSERT INTO `sa_system_login_log` (`id`, `username`, `ip`, `ip_location`, `os`, `browser`, `status`, `message`, `login_time`, `remark`, `created_by`, `updated_by`, `create_time`, `update_time`, `delete_time`) VALUES (2, 'admin', '127.0.0.1', '内网IP', 'Mac', 'Chrome', 1, '登录成功', '2025-06-06 07:19:40', NULL, 1, 1, '2025-06-06 07:19:40', '2025-06-06 07:19:40', NULL);
INSERT INTO `sa_system_login_log` (`id`, `username`, `ip`, `ip_location`, `os`, `browser`, `status`, `message`, `login_time`, `remark`, `created_by`, `updated_by`, `create_time`, `update_time`, `delete_time`) VALUES (3, 'admin', '127.0.0.1', '内网IP', 'Mac', 'Chrome', 1, '登录成功', '2025-06-06 09:25:38', NULL, 1, 1, '2025-06-06 09:25:39', '2025-06-06 09:25:39', NULL);
INSERT INTO `sa_system_login_log` (`id`, `username`, `ip`, `ip_location`, `os`, `browser`, `status`, `message`, `login_time`, `remark`, `created_by`, `updated_by`, `create_time`, `update_time`, `delete_time`) VALUES (4, 'admin', '127.0.0.1', '内网IP', 'Mac', 'Chrome', 1, '登录成功', '2025-06-06 16:01:53', NULL, 1, 1, '2025-06-06 16:01:53', '2025-06-06 16:01:53', NULL);
INSERT INTO `sa_system_login_log` (`id`, `username`, `ip`, `ip_location`, `os`, `browser`, `status`, `message`, `login_time`, `remark`, `created_by`, `updated_by`, `create_time`, `update_time`, `delete_time`) VALUES (5, 'admin', '127.0.0.1', '内网IP', 'Mac', 'Chrome', 1, '登录成功', '2025-06-06 18:07:34', NULL, 1, 1, '2025-06-06 18:07:35', '2025-06-06 18:07:35', NULL);
INSERT INTO `sa_system_login_log` (`id`, `username`, `ip`, `ip_location`, `os`, `browser`, `status`, `message`, `login_time`, `remark`, `created_by`, `updated_by`, `create_time`, `update_time`, `delete_time`) VALUES (6, 'admin', '127.0.0.1', '内网IP', 'Mac', 'Chrome', 1, '登录成功', '2025-06-07 14:44:02', NULL, 1, 1, '2025-06-07 14:44:02', '2025-06-07 14:44:02', NULL);
INSERT INTO `sa_system_login_log` (`id`, `username`, `ip`, `ip_location`, `os`, `browser`, `status`, `message`, `login_time`, `remark`, `created_by`, `updated_by`, `create_time`, `update_time`, `delete_time`) VALUES (7, 'admin', '127.0.0.1', '内网IP', 'Mac', 'Chrome', 1, '登录成功', '2025-06-08 20:16:30', NULL, 1, 1, '2025-06-08 20:16:30', '2025-06-08 20:16:30', NULL);
INSERT INTO `sa_system_login_log` (`id`, `username`, `ip`, `ip_location`, `os`, `browser`, `status`, `message`, `login_time`, `remark`, `created_by`, `updated_by`, `create_time`, `update_time`, `delete_time`) VALUES (8, 'admin', '127.0.0.1', '内网IP', 'Mac', 'Chrome', 1, '登录成功', '2025-06-08 22:37:21', NULL, 1, 1, '2025-06-08 22:37:21', '2025-06-08 22:37:21', NULL);
INSERT INTO `sa_system_login_log` (`id`, `username`, `ip`, `ip_location`, `os`, `browser`, `status`, `message`, `login_time`, `remark`, `created_by`, `updated_by`, `create_time`, `update_time`, `delete_time`) VALUES (9, 'admin', '127.0.0.1', '内网IP', 'Mac', 'Chrome', 1, '登录成功', '2025-06-12 07:05:33', NULL, 1, 1, '2025-06-12 07:05:34', '2025-06-12 07:05:34', NULL);
INSERT INTO `sa_system_login_log` (`id`, `username`, `ip`, `ip_location`, `os`, `browser`, `status`, `message`, `login_time`, `remark`, `created_by`, `updated_by`, `create_time`, `update_time`, `delete_time`) VALUES (10, 'admin', '127.0.0.1', '内网IP', 'Mac', 'Chrome', 1, '登录成功', '2025-06-12 10:57:20', NULL, 1, 1, '2025-06-12 10:57:20', '2025-06-12 10:57:20', NULL);
INSERT INTO `sa_system_login_log` (`id`, `username`, `ip`, `ip_location`, `os`, `browser`, `status`, `message`, `login_time`, `remark`, `created_by`, `updated_by`, `create_time`, `update_time`, `delete_time`) VALUES (11, 'admin', '127.0.0.1', '内网IP', 'Mac', 'Chrome', 1, '登录成功', '2025-06-12 13:16:29', NULL, 1, 1, '2025-06-12 13:16:30', '2025-06-12 13:16:30', NULL);
INSERT INTO `sa_system_login_log` (`id`, `username`, `ip`, `ip_location`, `os`, `browser`, `status`, `message`, `login_time`, `remark`, `created_by`, `updated_by`, `create_time`, `update_time`, `delete_time`) VALUES (12, 'admin', '127.0.0.1', '内网IP', 'Mac', 'Chrome', 1, '登录成功', '2025-06-12 16:33:06', NULL, 1, 1, '2025-06-12 16:33:06', '2025-06-12 16:33:06', NULL);
INSERT INTO `sa_system_login_log` (`id`, `username`, `ip`, `ip_location`, `os`, `browser`, `status`, `message`, `login_time`, `remark`, `created_by`, `updated_by`, `create_time`, `update_time`, `delete_time`) VALUES (13, 'admin', '127.0.0.1', '内网IP', 'Mac', 'Chrome', 1, '登录成功', '2025-06-13 09:22:22', NULL, 1, 1, '2025-06-13 09:22:23', '2025-06-13 09:22:23', NULL);
INSERT INTO `sa_system_login_log` (`id`, `username`, `ip`, `ip_location`, `os`, `browser`, `status`, `message`, `login_time`, `remark`, `created_by`, `updated_by`, `create_time`, `update_time`, `delete_time`) VALUES (14, 'admin', '127.0.0.1', '内网IP', 'Mac', 'Chrome', 1, '登录成功', '2025-06-13 15:53:57', NULL, 1, 1, '2025-06-13 15:53:58', '2025-06-13 15:53:58', NULL);
INSERT INTO `sa_system_login_log` (`id`, `username`, `ip`, `ip_location`, `os`, `browser`, `status`, `message`, `login_time`, `remark`, `created_by`, `updated_by`, `create_time`, `update_time`, `delete_time`) VALUES (15, 'admin', '127.0.0.1', '内网IP', 'Mac', 'Chrome', 1, '登录成功', '2025-06-14 20:54:49', NULL, 1, 1, '2025-06-14 20:54:49', '2025-06-14 20:54:49', NULL);
INSERT INTO `sa_system_login_log` (`id`, `username`, `ip`, `ip_location`, `os`, `browser`, `status`, `message`, `login_time`, `remark`, `created_by`, `updated_by`, `create_time`, `update_time`, `delete_time`) VALUES (16, 'admin', '127.0.0.1', '内网IP', 'Mac', 'Chrome', 1, '登录成功', '2025-06-14 23:17:55', NULL, 1, 1, '2025-06-14 23:17:55', '2025-06-14 23:17:55', NULL);
INSERT INTO `sa_system_login_log` (`id`, `username`, `ip`, `ip_location`, `os`, `browser`, `status`, `message`, `login_time`, `remark`, `created_by`, `updated_by`, `create_time`, `update_time`, `delete_time`) VALUES (17, 'admin', '127.0.0.1', '内网IP', 'Mac', 'Chrome', 1, '登录成功', '2025-06-15 09:46:19', NULL, 1, 1, '2025-06-15 09:46:19', '2025-06-15 09:46:19', NULL);
INSERT INTO `sa_system_login_log` (`id`, `username`, `ip`, `ip_location`, `os`, `browser`, `status`, `message`, `login_time`, `remark`, `created_by`, `updated_by`, `create_time`, `update_time`, `delete_time`) VALUES (18, 'admin', '127.0.0.1', '内网IP', 'Mac', 'Chrome', 1, '登录成功', '2025-06-15 14:22:58', NULL, 1, 1, '2025-06-15 14:22:59', '2025-06-15 14:22:59', NULL);
INSERT INTO `sa_system_login_log` (`id`, `username`, `ip`, `ip_location`, `os`, `browser`, `status`, `message`, `login_time`, `remark`, `created_by`, `updated_by`, `create_time`, `update_time`, `delete_time`) VALUES (19, 'admin', '127.0.0.1', '内网IP', 'Mac', 'Chrome', 1, '登录成功', '2025-06-15 16:31:28', NULL, 1, 1, '2025-06-15 16:31:28', '2025-06-15 16:31:28', NULL);
INSERT INTO `sa_system_login_log` (`id`, `username`, `ip`, `ip_location`, `os`, `browser`, `status`, `message`, `login_time`, `remark`, `created_by`, `updated_by`, `create_time`, `update_time`, `delete_time`) VALUES (20, 'admin', '127.0.0.1', '内网IP', 'Mac', 'Chrome', 1, '登录成功', '2025-06-15 19:30:00', NULL, 1, 1, '2025-06-15 19:30:01', '2025-06-15 19:30:01', NULL);
INSERT INTO `sa_system_login_log` (`id`, `username`, `ip`, `ip_location`, `os`, `browser`, `status`, `message`, `login_time`, `remark`, `created_by`, `updated_by`, `create_time`, `update_time`, `delete_time`) VALUES (21, 'admin', '127.0.0.1', '内网IP', 'Mac', 'Chrome', 1, '登录成功', '2025-06-15 21:35:37', NULL, 1, 1, '2025-06-15 21:35:37', '2025-06-15 21:35:37', NULL);
COMMIT;

-- ----------------------------
-- Table structure for sa_system_mail
-- ----------------------------
DROP TABLE IF EXISTS `sa_system_mail`;
CREATE TABLE `sa_system_mail` (
  `id` int unsigned NOT NULL AUTO_INCREMENT COMMENT '编号',
  `gateway` varchar(50) DEFAULT NULL COMMENT '网关',
  `from` varchar(50) DEFAULT NULL COMMENT '发送人',
  `email` varchar(50) DEFAULT NULL COMMENT '接收人',
  `code` varchar(20) DEFAULT NULL COMMENT '验证码',
  `content` varchar(500) DEFAULT NULL COMMENT '邮箱内容',
  `status` varchar(20) DEFAULT NULL COMMENT '发送状态',
  `response` varchar(500) DEFAULT NULL COMMENT '返回结果',
  `create_time` datetime DEFAULT NULL COMMENT '创建时间',
  `update_time` datetime DEFAULT NULL COMMENT '修改时间',
  `delete_time` datetime DEFAULT NULL COMMENT '删除时间',
  PRIMARY KEY (`id`) USING BTREE
) ENGINE=InnoDB DEFAULT CHARSET=utf8mb4 COLLATE=utf8mb4_0900_ai_ci ROW_FORMAT=DYNAMIC COMMENT='邮件记录';

-- ----------------------------
-- Records of sa_system_mail
-- ----------------------------
BEGIN;
COMMIT;

-- ----------------------------
-- Table structure for sa_system_menu
-- ----------------------------
DROP TABLE IF EXISTS `sa_system_menu`;
CREATE TABLE `sa_system_menu` (
  `id` int unsigned NOT NULL AUTO_INCREMENT COMMENT '主键',
  `parent_id` int unsigned DEFAULT NULL COMMENT '父ID',
  `level` varchar(500) DEFAULT NULL COMMENT '组级集合',
  `name` varchar(50) DEFAULT NULL COMMENT '菜单名称',
  `code` varchar(100) DEFAULT NULL COMMENT '菜单标识代码',
  `icon` varchar(50) DEFAULT NULL COMMENT '菜单图标',
  `route` varchar(200) DEFAULT NULL COMMENT '路由地址',
  `component` varchar(255) DEFAULT NULL COMMENT '组件路径',
  `redirect` varchar(255) DEFAULT NULL COMMENT '跳转地址',
  `is_hidden` smallint DEFAULT '1' COMMENT '是否隐藏 (1是 2否)',
  `is_layout` tinyint unsigned DEFAULT '1' COMMENT '继承layout',
  `type` char(1) DEFAULT '' COMMENT '菜单类型, (M菜单 B按钮 L链接 I iframe)',
  `generate_id` int DEFAULT '0' COMMENT '生成id',
  `generate_key` varchar(255) DEFAULT NULL COMMENT '生成key',
  `status` smallint DEFAULT '1' COMMENT '状态 (1正常 2停用)',
  `sort` smallint unsigned DEFAULT '0' COMMENT '排序',
  `remark` varchar(255) DEFAULT NULL COMMENT '备注',
  `created_by` int DEFAULT NULL COMMENT '创建者',
  `updated_by` int DEFAULT NULL COMMENT '更新者',
  `create_time` datetime DEFAULT NULL COMMENT '创建时间',
  `update_time` datetime DEFAULT NULL COMMENT '修改时间',
  `delete_time` datetime DEFAULT NULL COMMENT '删除时间',
  PRIMARY KEY (`id`) USING BTREE
) ENGINE=InnoDB AUTO_INCREMENT=6030 DEFAULT CHARSET=utf8mb4 COLLATE=utf8mb4_0900_ai_ci ROW_FORMAT=DYNAMIC COMMENT='菜单信息表';

-- ----------------------------
-- Records of sa_system_menu
-- ----------------------------
BEGIN;
INSERT INTO `sa_system_menu` (`id`, `parent_id`, `level`, `name`, `code`, `icon`, `route`, `component`, `redirect`, `is_hidden`, `is_layout`, `type`, `generate_id`, `generate_key`, `status`, `sort`, `remark`, `created_by`, `updated_by`, `create_time`, `update_time`, `delete_time`) VALUES (1000, 0, '0', '权限', 'permission', 'IconSafe', 'permission', '', NULL, 2, 1, 'M', 0, NULL, 1, 0, '', 1, 1, '2025-04-30 13:56:46', '2025-04-30 13:56:46', NULL);
INSERT INTO `sa_system_menu` (`id`, `parent_id`, `level`, `name`, `code`, `icon`, `route`, `component`, `redirect`, `is_hidden`, `is_layout`, `type`, `generate_id`, `generate_key`, `status`, `sort`, `remark`, `created_by`, `updated_by`, `create_time`, `update_time`, `delete_time`) VALUES (1100, 1000, '0,1000', '用户管理', 'permission/user', 'IconUserGroup', 'permission/user', 'system/user/index', NULL, 2, 1, 'M', 0, NULL, 1, 0, '', 1, 1, '2025-04-30 13:56:46', '2025-04-30 13:56:46', NULL);
INSERT INTO `sa_system_menu` (`id`, `parent_id`, `level`, `name`, `code`, `icon`, `route`, `component`, `redirect`, `is_hidden`, `is_layout`, `type`, `generate_id`, `generate_key`, `status`, `sort`, `remark`, `created_by`, `updated_by`, `create_time`, `update_time`, `delete_time`) VALUES (1101, 1100, '0,1000,1100', '用户列表', '/core/user/index', NULL, NULL, NULL, NULL, 2, 1, 'B', 0, NULL, 1, 0, NULL, 1, 1, '2025-04-30 13:56:46', '2025-04-30 13:56:46', NULL);
INSERT INTO `sa_system_menu` (`id`, `parent_id`, `level`, `name`, `code`, `icon`, `route`, `component`, `redirect`, `is_hidden`, `is_layout`, `type`, `generate_id`, `generate_key`, `status`, `sort`, `remark`, `created_by`, `updated_by`, `create_time`, `update_time`, `delete_time`) VALUES (1102, 1100, '0,1000,1100', '用户保存', '/core/user/save', NULL, NULL, NULL, NULL, 2, 1, 'B', 0, NULL, 1, 0, NULL, 1, 1, '2025-04-30 13:56:46', '2025-04-30 13:56:46', NULL);
INSERT INTO `sa_system_menu` (`id`, `parent_id`, `level`, `name`, `code`, `icon`, `route`, `component`, `redirect`, `is_hidden`, `is_layout`, `type`, `generate_id`, `generate_key`, `status`, `sort`, `remark`, `created_by`, `updated_by`, `create_time`, `update_time`, `delete_time`) VALUES (1103, 1100, '0,1000,1100', '用户更新', '/core/user/update', NULL, NULL, NULL, NULL, 2, 1, 'B', 0, NULL, 1, 0, NULL, 1, 1, '2025-04-30 13:56:46', '2025-04-30 13:56:46', NULL);
INSERT INTO `sa_system_menu` (`id`, `parent_id`, `level`, `name`, `code`, `icon`, `route`, `component`, `redirect`, `is_hidden`, `is_layout`, `type`, `generate_id`, `generate_key`, `status`, `sort`, `remark`, `created_by`, `updated_by`, `create_time`, `update_time`, `delete_time`) VALUES (1104, 1100, '0,1000,1100', '用户删除', '/core/user/destroy', NULL, NULL, NULL, NULL, 2, 1, 'B', 0, NULL, 1, 0, NULL, 1, 1, '2025-04-30 13:56:46', '2025-04-30 13:56:46', NULL);
INSERT INTO `sa_system_menu` (`id`, `parent_id`, `level`, `name`, `code`, `icon`, `route`, `component`, `redirect`, `is_hidden`, `is_layout`, `type`, `generate_id`, `generate_key`, `status`, `sort`, `remark`, `created_by`, `updated_by`, `create_time`, `update_time`, `delete_time`) VALUES (1105, 1100, '0,1000,1100', '用户读取', '/core/user/read', NULL, NULL, NULL, NULL, 2, 1, 'B', 0, NULL, 1, 0, NULL, 1, 1, '2025-04-30 13:56:46', '2025-04-30 13:56:46', NULL);
INSERT INTO `sa_system_menu` (`id`, `parent_id`, `level`, `name`, `code`, `icon`, `route`, `component`, `redirect`, `is_hidden`, `is_layout`, `type`, `generate_id`, `generate_key`, `status`, `sort`, `remark`, `created_by`, `updated_by`, `create_time`, `update_time`, `delete_time`) VALUES (1106, 1100, '0,1000,1100', '用户状态改变', '/core/user/changeStatus', '', NULL, '', NULL, 2, 1, 'B', 0, NULL, 1, 0, NULL, 1, 1, '2025-04-30 13:56:46', '2025-04-30 13:56:46', NULL);
INSERT INTO `sa_system_menu` (`id`, `parent_id`, `level`, `name`, `code`, `icon`, `route`, `component`, `redirect`, `is_hidden`, `is_layout`, `type`, `generate_id`, `generate_key`, `status`, `sort`, `remark`, `created_by`, `updated_by`, `create_time`, `update_time`, `delete_time`) VALUES (1107, 1100, '0,1000,1100', '用户重置密码', '/core/user/initUserPassword', '', '', '', NULL, 2, 1, 'B', 0, NULL, 1, 0, '', 1, 1, '2025-04-30 13:56:46', '2025-04-30 13:56:46', NULL);
INSERT INTO `sa_system_menu` (`id`, `parent_id`, `level`, `name`, `code`, `icon`, `route`, `component`, `redirect`, `is_hidden`, `is_layout`, `type`, `generate_id`, `generate_key`, `status`, `sort`, `remark`, `created_by`, `updated_by`, `create_time`, `update_time`, `delete_time`) VALUES (1108, 1100, '0,1000,1100', '更新用户缓存', '/core/user/clearCache', '', '', '', NULL, 2, 1, 'B', 0, NULL, 1, 0, '', 1, 1, '2025-04-30 13:56:46', '2025-04-30 13:56:46', NULL);
INSERT INTO `sa_system_menu` (`id`, `parent_id`, `level`, `name`, `code`, `icon`, `route`, `component`, `redirect`, `is_hidden`, `is_layout`, `type`, `generate_id`, `generate_key`, `status`, `sort`, `remark`, `created_by`, `updated_by`, `create_time`, `update_time`, `delete_time`) VALUES (1109, 1100, '0,1000,1100', '设置用户首页', '/core/user/setHomePage', '', NULL, '', NULL, 2, 1, 'B', 0, NULL, 1, 0, NULL, 1, 1, '2025-04-30 13:56:46', '2025-04-30 13:56:46', NULL);
INSERT INTO `sa_system_menu` (`id`, `parent_id`, `level`, `name`, `code`, `icon`, `route`, `component`, `redirect`, `is_hidden`, `is_layout`, `type`, `generate_id`, `generate_key`, `status`, `sort`, `remark`, `created_by`, `updated_by`, `create_time`, `update_time`, `delete_time`) VALUES (1200, 1000, '0,1000', '菜单管理', 'permission/menu', 'IconMenu', 'permission/menu', 'system/menu/index', NULL, 2, 1, 'M', 0, NULL, 1, 0, '', 1, 1, '2025-04-30 13:56:46', '2025-04-30 13:56:46', NULL);
INSERT INTO `sa_system_menu` (`id`, `parent_id`, `level`, `name`, `code`, `icon`, `route`, `component`, `redirect`, `is_hidden`, `is_layout`, `type`, `generate_id`, `generate_key`, `status`, `sort`, `remark`, `created_by`, `updated_by`, `create_time`, `update_time`, `delete_time`) VALUES (1201, 1200, '0,1000,1200', '菜单列表', '/core/menu/index', NULL, NULL, NULL, NULL, 2, 1, 'B', 0, NULL, 1, 0, NULL, 1, 1, '2025-04-30 13:56:46', '2025-04-30 13:56:46', NULL);
INSERT INTO `sa_system_menu` (`id`, `parent_id`, `level`, `name`, `code`, `icon`, `route`, `component`, `redirect`, `is_hidden`, `is_layout`, `type`, `generate_id`, `generate_key`, `status`, `sort`, `remark`, `created_by`, `updated_by`, `create_time`, `update_time`, `delete_time`) VALUES (1202, 1200, '0,1000,1200', '菜单保存', '/core/menu/save', NULL, NULL, NULL, NULL, 2, 1, 'B', 0, NULL, 1, 0, NULL, 1, 1, '2025-04-30 13:56:46', '2025-04-30 13:56:46', NULL);
INSERT INTO `sa_system_menu` (`id`, `parent_id`, `level`, `name`, `code`, `icon`, `route`, `component`, `redirect`, `is_hidden`, `is_layout`, `type`, `generate_id`, `generate_key`, `status`, `sort`, `remark`, `created_by`, `updated_by`, `create_time`, `update_time`, `delete_time`) VALUES (1203, 1200, '0,1000,1200', '菜单更新', '/core/menu/update', NULL, NULL, NULL, NULL, 2, 1, 'B', 0, NULL, 1, 0, NULL, 1, 1, '2025-04-30 13:56:46', '2025-04-30 13:56:46', NULL);
INSERT INTO `sa_system_menu` (`id`, `parent_id`, `level`, `name`, `code`, `icon`, `route`, `component`, `redirect`, `is_hidden`, `is_layout`, `type`, `generate_id`, `generate_key`, `status`, `sort`, `remark`, `created_by`, `updated_by`, `create_time`, `update_time`, `delete_time`) VALUES (1204, 1200, '0,1000,1200', '菜单删除', '/core/menu/destroy', NULL, NULL, NULL, NULL, 2, 1, 'B', 0, NULL, 1, 0, NULL, 1, 1, '2025-04-30 13:56:46', '2025-04-30 13:56:46', NULL);
INSERT INTO `sa_system_menu` (`id`, `parent_id`, `level`, `name`, `code`, `icon`, `route`, `component`, `redirect`, `is_hidden`, `is_layout`, `type`, `generate_id`, `generate_key`, `status`, `sort`, `remark`, `created_by`, `updated_by`, `create_time`, `update_time`, `delete_time`) VALUES (1205, 1200, '0,1000,1200', '菜单读取', '/core/menu/read', NULL, NULL, NULL, NULL, 2, 1, 'B', 0, NULL, 1, 0, NULL, 1, 1, '2025-04-30 13:56:46', '2025-04-30 13:56:46', NULL);
INSERT INTO `sa_system_menu` (`id`, `parent_id`, `level`, `name`, `code`, `icon`, `route`, `component`, `redirect`, `is_hidden`, `is_layout`, `type`, `generate_id`, `generate_key`, `status`, `sort`, `remark`, `created_by`, `updated_by`, `create_time`, `update_time`, `delete_time`) VALUES (1300, 1000, '0,1000', '部门管理', 'permission/dept', 'IconMindMapping', 'permission/dept', 'system/dept/index', NULL, 2, 1, 'M', 0, NULL, 1, 0, '', 1, 1, '2025-04-30 13:56:46', '2025-04-30 13:56:46', NULL);
INSERT INTO `sa_system_menu` (`id`, `parent_id`, `level`, `name`, `code`, `icon`, `route`, `component`, `redirect`, `is_hidden`, `is_layout`, `type`, `generate_id`, `generate_key`, `status`, `sort`, `remark`, `created_by`, `updated_by`, `create_time`, `update_time`, `delete_time`) VALUES (1301, 1300, '0,1000,1300', '部门列表', '/core/dept/index', NULL, NULL, NULL, NULL, 2, 1, 'B', 0, NULL, 1, 0, NULL, 1, 1, '2025-04-30 13:56:46', '2025-04-30 13:56:46', NULL);
INSERT INTO `sa_system_menu` (`id`, `parent_id`, `level`, `name`, `code`, `icon`, `route`, `component`, `redirect`, `is_hidden`, `is_layout`, `type`, `generate_id`, `generate_key`, `status`, `sort`, `remark`, `created_by`, `updated_by`, `create_time`, `update_time`, `delete_time`) VALUES (1302, 1300, '0,1000,1300', '部门保存', '/core/dept/save', NULL, NULL, NULL, NULL, 2, 1, 'B', 0, NULL, 1, 0, NULL, 1, 1, '2025-04-30 13:56:46', '2025-04-30 13:56:46', NULL);
INSERT INTO `sa_system_menu` (`id`, `parent_id`, `level`, `name`, `code`, `icon`, `route`, `component`, `redirect`, `is_hidden`, `is_layout`, `type`, `generate_id`, `generate_key`, `status`, `sort`, `remark`, `created_by`, `updated_by`, `create_time`, `update_time`, `delete_time`) VALUES (1303, 1300, '0,1000,1300', '部门更新', '/core/dept/update', NULL, NULL, NULL, NULL, 2, 1, 'B', 0, NULL, 1, 0, NULL, 1, 1, '2025-04-30 13:56:46', '2025-04-30 13:56:46', NULL);
INSERT INTO `sa_system_menu` (`id`, `parent_id`, `level`, `name`, `code`, `icon`, `route`, `component`, `redirect`, `is_hidden`, `is_layout`, `type`, `generate_id`, `generate_key`, `status`, `sort`, `remark`, `created_by`, `updated_by`, `create_time`, `update_time`, `delete_time`) VALUES (1304, 1300, '0,1000,1300', '部门删除', '/core/dept/destroy', NULL, NULL, NULL, NULL, 2, 1, 'B', 0, NULL, 1, 0, NULL, 1, 1, '2025-04-30 13:56:46', '2025-04-30 13:56:46', NULL);
INSERT INTO `sa_system_menu` (`id`, `parent_id`, `level`, `name`, `code`, `icon`, `route`, `component`, `redirect`, `is_hidden`, `is_layout`, `type`, `generate_id`, `generate_key`, `status`, `sort`, `remark`, `created_by`, `updated_by`, `create_time`, `update_time`, `delete_time`) VALUES (1305, 1300, '0,1000,1300', '部门读取', '/core/dept/read', NULL, NULL, NULL, NULL, 2, 1, 'B', 0, NULL, 1, 0, NULL, 1, 1, '2025-04-30 13:56:46', '2025-04-30 13:56:46', NULL);
INSERT INTO `sa_system_menu` (`id`, `parent_id`, `level`, `name`, `code`, `icon`, `route`, `component`, `redirect`, `is_hidden`, `is_layout`, `type`, `generate_id`, `generate_key`, `status`, `sort`, `remark`, `created_by`, `updated_by`, `create_time`, `update_time`, `delete_time`) VALUES (1306, 1300, '0,1000,1300', '部门领导', '/core/dept/leaders', '', '', '', NULL, 2, 1, 'B', 0, NULL, 1, 0, '', 1, 1, '2025-04-30 13:56:46', '2025-04-30 13:56:46', NULL);
INSERT INTO `sa_system_menu` (`id`, `parent_id`, `level`, `name`, `code`, `icon`, `route`, `component`, `redirect`, `is_hidden`, `is_layout`, `type`, `generate_id`, `generate_key`, `status`, `sort`, `remark`, `created_by`, `updated_by`, `create_time`, `update_time`, `delete_time`) VALUES (1400, 1000, '0,1000', '角色管理', 'permission/role', 'IconLock', 'permission/role', 'system/role/index', NULL, 2, 1, 'M', 0, NULL, 1, 0, '', 1, 1, '2025-04-30 13:56:46', '2025-04-30 13:56:46', NULL);
INSERT INTO `sa_system_menu` (`id`, `parent_id`, `level`, `name`, `code`, `icon`, `route`, `component`, `redirect`, `is_hidden`, `is_layout`, `type`, `generate_id`, `generate_key`, `status`, `sort`, `remark`, `created_by`, `updated_by`, `create_time`, `update_time`, `delete_time`) VALUES (1401, 1400, '0,1000,1400', '角色列表', '/core/role/index', NULL, NULL, NULL, NULL, 2, 1, 'B', 0, NULL, 1, 0, NULL, 1, 1, '2025-04-30 13:56:46', '2025-04-30 13:56:46', NULL);
INSERT INTO `sa_system_menu` (`id`, `parent_id`, `level`, `name`, `code`, `icon`, `route`, `component`, `redirect`, `is_hidden`, `is_layout`, `type`, `generate_id`, `generate_key`, `status`, `sort`, `remark`, `created_by`, `updated_by`, `create_time`, `update_time`, `delete_time`) VALUES (1402, 1400, '0,1000,1400', '角色保存', '/core/role/save', NULL, NULL, NULL, NULL, 2, 1, 'B', 0, NULL, 1, 0, NULL, 1, 1, '2025-04-30 13:56:46', '2025-04-30 13:56:46', NULL);
INSERT INTO `sa_system_menu` (`id`, `parent_id`, `level`, `name`, `code`, `icon`, `route`, `component`, `redirect`, `is_hidden`, `is_layout`, `type`, `generate_id`, `generate_key`, `status`, `sort`, `remark`, `created_by`, `updated_by`, `create_time`, `update_time`, `delete_time`) VALUES (1403, 1400, '0,1000,1400', '角色更新', '/core/role/update', NULL, NULL, NULL, NULL, 2, 1, 'B', 0, NULL, 1, 0, NULL, 1, 1, '2025-04-30 13:56:46', '2025-04-30 13:56:46', NULL);
INSERT INTO `sa_system_menu` (`id`, `parent_id`, `level`, `name`, `code`, `icon`, `route`, `component`, `redirect`, `is_hidden`, `is_layout`, `type`, `generate_id`, `generate_key`, `status`, `sort`, `remark`, `created_by`, `updated_by`, `create_time`, `update_time`, `delete_time`) VALUES (1404, 1400, '0,1000,1400', '角色删除', '/core/role/destroy', NULL, NULL, NULL, NULL, 2, 1, 'B', 0, NULL, 1, 0, NULL, 1, 1, '2025-04-30 13:56:46', '2025-04-30 13:56:46', NULL);
INSERT INTO `sa_system_menu` (`id`, `parent_id`, `level`, `name`, `code`, `icon`, `route`, `component`, `redirect`, `is_hidden`, `is_layout`, `type`, `generate_id`, `generate_key`, `status`, `sort`, `remark`, `created_by`, `updated_by`, `create_time`, `update_time`, `delete_time`) VALUES (1405, 1400, '0,1000,1400', '角色读取', '/core/role/read', NULL, NULL, NULL, NULL, 2, 1, 'B', 0, NULL, 1, 0, NULL, 1, 1, '2025-04-30 13:56:46', '2025-04-30 13:56:46', NULL);
INSERT INTO `sa_system_menu` (`id`, `parent_id`, `level`, `name`, `code`, `icon`, `route`, `component`, `redirect`, `is_hidden`, `is_layout`, `type`, `generate_id`, `generate_key`, `status`, `sort`, `remark`, `created_by`, `updated_by`, `create_time`, `update_time`, `delete_time`) VALUES (1406, 1400, '0,1000,1400', '角色菜单权限', '/core/role/menuPermission', '', '', '', NULL, 2, 1, 'B', 0, NULL, 1, 0, '', 1, 1, '2025-04-30 13:56:46', '2025-04-30 13:56:46', NULL);
INSERT INTO `sa_system_menu` (`id`, `parent_id`, `level`, `name`, `code`, `icon`, `route`, `component`, `redirect`, `is_hidden`, `is_layout`, `type`, `generate_id`, `generate_key`, `status`, `sort`, `remark`, `created_by`, `updated_by`, `create_time`, `update_time`, `delete_time`) VALUES (1500, 1000, '0,1000', '岗位管理', 'permission/post', 'IconTags', 'permission/post', 'system/post/index', NULL, 2, 1, 'M', 0, NULL, 1, 0, '', 1, 1, '2025-04-30 13:56:46', '2025-04-30 13:56:46', NULL);
INSERT INTO `sa_system_menu` (`id`, `parent_id`, `level`, `name`, `code`, `icon`, `route`, `component`, `redirect`, `is_hidden`, `is_layout`, `type`, `generate_id`, `generate_key`, `status`, `sort`, `remark`, `created_by`, `updated_by`, `create_time`, `update_time`, `delete_time`) VALUES (1501, 1500, '0,1000,1500', '岗位列表', '/core/post/index', NULL, NULL, NULL, NULL, 2, 1, 'B', 0, NULL, 1, 0, NULL, 1, 1, '2025-04-30 13:56:46', '2025-04-30 13:56:46', NULL);
INSERT INTO `sa_system_menu` (`id`, `parent_id`, `level`, `name`, `code`, `icon`, `route`, `component`, `redirect`, `is_hidden`, `is_layout`, `type`, `generate_id`, `generate_key`, `status`, `sort`, `remark`, `created_by`, `updated_by`, `create_time`, `update_time`, `delete_time`) VALUES (1502, 1500, '0,1000,1500', '岗位保存', '/core/post/save', NULL, NULL, NULL, NULL, 2, 1, 'B', 0, NULL, 1, 0, NULL, 1, 1, '2025-04-30 13:56:46', '2025-04-30 13:56:46', NULL);
INSERT INTO `sa_system_menu` (`id`, `parent_id`, `level`, `name`, `code`, `icon`, `route`, `component`, `redirect`, `is_hidden`, `is_layout`, `type`, `generate_id`, `generate_key`, `status`, `sort`, `remark`, `created_by`, `updated_by`, `create_time`, `update_time`, `delete_time`) VALUES (1503, 1500, '0,1000,1500', '岗位更新', '/core/post/update', NULL, NULL, NULL, NULL, 2, 1, 'B', 0, NULL, 1, 0, NULL, 1, 1, '2025-04-30 13:56:46', '2025-04-30 13:56:46', NULL);
INSERT INTO `sa_system_menu` (`id`, `parent_id`, `level`, `name`, `code`, `icon`, `route`, `component`, `redirect`, `is_hidden`, `is_layout`, `type`, `generate_id`, `generate_key`, `status`, `sort`, `remark`, `created_by`, `updated_by`, `create_time`, `update_time`, `delete_time`) VALUES (1504, 1500, '0,1000,1500', '岗位删除', '/core/post/destroy', NULL, NULL, NULL, NULL, 2, 1, 'B', 0, NULL, 1, 0, NULL, 1, 1, '2025-04-30 13:56:46', '2025-04-30 13:56:46', NULL);
INSERT INTO `sa_system_menu` (`id`, `parent_id`, `level`, `name`, `code`, `icon`, `route`, `component`, `redirect`, `is_hidden`, `is_layout`, `type`, `generate_id`, `generate_key`, `status`, `sort`, `remark`, `created_by`, `updated_by`, `create_time`, `update_time`, `delete_time`) VALUES (1505, 1500, '0,1000,1500', '岗位读取', '/core/post/read', NULL, NULL, NULL, NULL, 2, 1, 'B', 0, NULL, 1, 0, NULL, 1, 1, '2025-04-30 13:56:46', '2025-04-30 13:56:46', NULL);
INSERT INTO `sa_system_menu` (`id`, `parent_id`, `level`, `name`, `code`, `icon`, `route`, `component`, `redirect`, `is_hidden`, `is_layout`, `type`, `generate_id`, `generate_key`, `status`, `sort`, `remark`, `created_by`, `updated_by`, `create_time`, `update_time`, `delete_time`) VALUES (1506, 1500, '0,1000,1500', '岗位状态改变', '/core/post/changeStatus', NULL, NULL, NULL, NULL, 2, 1, 'B', 0, NULL, 1, 0, NULL, 1, 1, '2025-04-30 13:56:46', '2025-04-30 13:56:46', NULL);
INSERT INTO `sa_system_menu` (`id`, `parent_id`, `level`, `name`, `code`, `icon`, `route`, `component`, `redirect`, `is_hidden`, `is_layout`, `type`, `generate_id`, `generate_key`, `status`, `sort`, `remark`, `created_by`, `updated_by`, `create_time`, `update_time`, `delete_time`) VALUES (1507, 1500, '0,1000,1500', '岗位导入', '/core/post/import', NULL, NULL, NULL, NULL, 2, 1, 'B', 0, NULL, 1, 0, NULL, 1, 1, '2025-04-30 13:56:46', '2025-04-30 13:56:46', NULL);
INSERT INTO `sa_system_menu` (`id`, `parent_id`, `level`, `name`, `code`, `icon`, `route`, `component`, `redirect`, `is_hidden`, `is_layout`, `type`, `generate_id`, `generate_key`, `status`, `sort`, `remark`, `created_by`, `updated_by`, `create_time`, `update_time`, `delete_time`) VALUES (1508, 1500, '0,1000,1500', '岗位导出', '/core/post/export', NULL, NULL, NULL, NULL, 2, 1, 'B', 0, NULL, 1, 0, NULL, 1, 1, '2025-04-30 13:56:46', '2025-04-30 13:56:46', NULL);
INSERT INTO `sa_system_menu` (`id`, `parent_id`, `level`, `name`, `code`, `icon`, `route`, `component`, `redirect`, `is_hidden`, `is_layout`, `type`, `generate_id`, `generate_key`, `status`, `sort`, `remark`, `created_by`, `updated_by`, `create_time`, `update_time`, `delete_time`) VALUES (2000, 0, '0', '数据', 'data', 'IconStorage', 'data', '', NULL, 2, 1, 'M', 0, NULL, 1, 0, '', 1, 1, '2025-04-30 13:56:46', '2025-04-30 13:56:46', NULL);
INSERT INTO `sa_system_menu` (`id`, `parent_id`, `level`, `name`, `code`, `icon`, `route`, `component`, `redirect`, `is_hidden`, `is_layout`, `type`, `generate_id`, `generate_key`, `status`, `sort`, `remark`, `created_by`, `updated_by`, `create_time`, `update_time`, `delete_time`) VALUES (2100, 2000, '0,2000', '数据字典', 'data/dict', 'IconBook', 'data/dict', 'system/dict/index', NULL, 2, 1, 'M', 0, NULL, 1, 0, '', 1, 1, '2025-04-30 13:56:46', '2025-04-30 13:56:46', NULL);
INSERT INTO `sa_system_menu` (`id`, `parent_id`, `level`, `name`, `code`, `icon`, `route`, `component`, `redirect`, `is_hidden`, `is_layout`, `type`, `generate_id`, `generate_key`, `status`, `sort`, `remark`, `created_by`, `updated_by`, `create_time`, `update_time`, `delete_time`) VALUES (2101, 2100, '0,2000,2100', '数据字典列表', '/core/dictType/index', NULL, NULL, NULL, NULL, 2, 1, 'B', 0, NULL, 1, 0, NULL, 1, 1, '2025-04-30 13:56:46', '2025-04-30 13:56:46', NULL);
INSERT INTO `sa_system_menu` (`id`, `parent_id`, `level`, `name`, `code`, `icon`, `route`, `component`, `redirect`, `is_hidden`, `is_layout`, `type`, `generate_id`, `generate_key`, `status`, `sort`, `remark`, `created_by`, `updated_by`, `create_time`, `update_time`, `delete_time`) VALUES (2102, 2100, '0,2000,2100', '数据字典保存', '/core/dictType/save', NULL, NULL, NULL, NULL, 2, 1, 'B', 0, NULL, 1, 0, NULL, 1, 1, '2025-04-30 13:56:46', '2025-04-30 13:56:46', NULL);
INSERT INTO `sa_system_menu` (`id`, `parent_id`, `level`, `name`, `code`, `icon`, `route`, `component`, `redirect`, `is_hidden`, `is_layout`, `type`, `generate_id`, `generate_key`, `status`, `sort`, `remark`, `created_by`, `updated_by`, `create_time`, `update_time`, `delete_time`) VALUES (2103, 2100, '0,2000,2100', '数据字典更新', '/core/dictType/update', NULL, NULL, NULL, NULL, 2, 1, 'B', 0, NULL, 1, 0, NULL, 1, 1, '2025-04-30 13:56:46', '2025-04-30 13:56:46', NULL);
INSERT INTO `sa_system_menu` (`id`, `parent_id`, `level`, `name`, `code`, `icon`, `route`, `component`, `redirect`, `is_hidden`, `is_layout`, `type`, `generate_id`, `generate_key`, `status`, `sort`, `remark`, `created_by`, `updated_by`, `create_time`, `update_time`, `delete_time`) VALUES (2104, 2100, '0,2000,2100', '数据字典删除', '/core/dictType/destroy', NULL, NULL, NULL, NULL, 2, 1, 'B', 0, NULL, 1, 0, NULL, 1, 1, '2025-04-30 13:56:46', '2025-04-30 13:56:46', NULL);
INSERT INTO `sa_system_menu` (`id`, `parent_id`, `level`, `name`, `code`, `icon`, `route`, `component`, `redirect`, `is_hidden`, `is_layout`, `type`, `generate_id`, `generate_key`, `status`, `sort`, `remark`, `created_by`, `updated_by`, `create_time`, `update_time`, `delete_time`) VALUES (2105, 2100, '0,2000,2100', '数据字典读取', '/core/dictType/read', NULL, NULL, NULL, NULL, 2, 1, 'B', 0, NULL, 1, 0, NULL, 1, 1, '2025-04-30 13:56:46', '2025-04-30 13:56:46', NULL);
INSERT INTO `sa_system_menu` (`id`, `parent_id`, `level`, `name`, `code`, `icon`, `route`, `component`, `redirect`, `is_hidden`, `is_layout`, `type`, `generate_id`, `generate_key`, `status`, `sort`, `remark`, `created_by`, `updated_by`, `create_time`, `update_time`, `delete_time`) VALUES (2106, 2100, '0,2000,2100', '字典状态改变', '/core/dictType/changeStatus', NULL, NULL, NULL, NULL, 2, 1, 'B', 0, NULL, 1, 0, NULL, 1, 1, '2025-04-30 13:56:46', '2025-04-30 13:56:46', NULL);
INSERT INTO `sa_system_menu` (`id`, `parent_id`, `level`, `name`, `code`, `icon`, `route`, `component`, `redirect`, `is_hidden`, `is_layout`, `type`, `generate_id`, `generate_key`, `status`, `sort`, `remark`, `created_by`, `updated_by`, `create_time`, `update_time`, `delete_time`) VALUES (2200, 2000, '0,2000', '附件管理', 'data/attachment', 'IconAttachment', 'data/attachment', 'system/attachment/index', NULL, 2, 1, 'M', 0, NULL, 1, 0, '', 1, 1, '2025-04-30 13:56:46', '2025-04-30 13:56:46', NULL);
INSERT INTO `sa_system_menu` (`id`, `parent_id`, `level`, `name`, `code`, `icon`, `route`, `component`, `redirect`, `is_hidden`, `is_layout`, `type`, `generate_id`, `generate_key`, `status`, `sort`, `remark`, `created_by`, `updated_by`, `create_time`, `update_time`, `delete_time`) VALUES (2201, 2200, '0,2000,2200', '附件删除', '/core/attachment/destroy', NULL, NULL, NULL, NULL, 2, 1, 'B', 0, NULL, 1, 0, NULL, 1, 1, '2025-04-30 13:56:46', '2025-04-30 13:56:46', NULL);
INSERT INTO `sa_system_menu` (`id`, `parent_id`, `level`, `name`, `code`, `icon`, `route`, `component`, `redirect`, `is_hidden`, `is_layout`, `type`, `generate_id`, `generate_key`, `status`, `sort`, `remark`, `created_by`, `updated_by`, `create_time`, `update_time`, `delete_time`) VALUES (2202, 2200, '0,2000,2200', '附件列表', '/core/attachment/index', NULL, NULL, NULL, NULL, 2, 1, 'B', 0, NULL, 1, 0, NULL, 1, 1, '2025-04-30 13:56:46', '2025-04-30 13:56:46', NULL);
INSERT INTO `sa_system_menu` (`id`, `parent_id`, `level`, `name`, `code`, `icon`, `route`, `component`, `redirect`, `is_hidden`, `is_layout`, `type`, `generate_id`, `generate_key`, `status`, `sort`, `remark`, `created_by`, `updated_by`, `create_time`, `update_time`, `delete_time`) VALUES (2300, 2000, '0,2000', '数据表维护', 'data/database', 'IconNav', 'data/database', 'system/database/index', NULL, 2, 1, 'M', 0, NULL, 1, 0, '', 1, 1, '2025-04-30 13:56:46', '2025-04-30 13:56:46', NULL);
INSERT INTO `sa_system_menu` (`id`, `parent_id`, `level`, `name`, `code`, `icon`, `route`, `component`, `redirect`, `is_hidden`, `is_layout`, `type`, `generate_id`, `generate_key`, `status`, `sort`, `remark`, `created_by`, `updated_by`, `create_time`, `update_time`, `delete_time`) VALUES (2301, 2300, '0,2000,2300', '数据表列表', '/core/database/index', '', '', '', NULL, 2, 1, 'B', 0, NULL, 1, 0, '', 1, 1, '2025-04-30 13:56:46', '2025-04-30 13:56:46', NULL);
INSERT INTO `sa_system_menu` (`id`, `parent_id`, `level`, `name`, `code`, `icon`, `route`, `component`, `redirect`, `is_hidden`, `is_layout`, `type`, `generate_id`, `generate_key`, `status`, `sort`, `remark`, `created_by`, `updated_by`, `create_time`, `update_time`, `delete_time`) VALUES (2302, 2300, '0,2000,2300', '数据表详细', '/core/database/detailed', '', '', '', NULL, 2, 1, 'B', 0, NULL, 1, 0, '', 1, 1, '2025-04-30 13:56:46', '2025-04-30 13:56:46', NULL);
INSERT INTO `sa_system_menu` (`id`, `parent_id`, `level`, `name`, `code`, `icon`, `route`, `component`, `redirect`, `is_hidden`, `is_layout`, `type`, `generate_id`, `generate_key`, `status`, `sort`, `remark`, `created_by`, `updated_by`, `create_time`, `update_time`, `delete_time`) VALUES (2303, 2300, '0,2000,2300', '数据表清理碎片', '/core/database/fragment', '', '', '', NULL, 2, 1, 'B', 0, NULL, 1, 0, '', 1, 1, '2025-04-30 13:56:46', '2025-04-30 13:56:46', NULL);
INSERT INTO `sa_system_menu` (`id`, `parent_id`, `level`, `name`, `code`, `icon`, `route`, `component`, `redirect`, `is_hidden`, `is_layout`, `type`, `generate_id`, `generate_key`, `status`, `sort`, `remark`, `created_by`, `updated_by`, `create_time`, `update_time`, `delete_time`) VALUES (2304, 2300, '0,2000,2300', '数据表优化', '/core/database/optimize', '', '', '', NULL, 2, 1, 'B', 0, NULL, 1, 0, '', 1, 1, '2025-04-30 13:56:46', '2025-04-30 13:56:46', NULL);
INSERT INTO `sa_system_menu` (`id`, `parent_id`, `level`, `name`, `code`, `icon`, `route`, `component`, `redirect`, `is_hidden`, `is_layout`, `type`, `generate_id`, `generate_key`, `status`, `sort`, `remark`, `created_by`, `updated_by`, `create_time`, `update_time`, `delete_time`) VALUES (2305, 2300, '0,2000,2300', '数据回收站', '/core/database/recycle', '', '', '', NULL, 2, 1, 'B', 0, NULL, 1, 0, '', 1, 1, '2025-04-30 13:56:46', '2025-04-30 13:56:46', NULL);
INSERT INTO `sa_system_menu` (`id`, `parent_id`, `level`, `name`, `code`, `icon`, `route`, `component`, `redirect`, `is_hidden`, `is_layout`, `type`, `generate_id`, `generate_key`, `status`, `sort`, `remark`, `created_by`, `updated_by`, `create_time`, `update_time`, `delete_time`) VALUES (2306, 2300, '0,2000,2300', '数据销毁', '/core/database/delete', '', '', '', NULL, 2, 1, 'B', 0, NULL, 1, 0, '', 1, 1, '2025-04-30 13:56:46', '2025-04-30 13:56:46', NULL);
INSERT INTO `sa_system_menu` (`id`, `parent_id`, `level`, `name`, `code`, `icon`, `route`, `component`, `redirect`, `is_hidden`, `is_layout`, `type`, `generate_id`, `generate_key`, `status`, `sort`, `remark`, `created_by`, `updated_by`, `create_time`, `update_time`, `delete_time`) VALUES (2307, 2300, '0,2000,2300', '数据恢复', '/core/database/recovery', '', '', '', NULL, 2, 1, 'B', 0, NULL, 1, 0, '', 1, 1, '2025-04-30 13:56:46', '2025-04-30 13:56:46', NULL);
INSERT INTO `sa_system_menu` (`id`, `parent_id`, `level`, `name`, `code`, `icon`, `route`, `component`, `redirect`, `is_hidden`, `is_layout`, `type`, `generate_id`, `generate_key`, `status`, `sort`, `remark`, `created_by`, `updated_by`, `create_time`, `update_time`, `delete_time`) VALUES (2700, 2000, '0,2000', '系统公告', 'data/notice', 'IconNotification', 'data/notice', 'system/notice/index', NULL, 2, 1, 'M', 0, NULL, 1, 0, '', 1, 1, '2025-04-30 13:56:46', '2025-04-30 13:56:46', NULL);
INSERT INTO `sa_system_menu` (`id`, `parent_id`, `level`, `name`, `code`, `icon`, `route`, `component`, `redirect`, `is_hidden`, `is_layout`, `type`, `generate_id`, `generate_key`, `status`, `sort`, `remark`, `created_by`, `updated_by`, `create_time`, `update_time`, `delete_time`) VALUES (2701, 2700, '0,2000,2700', '系统公告列表', '/core/notice/index', NULL, NULL, NULL, NULL, 2, 1, 'B', 0, NULL, 1, 0, NULL, 1, 1, '2025-04-30 13:56:46', '2025-04-30 13:56:46', NULL);
INSERT INTO `sa_system_menu` (`id`, `parent_id`, `level`, `name`, `code`, `icon`, `route`, `component`, `redirect`, `is_hidden`, `is_layout`, `type`, `generate_id`, `generate_key`, `status`, `sort`, `remark`, `created_by`, `updated_by`, `create_time`, `update_time`, `delete_time`) VALUES (2702, 2700, '0,2000,2700', '系统公告保存', '/core/notice/save', NULL, NULL, NULL, NULL, 2, 1, 'B', 0, NULL, 1, 0, NULL, 1, 1, '2025-04-30 13:56:46', '2025-04-30 13:56:46', NULL);
INSERT INTO `sa_system_menu` (`id`, `parent_id`, `level`, `name`, `code`, `icon`, `route`, `component`, `redirect`, `is_hidden`, `is_layout`, `type`, `generate_id`, `generate_key`, `status`, `sort`, `remark`, `created_by`, `updated_by`, `create_time`, `update_time`, `delete_time`) VALUES (2703, 2700, '0,2000,2700', '系统公告更新', '/core/notice/update', NULL, NULL, NULL, NULL, 2, 1, 'B', 0, NULL, 1, 0, NULL, 1, 1, '2025-04-30 13:56:46', '2025-04-30 13:56:46', NULL);
INSERT INTO `sa_system_menu` (`id`, `parent_id`, `level`, `name`, `code`, `icon`, `route`, `component`, `redirect`, `is_hidden`, `is_layout`, `type`, `generate_id`, `generate_key`, `status`, `sort`, `remark`, `created_by`, `updated_by`, `create_time`, `update_time`, `delete_time`) VALUES (2704, 2700, '0,2000,2700', '系统公告删除', '/core/notice/destroy', NULL, NULL, NULL, NULL, 2, 1, 'B', 0, NULL, 1, 0, NULL, 1, 1, '2025-04-30 13:56:46', '2025-04-30 13:56:46', NULL);
INSERT INTO `sa_system_menu` (`id`, `parent_id`, `level`, `name`, `code`, `icon`, `route`, `component`, `redirect`, `is_hidden`, `is_layout`, `type`, `generate_id`, `generate_key`, `status`, `sort`, `remark`, `created_by`, `updated_by`, `create_time`, `update_time`, `delete_time`) VALUES (2705, 2700, '0,2000,2700', '系统公告读取', '/core/notice/read', NULL, NULL, NULL, NULL, 2, 1, 'B', 0, NULL, 1, 0, NULL, 1, 1, '2025-04-30 13:56:46', '2025-04-30 13:56:46', NULL);
INSERT INTO `sa_system_menu` (`id`, `parent_id`, `level`, `name`, `code`, `icon`, `route`, `component`, `redirect`, `is_hidden`, `is_layout`, `type`, `generate_id`, `generate_key`, `status`, `sort`, `remark`, `created_by`, `updated_by`, `create_time`, `update_time`, `delete_time`) VALUES (3000, 0, '0', '监控', 'monitor', 'IconComputer', 'monitor', '', NULL, 2, 1, 'M', 0, NULL, 1, 0, '', 1, 1, '2025-04-30 13:56:46', '2025-04-30 13:56:46', NULL);
INSERT INTO `sa_system_menu` (`id`, `parent_id`, `level`, `name`, `code`, `icon`, `route`, `component`, `redirect`, `is_hidden`, `is_layout`, `type`, `generate_id`, `generate_key`, `status`, `sort`, `remark`, `created_by`, `updated_by`, `create_time`, `update_time`, `delete_time`) VALUES (3200, 3000, '0,3000', '服务监控', 'monitor/server', 'IconDashboard', 'monitor/server', 'system/monitor/server/index', NULL, 2, 1, 'M', 0, NULL, 1, 0, '', 1, 1, '2025-04-30 13:56:46', '2025-04-30 13:56:46', NULL);
INSERT INTO `sa_system_menu` (`id`, `parent_id`, `level`, `name`, `code`, `icon`, `route`, `component`, `redirect`, `is_hidden`, `is_layout`, `type`, `generate_id`, `generate_key`, `status`, `sort`, `remark`, `created_by`, `updated_by`, `create_time`, `update_time`, `delete_time`) VALUES (3300, 3000, '0,3000', '日志监控', 'monitor/logs', 'IconRobot', 'monitor/logs', '', NULL, 2, 1, 'M', 0, NULL, 1, 0, '', 1, 1, '2025-04-30 13:56:46', '2025-04-30 13:56:46', NULL);
INSERT INTO `sa_system_menu` (`id`, `parent_id`, `level`, `name`, `code`, `icon`, `route`, `component`, `redirect`, `is_hidden`, `is_layout`, `type`, `generate_id`, `generate_key`, `status`, `sort`, `remark`, `created_by`, `updated_by`, `create_time`, `update_time`, `delete_time`) VALUES (3400, 3300, '0,3000,3300', '登录日志', 'monitor/logs/loginLog', 'IconImport', 'monitor/logs/loginLog', 'system/logs/loginLog', NULL, 2, 1, 'M', 0, NULL, 1, 0, '', 1, 1, '2025-04-30 13:56:46', '2025-04-30 13:56:46', NULL);
INSERT INTO `sa_system_menu` (`id`, `parent_id`, `level`, `name`, `code`, `icon`, `route`, `component`, `redirect`, `is_hidden`, `is_layout`, `type`, `generate_id`, `generate_key`, `status`, `sort`, `remark`, `created_by`, `updated_by`, `create_time`, `update_time`, `delete_time`) VALUES (3401, 3400, '0,3000,3300,3400', '登录日志列表', '/core/logs/getLoginLogPageList', '', '', '', NULL, 2, 1, 'B', 0, NULL, 1, 0, '', 1, 1, '2025-04-30 13:56:46', '2025-04-30 13:56:46', NULL);
INSERT INTO `sa_system_menu` (`id`, `parent_id`, `level`, `name`, `code`, `icon`, `route`, `component`, `redirect`, `is_hidden`, `is_layout`, `type`, `generate_id`, `generate_key`, `status`, `sort`, `remark`, `created_by`, `updated_by`, `create_time`, `update_time`, `delete_time`) VALUES (3402, 3400, '0,3000,3200,3300', '登录日志删除', '/core/logs/deleteOperLog', NULL, NULL, NULL, NULL, 2, 1, 'B', 0, NULL, 1, 0, NULL, 1, 1, '2025-04-30 13:56:46', '2025-04-30 13:56:46', NULL);
INSERT INTO `sa_system_menu` (`id`, `parent_id`, `level`, `name`, `code`, `icon`, `route`, `component`, `redirect`, `is_hidden`, `is_layout`, `type`, `generate_id`, `generate_key`, `status`, `sort`, `remark`, `created_by`, `updated_by`, `create_time`, `update_time`, `delete_time`) VALUES (3500, 3300, '0,3000,3300', '操作日志', 'monitor/logs/operLog', 'IconInfoCircle', 'monitor/logs/operLog', 'system/logs/operLog', NULL, 2, 1, 'M', 0, NULL, 1, 0, '', 1, 1, '2025-04-30 13:56:46', '2025-04-30 13:56:46', NULL);
INSERT INTO `sa_system_menu` (`id`, `parent_id`, `level`, `name`, `code`, `icon`, `route`, `component`, `redirect`, `is_hidden`, `is_layout`, `type`, `generate_id`, `generate_key`, `status`, `sort`, `remark`, `created_by`, `updated_by`, `create_time`, `update_time`, `delete_time`) VALUES (3501, 3500, '0,3000,3300,3500', '操作日志列表', '/core/logs/getOperLogPageList', '', '', '', NULL, 2, 1, 'B', 0, NULL, 1, 0, '', 1, 1, '2025-04-30 13:56:46', '2025-04-30 13:56:46', NULL);
INSERT INTO `sa_system_menu` (`id`, `parent_id`, `level`, `name`, `code`, `icon`, `route`, `component`, `redirect`, `is_hidden`, `is_layout`, `type`, `generate_id`, `generate_key`, `status`, `sort`, `remark`, `created_by`, `updated_by`, `create_time`, `update_time`, `delete_time`) VALUES (3502, 3500, '0,3000,3200,3500', '操作日志删除', '/core/logs/deleteOperLog', NULL, NULL, NULL, NULL, 2, 1, 'B', 0, NULL, 1, 0, NULL, 1, 1, '2025-04-30 13:56:46', '2025-04-30 13:56:46', NULL);
INSERT INTO `sa_system_menu` (`id`, `parent_id`, `level`, `name`, `code`, `icon`, `route`, `component`, `redirect`, `is_hidden`, `is_layout`, `type`, `generate_id`, `generate_key`, `status`, `sort`, `remark`, `created_by`, `updated_by`, `create_time`, `update_time`, `delete_time`) VALUES (3600, 3000, '0,3000', '邮件记录', 'monitor/emailLog', 'IconEmail', 'monitor/emailLog', 'system/logs/emailLog', NULL, 2, 1, 'M', 0, NULL, 1, 0, '', 1, 1, '2025-04-30 13:56:46', '2025-04-30 13:56:46', NULL);
INSERT INTO `sa_system_menu` (`id`, `parent_id`, `level`, `name`, `code`, `icon`, `route`, `component`, `redirect`, `is_hidden`, `is_layout`, `type`, `generate_id`, `generate_key`, `status`, `sort`, `remark`, `created_by`, `updated_by`, `create_time`, `update_time`, `delete_time`) VALUES (3601, 3600, '0,3000,3600', '邮件记录删除', '/core/email/destroy', NULL, NULL, NULL, NULL, 2, 1, 'B', 0, NULL, 1, 0, NULL, 1, 1, '2025-04-30 13:56:46', '2025-04-30 13:56:46', NULL);
INSERT INTO `sa_system_menu` (`id`, `parent_id`, `level`, `name`, `code`, `icon`, `route`, `component`, `redirect`, `is_hidden`, `is_layout`, `type`, `generate_id`, `generate_key`, `status`, `sort`, `remark`, `created_by`, `updated_by`, `create_time`, `update_time`, `delete_time`) VALUES (3602, 3600, '0,3000,3600', '邮件记录列表', '/core/email/index', '', '', '', NULL, 2, 1, 'B', 0, NULL, 1, 0, '', 1, 1, '2025-04-30 13:56:46', '2025-04-30 13:56:46', NULL);
INSERT INTO `sa_system_menu` (`id`, `parent_id`, `level`, `name`, `code`, `icon`, `route`, `component`, `redirect`, `is_hidden`, `is_layout`, `type`, `generate_id`, `generate_key`, `status`, `sort`, `remark`, `created_by`, `updated_by`, `create_time`, `update_time`, `delete_time`) VALUES (3700, 3200, '0,3000,3200', '服务监控列表', '/core/system/monitor', '', '', '', NULL, 2, 1, 'B', 0, NULL, 1, 0, '', 1, 1, '2025-04-30 13:56:46', '2025-04-30 13:56:46', NULL);
INSERT INTO `sa_system_menu` (`id`, `parent_id`, `level`, `name`, `code`, `icon`, `route`, `component`, `redirect`, `is_hidden`, `is_layout`, `type`, `generate_id`, `generate_key`, `status`, `sort`, `remark`, `created_by`, `updated_by`, `create_time`, `update_time`, `delete_time`) VALUES (4000, 0, '0', '工具', 'tool', 'IconTool', 'tool', '', NULL, 2, 1, 'M', 0, NULL, 1, 0, '', 1, 1, '2025-04-30 13:56:46', '2025-04-30 13:56:46', NULL);
INSERT INTO `sa_system_menu` (`id`, `parent_id`, `level`, `name`, `code`, `icon`, `route`, `component`, `redirect`, `is_hidden`, `is_layout`, `type`, `generate_id`, `generate_key`, `status`, `sort`, `remark`, `created_by`, `updated_by`, `create_time`, `update_time`, `delete_time`) VALUES (4100, 4000, '0,4000', '代码生成器', 'tool/code', 'IconCodeSquare', 'tool/code', 'tool/code/index', NULL, 2, 1, 'M', 0, NULL, 1, 0, '', 1, 1, '2025-04-30 13:56:46', '2025-04-30 13:56:46', NULL);
INSERT INTO `sa_system_menu` (`id`, `parent_id`, `level`, `name`, `code`, `icon`, `route`, `component`, `redirect`, `is_hidden`, `is_layout`, `type`, `generate_id`, `generate_key`, `status`, `sort`, `remark`, `created_by`, `updated_by`, `create_time`, `update_time`, `delete_time`) VALUES (4101, 4100, '0,4000,4100', '代码生成列表', '/tool/code/index', '', '', '', NULL, 2, 1, 'B', 0, NULL, 1, 0, '', 1, 1, '2025-04-30 13:56:46', '2025-04-30 13:56:46', NULL);
INSERT INTO `sa_system_menu` (`id`, `parent_id`, `level`, `name`, `code`, `icon`, `route`, `component`, `redirect`, `is_hidden`, `is_layout`, `type`, `generate_id`, `generate_key`, `status`, `sort`, `remark`, `created_by`, `updated_by`, `create_time`, `update_time`, `delete_time`) VALUES (4102, 4100, '0,4000,4100', '功能操作', '/tool/code/access', '', '', '', NULL, 2, 1, 'B', 0, NULL, 1, 0, '', 1, 1, '2025-04-30 13:56:46', '2025-04-30 13:56:46', NULL);
INSERT INTO `sa_system_menu` (`id`, `parent_id`, `level`, `name`, `code`, `icon`, `route`, `component`, `redirect`, `is_hidden`, `is_layout`, `type`, `generate_id`, `generate_key`, `status`, `sort`, `remark`, `created_by`, `updated_by`, `create_time`, `update_time`, `delete_time`) VALUES (4200, 4000, '0,4000', '定时任务', 'tool/crontab', 'IconSchedule', 'tool/crontab', 'tool/crontab/index', NULL, 2, 1, 'M', 0, NULL, 1, 0, '', 1, 1, '2025-04-30 13:56:46', '2025-04-30 13:56:46', NULL);
INSERT INTO `sa_system_menu` (`id`, `parent_id`, `level`, `name`, `code`, `icon`, `route`, `component`, `redirect`, `is_hidden`, `is_layout`, `type`, `generate_id`, `generate_key`, `status`, `sort`, `remark`, `created_by`, `updated_by`, `create_time`, `update_time`, `delete_time`) VALUES (4201, 4200, '0,4000,4200', '定时任务列表', '/tool/crontab/index', '', '', '', NULL, 2, 1, 'B', 0, NULL, 1, 0, '', 1, 1, '2025-04-30 13:56:46', '2025-04-30 13:56:46', NULL);
INSERT INTO `sa_system_menu` (`id`, `parent_id`, `level`, `name`, `code`, `icon`, `route`, `component`, `redirect`, `is_hidden`, `is_layout`, `type`, `generate_id`, `generate_key`, `status`, `sort`, `remark`, `created_by`, `updated_by`, `create_time`, `update_time`, `delete_time`) VALUES (4202, 4200, '0,4000,4200', '定时任务保存', '/tool/crontab/save', '', '', '', NULL, 2, 1, 'B', 0, NULL, 1, 0, '', 1, 1, '2025-04-30 13:56:46', '2025-04-30 13:56:46', NULL);
INSERT INTO `sa_system_menu` (`id`, `parent_id`, `level`, `name`, `code`, `icon`, `route`, `component`, `redirect`, `is_hidden`, `is_layout`, `type`, `generate_id`, `generate_key`, `status`, `sort`, `remark`, `created_by`, `updated_by`, `create_time`, `update_time`, `delete_time`) VALUES (4203, 4200, '0,4000,4200', '定时任务更新', '/tool/crontab/update', '', '', '', NULL, 2, 1, 'B', 0, NULL, 1, 0, '', 1, 1, '2025-04-30 13:56:46', '2025-04-30 13:56:46', NULL);
INSERT INTO `sa_system_menu` (`id`, `parent_id`, `level`, `name`, `code`, `icon`, `route`, `component`, `redirect`, `is_hidden`, `is_layout`, `type`, `generate_id`, `generate_key`, `status`, `sort`, `remark`, `created_by`, `updated_by`, `create_time`, `update_time`, `delete_time`) VALUES (4204, 4200, '0,4000,4200', '定时任务删除', '/tool/crontab/destroy', '', '', '', NULL, 2, 1, 'B', 0, NULL, 1, 0, '', 1, 1, '2025-04-30 13:56:46', '2025-04-30 13:56:46', NULL);
INSERT INTO `sa_system_menu` (`id`, `parent_id`, `level`, `name`, `code`, `icon`, `route`, `component`, `redirect`, `is_hidden`, `is_layout`, `type`, `generate_id`, `generate_key`, `status`, `sort`, `remark`, `created_by`, `updated_by`, `create_time`, `update_time`, `delete_time`) VALUES (4205, 4200, '0,4000,4200', '定时任务读取', '/tool/crontab/read', '', '', '', NULL, 2, 1, 'B', 0, NULL, 1, 0, '', 1, 1, '2025-04-30 13:56:46', '2025-04-30 13:56:46', NULL);
INSERT INTO `sa_system_menu` (`id`, `parent_id`, `level`, `name`, `code`, `icon`, `route`, `component`, `redirect`, `is_hidden`, `is_layout`, `type`, `generate_id`, `generate_key`, `status`, `sort`, `remark`, `created_by`, `updated_by`, `create_time`, `update_time`, `delete_time`) VALUES (4206, 4200, '0,4000,4200', '定时任务状态修改', '/tool/crontab/changeStatus', '', '', '', NULL, 2, 1, 'B', 0, NULL, 1, 0, '', 1, 1, '2025-04-30 13:56:46', '2025-04-30 13:56:46', NULL);
INSERT INTO `sa_system_menu` (`id`, `parent_id`, `level`, `name`, `code`, `icon`, `route`, `component`, `redirect`, `is_hidden`, `is_layout`, `type`, `generate_id`, `generate_key`, `status`, `sort`, `remark`, `created_by`, `updated_by`, `create_time`, `update_time`, `delete_time`) VALUES (4207, 4200, '0,4000,4200', '定时任务执行', '/tool/crontab/run', '', '', '', NULL, 2, 1, 'B', 0, NULL, 1, 0, '', 1, 1, '2025-04-30 13:56:46', '2025-04-30 13:56:46', NULL);
INSERT INTO `sa_system_menu` (`id`, `parent_id`, `level`, `name`, `code`, `icon`, `route`, `component`, `redirect`, `is_hidden`, `is_layout`, `type`, `generate_id`, `generate_key`, `status`, `sort`, `remark`, `created_by`, `updated_by`, `create_time`, `update_time`, `delete_time`) VALUES (4208, 4200, '0,4000,4200', '定时任务日志删除', '/tool/crontab/deleteLog', '', '', '', NULL, 2, 1, 'B', 0, NULL, 1, 0, '', 1, 1, '2025-04-30 13:56:46', '2025-04-30 13:56:46', NULL);
INSERT INTO `sa_system_menu` (`id`, `parent_id`, `level`, `name`, `code`, `icon`, `route`, `component`, `redirect`, `is_hidden`, `is_layout`, `type`, `generate_id`, `generate_key`, `status`, `sort`, `remark`, `created_by`, `updated_by`, `create_time`, `update_time`, `delete_time`) VALUES (5000, 0, '0', '系统设置', 'config', 'IconSettings', 'config', 'system/config/index', NULL, 2, 1, 'M', 0, NULL, 1, 0, '', 1, 1, '2025-04-30 13:56:46', '2025-04-30 13:56:46', NULL);
INSERT INTO `sa_system_menu` (`id`, `parent_id`, `level`, `name`, `code`, `icon`, `route`, `component`, `redirect`, `is_hidden`, `is_layout`, `type`, `generate_id`, `generate_key`, `status`, `sort`, `remark`, `created_by`, `updated_by`, `create_time`, `update_time`, `delete_time`) VALUES (5001, 5000, '0,5000', '配置列表', '/core/config/index', NULL, NULL, NULL, NULL, 2, 1, 'B', 0, NULL, 1, 0, NULL, 1, 1, '2025-04-30 13:56:46', '2025-04-30 13:56:46', NULL);
INSERT INTO `sa_system_menu` (`id`, `parent_id`, `level`, `name`, `code`, `icon`, `route`, `component`, `redirect`, `is_hidden`, `is_layout`, `type`, `generate_id`, `generate_key`, `status`, `sort`, `remark`, `created_by`, `updated_by`, `create_time`, `update_time`, `delete_time`) VALUES (5002, 5000, '0,5000', '新增配置 ', '/core/config/save', NULL, NULL, NULL, NULL, 2, 1, 'B', 0, NULL, 1, 0, NULL, 1, 1, '2025-04-30 13:56:46', '2025-04-30 13:56:46', NULL);
INSERT INTO `sa_system_menu` (`id`, `parent_id`, `level`, `name`, `code`, `icon`, `route`, `component`, `redirect`, `is_hidden`, `is_layout`, `type`, `generate_id`, `generate_key`, `status`, `sort`, `remark`, `created_by`, `updated_by`, `create_time`, `update_time`, `delete_time`) VALUES (5003, 5000, '0,5000', '更新配置', '/core/config/update', NULL, NULL, NULL, NULL, 2, 1, 'B', 0, NULL, 1, 0, NULL, 1, 1, '2025-04-30 13:56:46', '2025-04-30 13:56:46', NULL);
INSERT INTO `sa_system_menu` (`id`, `parent_id`, `level`, `name`, `code`, `icon`, `route`, `component`, `redirect`, `is_hidden`, `is_layout`, `type`, `generate_id`, `generate_key`, `status`, `sort`, `remark`, `created_by`, `updated_by`, `create_time`, `update_time`, `delete_time`) VALUES (5004, 5000, '0,5000', '删除配置', '/core/config/destroy', NULL, NULL, NULL, NULL, 2, 1, 'B', 0, NULL, 1, 0, NULL, 1, 1, '2025-04-30 13:56:46', '2025-04-30 13:56:46', NULL);
INSERT INTO `sa_system_menu` (`id`, `parent_id`, `level`, `name`, `code`, `icon`, `route`, `component`, `redirect`, `is_hidden`, `is_layout`, `type`, `generate_id`, `generate_key`, `status`, `sort`, `remark`, `created_by`, `updated_by`, `create_time`, `update_time`, `delete_time`) VALUES (5005, 5000, '0,5000', '配置读取', '/core/config/read', '', '', '', NULL, 2, 1, 'B', 0, NULL, 1, 0, '', 1, 1, '2025-04-30 13:56:46', '2025-04-30 13:56:46', NULL);
INSERT INTO `sa_system_menu` (`id`, `parent_id`, `level`, `name`, `code`, `icon`, `route`, `component`, `redirect`, `is_hidden`, `is_layout`, `type`, `generate_id`, `generate_key`, `status`, `sort`, `remark`, `created_by`, `updated_by`, `create_time`, `update_time`, `delete_time`) VALUES (5100, 0, '0', '附加数据', 'addition', 'IconRelation', 'addition', '', NULL, 1, 1, 'M', 0, NULL, 2, 0, '', 1, 1, '2025-04-30 13:56:46', '2025-04-30 13:56:46', NULL);
INSERT INTO `sa_system_menu` (`id`, `parent_id`, `level`, `name`, `code`, `icon`, `route`, `component`, `redirect`, `is_hidden`, `is_layout`, `type`, `generate_id`, `generate_key`, `status`, `sort`, `remark`, `created_by`, `updated_by`, `create_time`, `update_time`, `delete_time`) VALUES (5101, 5100, '0,5100', '用户列表接口', '/core/system/getUserList', '', '', '', NULL, 2, 1, 'B', 0, NULL, 1, 0, '', 1, 1, '2025-04-30 13:56:46', '2025-04-30 13:56:46', NULL);
INSERT INTO `sa_system_menu` (`id`, `parent_id`, `level`, `name`, `code`, `icon`, `route`, `component`, `redirect`, `is_hidden`, `is_layout`, `type`, `generate_id`, `generate_key`, `status`, `sort`, `remark`, `created_by`, `updated_by`, `create_time`, `update_time`, `delete_time`) VALUES (5102, 5100, '0,5100', '用户信息接口', '/core/system/getUserInfoByIds', '', '', '', NULL, 2, 1, 'B', 0, NULL, 1, 0, '', 1, 1, '2025-04-30 13:56:46', '2025-04-30 13:56:46', NULL);
INSERT INTO `sa_system_menu` (`id`, `parent_id`, `level`, `name`, `code`, `icon`, `route`, `component`, `redirect`, `is_hidden`, `is_layout`, `type`, `generate_id`, `generate_key`, `status`, `sort`, `remark`, `created_by`, `updated_by`, `create_time`, `update_time`, `delete_time`) VALUES (6000, 0, '0', 'SAICODE', 'saicode', 'IconCode', 'saicode', NULL, NULL, 2, 1, 'M', 0, NULL, 1, 1, NULL, 1, 1, '2025-06-05 23:21:23', '2025-06-05 23:21:23', NULL);
INSERT INTO `sa_system_menu` (`id`, `parent_id`, `level`, `name`, `code`, `icon`, `route`, `component`, `redirect`, `is_hidden`, `is_layout`, `type`, `generate_id`, `generate_key`, `status`, `sort`, `remark`, `created_by`, `updated_by`, `create_time`, `update_time`, `delete_time`) VALUES (6001, 6000, '0,6000', '代码生成', 'app/saicode/index', 'IconComputer', 'app/saicode/index', 'saicode/index', NULL, 2, 1, 'M', 0, NULL, 1, 0, NULL, 1, 1, '2025-06-05 23:21:23', '2025-06-05 23:21:23', NULL);
INSERT INTO `sa_system_menu` (`id`, `parent_id`, `level`, `name`, `code`, `icon`, `route`, `component`, `redirect`, `is_hidden`, `is_layout`, `type`, `generate_id`, `generate_key`, `status`, `sort`, `remark`, `created_by`, `updated_by`, `create_time`, `update_time`, `delete_time`) VALUES (6002, 0, '0,0', '用户管理', 'api/user', 'icon-home', 'api/user', 'api/user/index', NULL, 2, 1, 'M', 2, NULL, 1, 0, NULL, 1, 1, '2025-06-06 08:33:43', '2025-06-06 08:33:43', NULL);
INSERT INTO `sa_system_menu` (`id`, `parent_id`, `level`, `name`, `code`, `icon`, `route`, `component`, `redirect`, `is_hidden`, `is_layout`, `type`, `generate_id`, `generate_key`, `status`, `sort`, `remark`, `created_by`, `updated_by`, `create_time`, `update_time`, `delete_time`) VALUES (6003, 6002, '0,6002', '用户管理列表', '/api/User/index', NULL, NULL, NULL, NULL, 1, 1, 'B', 0, 'index', 1, 0, NULL, 1, 1, '2025-06-06 08:33:43', '2025-06-06 08:33:43', NULL);
INSERT INTO `sa_system_menu` (`id`, `parent_id`, `level`, `name`, `code`, `icon`, `route`, `component`, `redirect`, `is_hidden`, `is_layout`, `type`, `generate_id`, `generate_key`, `status`, `sort`, `remark`, `created_by`, `updated_by`, `create_time`, `update_time`, `delete_time`) VALUES (6004, 6002, '0,6002', '用户管理保存', '/api/User/save', NULL, NULL, NULL, NULL, 1, 1, 'B', 0, 'save', 1, 0, NULL, 1, 1, '2025-06-06 08:33:43', '2025-06-06 08:33:43', NULL);
INSERT INTO `sa_system_menu` (`id`, `parent_id`, `level`, `name`, `code`, `icon`, `route`, `component`, `redirect`, `is_hidden`, `is_layout`, `type`, `generate_id`, `generate_key`, `status`, `sort`, `remark`, `created_by`, `updated_by`, `create_time`, `update_time`, `delete_time`) VALUES (6005, 6002, '0,6002', '用户管理更新', '/api/User/update', NULL, NULL, NULL, NULL, 1, 1, 'B', 0, 'update', 1, 0, NULL, 1, 1, '2025-06-06 08:33:43', '2025-06-06 08:33:43', NULL);
INSERT INTO `sa_system_menu` (`id`, `parent_id`, `level`, `name`, `code`, `icon`, `route`, `component`, `redirect`, `is_hidden`, `is_layout`, `type`, `generate_id`, `generate_key`, `status`, `sort`, `remark`, `created_by`, `updated_by`, `create_time`, `update_time`, `delete_time`) VALUES (6006, 6002, '0,6002', '用户管理读取', '/api/User/read', NULL, NULL, NULL, NULL, 1, 1, 'B', 0, 'read', 1, 0, NULL, 1, 1, '2025-06-06 08:33:43', '2025-06-06 08:33:43', NULL);
INSERT INTO `sa_system_menu` (`id`, `parent_id`, `level`, `name`, `code`, `icon`, `route`, `component`, `redirect`, `is_hidden`, `is_layout`, `type`, `generate_id`, `generate_key`, `status`, `sort`, `remark`, `created_by`, `updated_by`, `create_time`, `update_time`, `delete_time`) VALUES (6007, 6002, '0,6002', '用户管理删除', '/api/User/destroy', NULL, NULL, NULL, NULL, 1, 1, 'B', 0, 'destroy', 1, 0, NULL, 1, 1, '2025-06-06 08:33:43', '2025-06-06 08:33:43', NULL);
INSERT INTO `sa_system_menu` (`id`, `parent_id`, `level`, `name`, `code`, `icon`, `route`, `component`, `redirect`, `is_hidden`, `is_layout`, `type`, `generate_id`, `generate_key`, `status`, `sort`, `remark`, `created_by`, `updated_by`, `create_time`, `update_time`, `delete_time`) VALUES (6008, 6002, '0,6002', '用户管理修改状态', '/api/User/changeStatus', NULL, NULL, NULL, NULL, 1, 1, 'B', 0, 'changeStatus', 1, 0, NULL, 1, 1, '2025-06-06 08:33:43', '2025-06-06 08:33:43', NULL);
INSERT INTO `sa_system_menu` (`id`, `parent_id`, `level`, `name`, `code`, `icon`, `route`, `component`, `redirect`, `is_hidden`, `is_layout`, `type`, `generate_id`, `generate_key`, `status`, `sort`, `remark`, `created_by`, `updated_by`, `create_time`, `update_time`, `delete_time`) VALUES (6009, 6002, '0,6002', '用户管理导出', '/api/User/export', NULL, NULL, NULL, NULL, 1, 1, 'B', 0, 'export', 1, 0, NULL, 1, 1, '2025-06-06 08:33:43', '2025-06-06 08:33:43', NULL);
INSERT INTO `sa_system_menu` (`id`, `parent_id`, `level`, `name`, `code`, `icon`, `route`, `component`, `redirect`, `is_hidden`, `is_layout`, `type`, `generate_id`, `generate_key`, `status`, `sort`, `remark`, `created_by`, `updated_by`, `create_time`, `update_time`, `delete_time`) VALUES (6010, 0, '0,0', '任务管理', 'api/task', 'icon-home', 'api/task', 'api/task/index', NULL, 2, 1, 'M', 3, NULL, 1, 0, NULL, 1, 1, '2025-06-06 08:49:35', '2025-06-06 08:49:35', NULL);
INSERT INTO `sa_system_menu` (`id`, `parent_id`, `level`, `name`, `code`, `icon`, `route`, `component`, `redirect`, `is_hidden`, `is_layout`, `type`, `generate_id`, `generate_key`, `status`, `sort`, `remark`, `created_by`, `updated_by`, `create_time`, `update_time`, `delete_time`) VALUES (6011, 6010, '0,6010', '任务管理列表', '/api/Task/index', NULL, NULL, NULL, NULL, 1, 1, 'B', 0, 'index', 1, 0, NULL, 1, 1, '2025-06-06 08:49:35', '2025-06-06 08:49:35', NULL);
INSERT INTO `sa_system_menu` (`id`, `parent_id`, `level`, `name`, `code`, `icon`, `route`, `component`, `redirect`, `is_hidden`, `is_layout`, `type`, `generate_id`, `generate_key`, `status`, `sort`, `remark`, `created_by`, `updated_by`, `create_time`, `update_time`, `delete_time`) VALUES (6012, 6010, '0,6010', '任务管理保存', '/api/Task/save', NULL, NULL, NULL, NULL, 1, 1, 'B', 0, 'save', 1, 0, NULL, 1, 1, '2025-06-06 08:49:35', '2025-06-06 08:49:35', NULL);
INSERT INTO `sa_system_menu` (`id`, `parent_id`, `level`, `name`, `code`, `icon`, `route`, `component`, `redirect`, `is_hidden`, `is_layout`, `type`, `generate_id`, `generate_key`, `status`, `sort`, `remark`, `created_by`, `updated_by`, `create_time`, `update_time`, `delete_time`) VALUES (6013, 6010, '0,6010', '任务管理更新', '/api/Task/update', NULL, NULL, NULL, NULL, 1, 1, 'B', 0, 'update', 1, 0, NULL, 1, 1, '2025-06-06 08:49:35', '2025-06-06 08:49:35', NULL);
INSERT INTO `sa_system_menu` (`id`, `parent_id`, `level`, `name`, `code`, `icon`, `route`, `component`, `redirect`, `is_hidden`, `is_layout`, `type`, `generate_id`, `generate_key`, `status`, `sort`, `remark`, `created_by`, `updated_by`, `create_time`, `update_time`, `delete_time`) VALUES (6014, 6010, '0,6010', '任务管理读取', '/api/Task/read', NULL, NULL, NULL, NULL, 1, 1, 'B', 0, 'read', 1, 0, NULL, 1, 1, '2025-06-06 08:49:35', '2025-06-06 08:49:35', NULL);
INSERT INTO `sa_system_menu` (`id`, `parent_id`, `level`, `name`, `code`, `icon`, `route`, `component`, `redirect`, `is_hidden`, `is_layout`, `type`, `generate_id`, `generate_key`, `status`, `sort`, `remark`, `created_by`, `updated_by`, `create_time`, `update_time`, `delete_time`) VALUES (6015, 6010, '0,6010', '任务管理删除', '/api/Task/destroy', NULL, NULL, NULL, NULL, 1, 1, 'B', 0, 'destroy', 1, 0, NULL, 1, 1, '2025-06-06 08:49:35', '2025-06-06 08:49:35', NULL);
INSERT INTO `sa_system_menu` (`id`, `parent_id`, `level`, `name`, `code`, `icon`, `route`, `component`, `redirect`, `is_hidden`, `is_layout`, `type`, `generate_id`, `generate_key`, `status`, `sort`, `remark`, `created_by`, `updated_by`, `create_time`, `update_time`, `delete_time`) VALUES (6016, 0, '0,0', '任务详情', 'api/taskinfo', 'icon-home', 'api/taskinfo', 'api/taskinfo/index', NULL, 2, 1, 'M', 4, NULL, 1, 0, NULL, 1, 1, '2025-06-06 09:29:15', '2025-06-06 09:29:15', NULL);
INSERT INTO `sa_system_menu` (`id`, `parent_id`, `level`, `name`, `code`, `icon`, `route`, `component`, `redirect`, `is_hidden`, `is_layout`, `type`, `generate_id`, `generate_key`, `status`, `sort`, `remark`, `created_by`, `updated_by`, `create_time`, `update_time`, `delete_time`) VALUES (6017, 6016, '0,6016', '任务详情列表', '/api/TaskInfo/index', NULL, NULL, NULL, NULL, 1, 1, 'B', 0, 'index', 1, 0, NULL, 1, 1, '2025-06-06 09:29:15', '2025-06-06 09:29:15', NULL);
INSERT INTO `sa_system_menu` (`id`, `parent_id`, `level`, `name`, `code`, `icon`, `route`, `component`, `redirect`, `is_hidden`, `is_layout`, `type`, `generate_id`, `generate_key`, `status`, `sort`, `remark`, `created_by`, `updated_by`, `create_time`, `update_time`, `delete_time`) VALUES (6018, 6016, '0,6016', '任务详情保存', '/api/TaskInfo/save', NULL, NULL, NULL, NULL, 1, 1, 'B', 0, 'save', 1, 0, NULL, 1, 1, '2025-06-06 09:29:15', '2025-06-06 09:29:15', NULL);
INSERT INTO `sa_system_menu` (`id`, `parent_id`, `level`, `name`, `code`, `icon`, `route`, `component`, `redirect`, `is_hidden`, `is_layout`, `type`, `generate_id`, `generate_key`, `status`, `sort`, `remark`, `created_by`, `updated_by`, `create_time`, `update_time`, `delete_time`) VALUES (6019, 6016, '0,6016', '任务详情更新', '/api/TaskInfo/update', NULL, NULL, NULL, NULL, 1, 1, 'B', 0, 'update', 1, 0, NULL, 1, 1, '2025-06-06 09:29:15', '2025-06-06 09:29:15', NULL);
INSERT INTO `sa_system_menu` (`id`, `parent_id`, `level`, `name`, `code`, `icon`, `route`, `component`, `redirect`, `is_hidden`, `is_layout`, `type`, `generate_id`, `generate_key`, `status`, `sort`, `remark`, `created_by`, `updated_by`, `create_time`, `update_time`, `delete_time`) VALUES (6020, 6016, '0,6016', '任务详情读取', '/api/TaskInfo/read', NULL, NULL, NULL, NULL, 1, 1, 'B', 0, 'read', 1, 0, NULL, 1, 1, '2025-06-06 09:29:15', '2025-06-06 09:29:15', NULL);
INSERT INTO `sa_system_menu` (`id`, `parent_id`, `level`, `name`, `code`, `icon`, `route`, `component`, `redirect`, `is_hidden`, `is_layout`, `type`, `generate_id`, `generate_key`, `status`, `sort`, `remark`, `created_by`, `updated_by`, `create_time`, `update_time`, `delete_time`) VALUES (6021, 6016, '0,6016', '任务详情删除', '/api/TaskInfo/destroy', NULL, NULL, NULL, NULL, 1, 1, 'B', 0, 'destroy', 1, 0, NULL, 1, 1, '2025-06-06 09:29:15', '2025-06-06 09:29:15', NULL);
INSERT INTO `sa_system_menu` (`id`, `parent_id`, `level`, `name`, `code`, `icon`, `route`, `component`, `redirect`, `is_hidden`, `is_layout`, `type`, `generate_id`, `generate_key`, `status`, `sort`, `remark`, `created_by`, `updated_by`, `create_time`, `update_time`, `delete_time`) VALUES (6022, 6010, '0,6010', '任务管理导出', '/api/Task/export', NULL, NULL, NULL, NULL, 1, 1, 'B', 0, 'export', 1, 0, NULL, 1, 1, '2025-06-06 09:34:50', '2025-06-06 09:34:50', NULL);
INSERT INTO `sa_system_menu` (`id`, `parent_id`, `level`, `name`, `code`, `icon`, `route`, `component`, `redirect`, `is_hidden`, `is_layout`, `type`, `generate_id`, `generate_key`, `status`, `sort`, `remark`, `created_by`, `updated_by`, `create_time`, `update_time`, `delete_time`) VALUES (6023, 6016, '0,6016', '任务详情导出', '/api/TaskInfo/export', NULL, NULL, NULL, NULL, 1, 1, 'B', 0, 'export', 1, 0, NULL, 1, 1, '2025-06-06 09:34:56', '2025-06-06 09:34:56', NULL);
INSERT INTO `sa_system_menu` (`id`, `parent_id`, `level`, `name`, `code`, `icon`, `route`, `component`, `redirect`, `is_hidden`, `is_layout`, `type`, `generate_id`, `generate_key`, `status`, `sort`, `remark`, `created_by`, `updated_by`, `create_time`, `update_time`, `delete_time`) VALUES (6024, 0, '0,0', '日志记录', 'api/ailog', 'icon-home', 'api/ailog', 'api/ailog/index', NULL, 2, 1, 'M', 5, NULL, 1, 0, NULL, 1, 1, '2025-06-15 16:15:56', '2025-06-15 16:15:56', NULL);
INSERT INTO `sa_system_menu` (`id`, `parent_id`, `level`, `name`, `code`, `icon`, `route`, `component`, `redirect`, `is_hidden`, `is_layout`, `type`, `generate_id`, `generate_key`, `status`, `sort`, `remark`, `created_by`, `updated_by`, `create_time`, `update_time`, `delete_time`) VALUES (6025, 6024, '0,6024', '日志记录列表', '/api/AiLog/index', NULL, NULL, NULL, NULL, 1, 1, 'B', 0, 'index', 1, 0, NULL, 1, 1, '2025-06-15 16:15:56', '2025-06-15 16:15:56', NULL);
INSERT INTO `sa_system_menu` (`id`, `parent_id`, `level`, `name`, `code`, `icon`, `route`, `component`, `redirect`, `is_hidden`, `is_layout`, `type`, `generate_id`, `generate_key`, `status`, `sort`, `remark`, `created_by`, `updated_by`, `create_time`, `update_time`, `delete_time`) VALUES (6026, 6024, '0,6024', '日志记录保存', '/api/AiLog/save', NULL, NULL, NULL, NULL, 1, 1, 'B', 0, 'save', 1, 0, NULL, 1, 1, '2025-06-15 16:15:56', '2025-06-15 16:15:56', NULL);
INSERT INTO `sa_system_menu` (`id`, `parent_id`, `level`, `name`, `code`, `icon`, `route`, `component`, `redirect`, `is_hidden`, `is_layout`, `type`, `generate_id`, `generate_key`, `status`, `sort`, `remark`, `created_by`, `updated_by`, `create_time`, `update_time`, `delete_time`) VALUES (6027, 6024, '0,6024', '日志记录更新', '/api/AiLog/update', NULL, NULL, NULL, NULL, 1, 1, 'B', 0, 'update', 1, 0, NULL, 1, 1, '2025-06-15 16:15:56', '2025-06-15 16:15:56', NULL);
INSERT INTO `sa_system_menu` (`id`, `parent_id`, `level`, `name`, `code`, `icon`, `route`, `component`, `redirect`, `is_hidden`, `is_layout`, `type`, `generate_id`, `generate_key`, `status`, `sort`, `remark`, `created_by`, `updated_by`, `create_time`, `update_time`, `delete_time`) VALUES (6028, 6024, '0,6024', '日志记录读取', '/api/AiLog/read', NULL, NULL, NULL, NULL, 1, 1, 'B', 0, 'read', 1, 0, NULL, 1, 1, '2025-06-15 16:15:56', '2025-06-15 16:15:56', NULL);
INSERT INTO `sa_system_menu` (`id`, `parent_id`, `level`, `name`, `code`, `icon`, `route`, `component`, `redirect`, `is_hidden`, `is_layout`, `type`, `generate_id`, `generate_key`, `status`, `sort`, `remark`, `created_by`, `updated_by`, `create_time`, `update_time`, `delete_time`) VALUES (6029, 6024, '0,6024', '日志记录删除', '/api/AiLog/destroy', NULL, NULL, NULL, NULL, 1, 1, 'B', 0, 'destroy', 1, 0, NULL, 1, 1, '2025-06-15 16:15:56', '2025-06-15 16:15:56', NULL);
COMMIT;

-- ----------------------------
-- Table structure for sa_system_notice
-- ----------------------------
DROP TABLE IF EXISTS `sa_system_notice`;
CREATE TABLE `sa_system_notice` (
  `id` int unsigned NOT NULL AUTO_INCREMENT COMMENT '主键',
  `message_id` int DEFAULT NULL COMMENT '消息ID',
  `title` varchar(255) DEFAULT NULL COMMENT '标题',
  `type` smallint DEFAULT NULL COMMENT '公告类型(1通知 2公告)',
  `content` text COMMENT '公告内容',
  `click_num` int DEFAULT '0' COMMENT '浏览次数',
  `remark` varchar(255) DEFAULT NULL COMMENT '备注',
  `created_by` int DEFAULT NULL COMMENT '创建人',
  `updated_by` int DEFAULT NULL COMMENT '更新人',
  `create_time` datetime DEFAULT NULL COMMENT '创建时间',
  `update_time` datetime DEFAULT NULL COMMENT '修改时间',
  `delete_time` datetime DEFAULT NULL COMMENT '删除时间',
  PRIMARY KEY (`id`) USING BTREE,
  KEY `message_id` (`message_id`) USING BTREE
) ENGINE=InnoDB AUTO_INCREMENT=2 DEFAULT CHARSET=utf8mb4 COLLATE=utf8mb4_0900_ai_ci ROW_FORMAT=DYNAMIC COMMENT='系统公告表';

-- ----------------------------
-- Records of sa_system_notice
-- ----------------------------
BEGIN;
INSERT INTO `sa_system_notice` (`id`, `message_id`, `title`, `type`, `content`, `click_num`, `remark`, `created_by`, `updated_by`, `create_time`, `update_time`, `delete_time`) VALUES (1, NULL, '欢迎使用SaiAdmin', 1, '<p>saiadmin是一款基于vue3 + webman 的极速开发框架，前端开发采用JavaScript，后端采用PHP</p>', 0, '', 1, 1, '2024-01-20 15:55:36', '2025-04-04 23:27:30', NULL);
COMMIT;

-- ----------------------------
-- Table structure for sa_system_oper_log
-- ----------------------------
DROP TABLE IF EXISTS `sa_system_oper_log`;
CREATE TABLE `sa_system_oper_log` (
  `id` bigint unsigned NOT NULL AUTO_INCREMENT COMMENT '主键',
  `username` varchar(20) DEFAULT NULL COMMENT '用户名',
  `app` varchar(50) DEFAULT NULL COMMENT '应用名称',
  `method` varchar(20) DEFAULT NULL COMMENT '请求方式',
  `router` varchar(500) DEFAULT NULL COMMENT '请求路由',
  `service_name` varchar(30) DEFAULT NULL COMMENT '业务名称',
  `ip` varchar(45) DEFAULT NULL COMMENT '请求IP地址',
  `ip_location` varchar(255) DEFAULT NULL COMMENT 'IP所属地',
  `request_data` text COMMENT '请求数据',
  `remark` varchar(255) DEFAULT NULL COMMENT '备注',
  `created_by` int DEFAULT NULL COMMENT '创建者',
  `updated_by` int DEFAULT NULL COMMENT '更新者',
  `create_time` datetime DEFAULT NULL COMMENT '创建时间',
  `update_time` datetime DEFAULT NULL COMMENT '更新时间',
  `delete_time` datetime DEFAULT NULL COMMENT '删除时间',
  PRIMARY KEY (`id`) USING BTREE,
  KEY `username` (`username`) USING BTREE
) ENGINE=InnoDB AUTO_INCREMENT=50 DEFAULT CHARSET=utf8mb4 COLLATE=utf8mb4_0900_ai_ci ROW_FORMAT=DYNAMIC COMMENT='操作日志表';

-- ----------------------------
-- Records of sa_system_oper_log
-- ----------------------------
BEGIN;
INSERT INTO `sa_system_oper_log` (`id`, `username`, `app`, `method`, `router`, `service_name`, `ip`, `ip_location`, `request_data`, `remark`, `created_by`, `updated_by`, `create_time`, `update_time`, `delete_time`) VALUES (8, 'admin', 'saiadmin', 'POST', '/core/dicttype/save', '数据字典保存', '127.0.0.1', '内网IP', '{\"name\":\"用户角色\",\"code\":\"user_type\",\"status\":1,\"remark\":\"\"}', NULL, 1, 1, '2025-06-06 08:31:39', '2025-06-06 08:31:39', NULL);
INSERT INTO `sa_system_oper_log` (`id`, `username`, `app`, `method`, `router`, `service_name`, `ip`, `ip_location`, `request_data`, `remark`, `created_by`, `updated_by`, `create_time`, `update_time`, `delete_time`) VALUES (9, 'admin', 'saiadmin', 'POST', '/core/dictdata/save', '未命名业务', '127.0.0.1', '内网IP', '{\"type_id\":17,\"code\":\"user_type\",\"label\":\"管理员\",\"value\":\"1\",\"status\":1,\"sort\":100,\"remark\":\"\"}', NULL, 1, 1, '2025-06-06 08:31:56', '2025-06-06 08:31:56', NULL);
INSERT INTO `sa_system_oper_log` (`id`, `username`, `app`, `method`, `router`, `service_name`, `ip`, `ip_location`, `request_data`, `remark`, `created_by`, `updated_by`, `create_time`, `update_time`, `delete_time`) VALUES (10, 'admin', 'saiadmin', 'POST', '/core/dictdata/save', '未命名业务', '127.0.0.1', '内网IP', '{\"type_id\":17,\"code\":\"user_type\",\"label\":\"普通用户\",\"value\":\"2\",\"status\":1,\"sort\":100,\"remark\":\"\"}', NULL, 1, 1, '2025-06-06 08:32:03', '2025-06-06 08:32:03', NULL);
INSERT INTO `sa_system_oper_log` (`id`, `username`, `app`, `method`, `router`, `service_name`, `ip`, `ip_location`, `request_data`, `remark`, `created_by`, `updated_by`, `create_time`, `update_time`, `delete_time`) VALUES (11, 'admin', 'saiadmin', 'POST', '/core/dicttype/save', '数据字典保存', '127.0.0.1', '内网IP', '{\"name\":\"总任务状态\",\"code\":\"task_type\",\"status\":1,\"remark\":\"\"}', NULL, 1, 1, '2025-06-06 08:40:24', '2025-06-06 08:40:24', NULL);
INSERT INTO `sa_system_oper_log` (`id`, `username`, `app`, `method`, `router`, `service_name`, `ip`, `ip_location`, `request_data`, `remark`, `created_by`, `updated_by`, `create_time`, `update_time`, `delete_time`) VALUES (12, 'admin', 'saiadmin', 'POST', '/core/dictdata/save', '未命名业务', '127.0.0.1', '内网IP', '{\"type_id\":18,\"code\":\"task_type\",\"label\":\"空任务\",\"value\":\"1\",\"status\":1,\"sort\":100,\"remark\":\"\"}', NULL, 1, 1, '2025-06-06 08:40:33', '2025-06-06 08:40:33', NULL);
INSERT INTO `sa_system_oper_log` (`id`, `username`, `app`, `method`, `router`, `service_name`, `ip`, `ip_location`, `request_data`, `remark`, `created_by`, `updated_by`, `create_time`, `update_time`, `delete_time`) VALUES (13, 'admin', 'saiadmin', 'POST', '/core/dictdata/save', '未命名业务', '127.0.0.1', '内网IP', '{\"type_id\":18,\"code\":\"task_type\",\"label\":\"已检测\",\"value\":\"2\",\"status\":1,\"sort\":100,\"remark\":\"\"}', NULL, 1, 1, '2025-06-06 08:40:41', '2025-06-06 08:40:41', NULL);
INSERT INTO `sa_system_oper_log` (`id`, `username`, `app`, `method`, `router`, `service_name`, `ip`, `ip_location`, `request_data`, `remark`, `created_by`, `updated_by`, `create_time`, `update_time`, `delete_time`) VALUES (14, 'admin', 'saiadmin', 'POST', '/core/dictdata/save', '未命名业务', '127.0.0.1', '内网IP', '{\"type_id\":18,\"code\":\"task_type\",\"label\":\"已转写\",\"value\":\"3\",\"status\":1,\"sort\":100,\"remark\":\"\"}', NULL, 1, 1, '2025-06-06 08:40:51', '2025-06-06 08:40:51', NULL);
INSERT INTO `sa_system_oper_log` (`id`, `username`, `app`, `method`, `router`, `service_name`, `ip`, `ip_location`, `request_data`, `remark`, `created_by`, `updated_by`, `create_time`, `update_time`, `delete_time`) VALUES (15, 'admin', 'saiadmin', 'POST', '/core/dictdata/save', '未命名业务', '127.0.0.1', '内网IP', '{\"type_id\":18,\"code\":\"task_type\",\"label\":\"处理中\",\"value\":\"4\",\"status\":1,\"sort\":100,\"remark\":\"\"}', NULL, 1, 1, '2025-06-06 08:41:00', '2025-06-06 08:41:00', NULL);
INSERT INTO `sa_system_oper_log` (`id`, `username`, `app`, `method`, `router`, `service_name`, `ip`, `ip_location`, `request_data`, `remark`, `created_by`, `updated_by`, `create_time`, `update_time`, `delete_time`) VALUES (16, 'admin', 'saiadmin', 'POST', '/core/dictdata/save', '未命名业务', '127.0.0.1', '内网IP', '{\"type_id\":18,\"code\":\"task_type\",\"label\":\"暂停中\",\"value\":\"5\",\"status\":1,\"sort\":100,\"remark\":\"\"}', NULL, 1, 1, '2025-06-06 08:41:07', '2025-06-06 08:41:07', NULL);
INSERT INTO `sa_system_oper_log` (`id`, `username`, `app`, `method`, `router`, `service_name`, `ip`, `ip_location`, `request_data`, `remark`, `created_by`, `updated_by`, `create_time`, `update_time`, `delete_time`) VALUES (17, 'admin', 'saiadmin', 'POST', '/core/dicttype/save', '数据字典保存', '127.0.0.1', '内网IP', '{\"name\":\"文件类型\",\"code\":\"file_type\",\"status\":1,\"remark\":\"\"}', NULL, 1, 1, '2025-06-06 09:27:47', '2025-06-06 09:27:47', NULL);
INSERT INTO `sa_system_oper_log` (`id`, `username`, `app`, `method`, `router`, `service_name`, `ip`, `ip_location`, `request_data`, `remark`, `created_by`, `updated_by`, `create_time`, `update_time`, `delete_time`) VALUES (18, 'admin', 'saiadmin', 'POST', '/core/dictdata/save', '未命名业务', '127.0.0.1', '内网IP', '{\"type_id\":19,\"code\":\"file_type\",\"label\":\"音频\",\"value\":\"1\",\"status\":1,\"sort\":100,\"remark\":\"\"}', NULL, 1, 1, '2025-06-06 09:27:55', '2025-06-06 09:27:55', NULL);
INSERT INTO `sa_system_oper_log` (`id`, `username`, `app`, `method`, `router`, `service_name`, `ip`, `ip_location`, `request_data`, `remark`, `created_by`, `updated_by`, `create_time`, `update_time`, `delete_time`) VALUES (19, 'admin', 'saiadmin', 'POST', '/core/dictdata/save', '未命名业务', '127.0.0.1', '内网IP', '{\"type_id\":19,\"code\":\"file_type\",\"label\":\"视频\",\"value\":\"2\",\"status\":1,\"sort\":100,\"remark\":\"\"}', NULL, 1, 1, '2025-06-06 09:27:59', '2025-06-06 09:27:59', NULL);
INSERT INTO `sa_system_oper_log` (`id`, `username`, `app`, `method`, `router`, `service_name`, `ip`, `ip_location`, `request_data`, `remark`, `created_by`, `updated_by`, `create_time`, `update_time`, `delete_time`) VALUES (20, 'admin', 'saiadmin', 'POST', '/core/dicttype/save', '数据字典保存', '127.0.0.1', '内网IP', '{\"name\":\"处理状态\",\"code\":\"step_type\",\"status\":1,\"remark\":\"\"}', NULL, 1, 1, '2025-06-06 09:30:29', '2025-06-06 09:30:29', NULL);
INSERT INTO `sa_system_oper_log` (`id`, `username`, `app`, `method`, `router`, `service_name`, `ip`, `ip_location`, `request_data`, `remark`, `created_by`, `updated_by`, `create_time`, `update_time`, `delete_time`) VALUES (21, 'admin', 'saiadmin', 'POST', '/core/dictdata/save', '未命名业务', '127.0.0.1', '内网IP', '{\"type_id\":20,\"code\":\"step_type\",\"label\":\"未提交\",\"value\":\"0\",\"status\":1,\"sort\":100,\"remark\":\"\"}', NULL, 1, 1, '2025-06-06 09:31:07', '2025-06-06 09:31:07', NULL);
INSERT INTO `sa_system_oper_log` (`id`, `username`, `app`, `method`, `router`, `service_name`, `ip`, `ip_location`, `request_data`, `remark`, `created_by`, `updated_by`, `create_time`, `update_time`, `delete_time`) VALUES (22, 'admin', 'saiadmin', 'POST', '/core/dictdata/save', '未命名业务', '127.0.0.1', '内网IP', '{\"type_id\":20,\"code\":\"step_type\",\"label\":\"提取音频\",\"value\":\"1\",\"status\":1,\"sort\":100,\"remark\":\"\"}', NULL, 1, 1, '2025-06-06 09:31:19', '2025-06-06 09:31:19', NULL);
INSERT INTO `sa_system_oper_log` (`id`, `username`, `app`, `method`, `router`, `service_name`, `ip`, `ip_location`, `request_data`, `remark`, `created_by`, `updated_by`, `create_time`, `update_time`, `delete_time`) VALUES (23, 'admin', 'saiadmin', 'PUT', '/core/dictdata/update?id=40', '未命名业务', '127.0.0.1', '内网IP', '{\"id\":\"40\",\"type_id\":20,\"code\":\"step_type\",\"label\":\"等待提取音频\",\"value\":\"1\",\"status\":1,\"sort\":100,\"remark\":\"\"}', NULL, 1, 1, '2025-06-06 09:31:39', '2025-06-06 09:31:39', NULL);
INSERT INTO `sa_system_oper_log` (`id`, `username`, `app`, `method`, `router`, `service_name`, `ip`, `ip_location`, `request_data`, `remark`, `created_by`, `updated_by`, `create_time`, `update_time`, `delete_time`) VALUES (24, 'admin', 'saiadmin', 'POST', '/core/dictdata/save', '未命名业务', '127.0.0.1', '内网IP', '{\"type_id\":20,\"code\":\"step_type\",\"label\":\"等待语音降噪\",\"value\":\"2\",\"status\":1,\"sort\":100,\"remark\":\"\"}', NULL, 1, 1, '2025-06-06 09:31:50', '2025-06-06 09:31:50', NULL);
INSERT INTO `sa_system_oper_log` (`id`, `username`, `app`, `method`, `router`, `service_name`, `ip`, `ip_location`, `request_data`, `remark`, `created_by`, `updated_by`, `create_time`, `update_time`, `delete_time`) VALUES (25, 'admin', 'saiadmin', 'POST', '/core/dictdata/save', '未命名业务', '127.0.0.1', '内网IP', '{\"type_id\":20,\"code\":\"step_type\",\"label\":\"等待快速识别\",\"value\":\"3\",\"status\":1,\"sort\":100,\"remark\":\"\"}', NULL, 1, 1, '2025-06-06 09:32:03', '2025-06-06 09:32:03', NULL);
INSERT INTO `sa_system_oper_log` (`id`, `username`, `app`, `method`, `router`, `service_name`, `ip`, `ip_location`, `request_data`, `remark`, `created_by`, `updated_by`, `create_time`, `update_time`, `delete_time`) VALUES (26, 'admin', 'saiadmin', 'POST', '/core/dictdata/save', '未命名业务', '127.0.0.1', '内网IP', '{\"type_id\":20,\"code\":\"step_type\",\"label\":\"等待转写\",\"value\":\"4\",\"status\":1,\"sort\":100,\"remark\":\"\"}', NULL, 1, 1, '2025-06-06 09:32:11', '2025-06-06 09:32:11', NULL);
INSERT INTO `sa_system_oper_log` (`id`, `username`, `app`, `method`, `router`, `service_name`, `ip`, `ip_location`, `request_data`, `remark`, `created_by`, `updated_by`, `create_time`, `update_time`, `delete_time`) VALUES (27, 'admin', 'saiadmin', 'POST', '/core/dictdata/save', '未命名业务', '127.0.0.1', '内网IP', '{\"type_id\":20,\"code\":\"step_type\",\"label\":\"转写完成\",\"value\":\"5\",\"status\":1,\"sort\":100,\"remark\":\"\"}', NULL, 1, 1, '2025-06-06 09:32:17', '2025-06-06 09:32:17', NULL);
INSERT INTO `sa_system_oper_log` (`id`, `username`, `app`, `method`, `router`, `service_name`, `ip`, `ip_location`, `request_data`, `remark`, `created_by`, `updated_by`, `create_time`, `update_time`, `delete_time`) VALUES (28, 'admin', 'saiadmin', 'PUT', '/core/dictdata/update?id=39', '未命名业务', '127.0.0.1', '内网IP', '{\"id\":\"39\",\"type_id\":20,\"code\":\"step_type\",\"label\":\"等待\",\"value\":\"0\",\"status\":1,\"sort\":100,\"remark\":\"\"}', NULL, 1, 1, '2025-06-06 09:32:29', '2025-06-06 09:32:29', NULL);
INSERT INTO `sa_system_oper_log` (`id`, `username`, `app`, `method`, `router`, `service_name`, `ip`, `ip_location`, `request_data`, `remark`, `created_by`, `updated_by`, `create_time`, `update_time`, `delete_time`) VALUES (29, 'admin', 'saiadmin', 'PUT', '/core/dictdata/update?id=39', '未命名业务', '127.0.0.1', '内网IP', '{\"id\":\"39\",\"type_id\":20,\"code\":\"step_type\",\"label\":\"等待提交\",\"value\":\"0\",\"status\":1,\"sort\":100,\"remark\":\"\"}', NULL, 1, 1, '2025-06-06 09:32:33', '2025-06-06 09:32:33', NULL);
INSERT INTO `sa_system_oper_log` (`id`, `username`, `app`, `method`, `router`, `service_name`, `ip`, `ip_location`, `request_data`, `remark`, `created_by`, `updated_by`, `create_time`, `update_time`, `delete_time`) VALUES (30, 'admin', 'saiadmin', 'PUT', '/core/dictdata/update?id=39', '未命名业务', '127.0.0.1', '内网IP', '{\"id\":\"39\",\"type_id\":20,\"code\":\"step_type\",\"label\":\"无任务\",\"value\":\"0\",\"status\":1,\"sort\":100,\"remark\":\"\"}', NULL, 1, 1, '2025-06-06 09:33:30', '2025-06-06 09:33:30', NULL);
INSERT INTO `sa_system_oper_log` (`id`, `username`, `app`, `method`, `router`, `service_name`, `ip`, `ip_location`, `request_data`, `remark`, `created_by`, `updated_by`, `create_time`, `update_time`, `delete_time`) VALUES (31, 'admin', 'saiadmin', 'POST', '/core/config/batchupdate', '未命名业务', '127.0.0.1', '内网IP', '{\"group_id\":1,\"config\":[{\"id\":4,\"group_id\":1,\"key\":\"site_name\",\"value\":\"Ai 语音处理系统\",\"name\":\"网站名称\",\"input_type\":\"input\",\"config_select_data\":null,\"sort\":99,\"remark\":null,\"created_by\":null,\"updated_by\":null,\"create_time\":null,\"update_time\":null,\"display\":true},{\"id\":3,\"group_id\":1,\"key\":\"site_keywords\",\"value\":\"Ai 语音处理系统\",\"name\":\"网站关键字\",\"input_type\":\"input\",\"config_select_data\":null,\"sort\":98,\"remark\":null,\"created_by\":null,\"updated_by\":null,\"create_time\":null,\"update_time\":null,\"display\":true},{\"id\":2,\"group_id\":1,\"key\":\"site_desc\",\"value\":\"基于vue3 + webman 的极速开发框架\",\"name\":\"网站描述\",\"input_type\":\"textarea\",\"config_select_data\":null,\"sort\":97,\"remark\":null,\"created_by\":null,\"updated_by\":null,\"create_time\":null,\"update_time\":null,\"display\":true},{\"id\":1,\"group_id\":1,\"key\":\"site_copyright\",\"value\":\"Copyright © 2024 saithink\",\"name\":\"版权信息\",\"input_type\":\"textarea\",\"config_select_data\":null,\"sort\":96,\"remark\":\"\",\"created_by\":null,\"updated_by\":null,\"create_time\":null,\"update_time\":null,\"display\":true},{\"id\":5,\"group_id\":1,\"key\":\"site_record_number\",\"value\":\"\",\"name\":\"网站备案号\",\"input_type\":\"input\",\"config_select_data\":null,\"sort\":95,\"remark\":null,\"created_by\":null,\"updated_by\":null,\"create_time\":null,\"update_time\":null,\"display\":true}]}', NULL, 1, 1, '2025-06-06 09:36:56', '2025-06-06 09:36:56', NULL);
INSERT INTO `sa_system_oper_log` (`id`, `username`, `app`, `method`, `router`, `service_name`, `ip`, `ip_location`, `request_data`, `remark`, `created_by`, `updated_by`, `create_time`, `update_time`, `delete_time`) VALUES (32, 'admin', 'saiadmin', 'POST', '/core/config/batchupdate', '未命名业务', '127.0.0.1', '内网IP', '{\"group_id\":2,\"config\":[{\"id\":8,\"group_id\":2,\"key\":\"upload_mode\",\"value\":\"1\",\"name\":\"上传模式\",\"input_type\":\"select\",\"config_select_data\":[{\"label\":\"本地上传\",\"value\":\"1\"},{\"label\":\"阿里云OSS\",\"value\":\"2\"},{\"label\":\"七牛云\",\"value\":\"3\"},{\"label\":\"腾讯云COS\",\"value\":\"4\"},{\"label\":\"亚马逊S3\",\"value\":\"5\"}],\"sort\":99,\"remark\":null,\"created_by\":null,\"updated_by\":null,\"create_time\":null,\"update_time\":null,\"display\":true},{\"id\":10,\"group_id\":2,\"key\":\"upload_size\",\"value\":\"524288000\",\"name\":\"上传大小\",\"input_type\":\"input\",\"config_select_data\":null,\"sort\":88,\"remark\":\"单位Byte,1MB=1024*1024Byte\",\"created_by\":null,\"updated_by\":null,\"create_time\":null,\"update_time\":null,\"display\":true},{\"id\":43,\"group_id\":2,\"key\":\"s3_dirname\",\"value\":\"\",\"name\":\"dirname\",\"input_type\":\"input\",\"config_select_data\":null,\"sort\":0,\"remark\":\"\",\"created_by\":null,\"updated_by\":null,\"create_time\":null,\"update_time\":null,\"display\":false},{\"id\":26,\"group_id\":2,\"key\":\"oss_accessKeySecret\",\"value\":\"\",\"name\":\"阿里Secret\",\"input_type\":\"input\",\"config_select_data\":null,\"sort\":0,\"remark\":\"阿里云存储accessKeySecret\",\"created_by\":null,\"updated_by\":null,\"create_time\":null,\"update_time\":null,\"display\":false},{\"id\":27,\"group_id\":2,\"key\":\"oss_bucket\",\"value\":\"\",\"name\":\"阿里bucket\",\"input_type\":\"input\",\"config_select_data\":null,\"sort\":0,\"remark\":\"阿里云存储bucket\",\"created_by\":null,\"updated_by\":null,\"create_time\":null,\"update_time\":null,\"display\":false},{\"id\":28,\"group_id\":2,\"key\":\"oss_dirname\",\"value\":\"\",\"name\":\"阿里dirname\",\"input_type\":\"input\",\"config_select_data\":null,\"sort\":0,\"remark\":\"阿里云存储dirname\",\"created_by\":null,\"updated_by\":null,\"create_time\":null,\"update_time\":null,\"display\":false},{\"id\":29,\"group_id\":2,\"key\":\"oss_domain\",\"value\":\"\",\"name\":\"阿里domain\",\"input_type\":\"input\",\"config_select_data\":null,\"sort\":0,\"remark\":\"阿里云存储domain\",\"created_by\":null,\"updated_by\":null,\"create_time\":null,\"update_time\":null,\"display\":false},{\"id\":30,\"group_id\":2,\"key\":\"oss_endpoint\",\"value\":\"\",\"name\":\"阿里endpoint\",\"input_type\":\"input\",\"config_select_data\":null,\"sort\":0,\"remark\":\"阿里云存储endpoint\",\"created_by\":null,\"updated_by\":null,\"create_time\":null,\"update_time\":null,\"display\":false},{\"id\":40,\"group_id\":2,\"key\":\"s3_key\",\"value\":\"\",\"name\":\"key\",\"input_type\":\"input\",\"config_select_data\":null,\"sort\":0,\"remark\":\"\",\"created_by\":null,\"updated_by\":null,\"create_time\":null,\"update_time\":null,\"display\":false},{\"id\":41,\"group_id\":2,\"key\":\"s3_secret\",\"value\":\"\",\"name\":\"secret\",\"input_type\":\"input\",\"config_select_data\":null,\"sort\":0,\"remark\":\"\",\"created_by\":null,\"updated_by\":null,\"create_time\":null,\"update_time\":null,\"display\":false},{\"id\":42,\"group_id\":2,\"key\":\"s3_bucket\",\"value\":\"\",\"name\":\"bucket\",\"input_type\":\"input\",\"config_select_data\":null,\"sort\":0,\"remark\":\"\",\"created_by\":null,\"updated_by\":null,\"create_time\":null,\"update_time\":null,\"display\":false},{\"id\":24,\"group_id\":2,\"key\":\"cos_region\",\"value\":\"\",\"name\":\"腾讯region\",\"input_type\":\"input\",\"config_select_data\":null,\"sort\":0,\"remark\":\"腾讯云存储region\",\"created_by\":null,\"updated_by\":null,\"create_time\":null,\"update_time\":null,\"display\":false},{\"id\":44,\"group_id\":2,\"key\":\"s3_domain\",\"value\":\"\",\"name\":\"domain\",\"input_type\":\"input\",\"config_select_data\":null,\"sort\":0,\"remark\":\"\",\"created_by\":null,\"updated_by\":null,\"create_time\":null,\"update_time\":null,\"display\":false},{\"id\":45,\"group_id\":2,\"key\":\"s3_region\",\"value\":\"\",\"name\":\"region\",\"input_type\":\"input\",\"config_select_data\":null,\"sort\":0,\"remark\":\"\",\"created_by\":null,\"updated_by\":null,\"create_time\":null,\"update_time\":null,\"display\":false},{\"id\":46,\"group_id\":2,\"key\":\"s3_version\",\"value\":\"\",\"name\":\"version\",\"input_type\":\"input\",\"config_select_data\":null,\"sort\":0,\"remark\":\"\",\"created_by\":null,\"updated_by\":null,\"create_time\":null,\"update_time\":null,\"display\":false},{\"id\":47,\"group_id\":2,\"key\":\"s3_use_path_style_endpoint\",\"value\":\"\",\"name\":\"path_style_endpoint\",\"input_type\":\"input\",\"config_select_data\":null,\"sort\":0,\"remark\":\"\",\"created_by\":null,\"updated_by\":null,\"create_time\":null,\"update_time\":null,\"display\":false},{\"id\":48,\"group_id\":2,\"key\":\"s3_endpoint\",\"value\":\"\",\"name\":\"endpoint\",\"input_type\":\"input\",\"config_select_data\":null,\"sort\":0,\"remark\":\"\",\"created_by\":null,\"updated_by\":null,\"create_time\":null,\"update_time\":null,\"display\":false},{\"id\":49,\"group_id\":2,\"key\":\"s3_acl\",\"value\":\"\",\"name\":\"acl\",\"input_type\":\"input\",\"config_select_data\":null,\"sort\":0,\"remark\":\"\",\"created_by\":null,\"updated_by\":null,\"create_time\":null,\"update_time\":null,\"display\":false},{\"id\":25,\"group_id\":2,\"key\":\"oss_accessKeyId\",\"value\":\"\",\"name\":\"阿里Id\",\"input_type\":\"input\",\"config_select_data\":null,\"sort\":0,\"remark\":\"阿里云存储accessKeyId\",\"created_by\":null,\"updated_by\":null,\"create_time\":null,\"update_time\":null,\"display\":false},{\"id\":6,\"group_id\":2,\"key\":\"upload_allow_file\",\"value\":\"txt,doc,docx,xls,xlsx,ppt,pptx,pdf,wps,md,rar,zip,7z,gz,tar,jpg,jpeg,png,gif,bmp,webp,svg,tiff,ico,heic,mp3,wav,aac,flac,ogg,m4a,amr,wma,mp4,avi,mkv,mov,wmv,flv,webm,m4v,ts\",\"name\":\"文件类型\",\"input_type\":\"input\",\"config_select_data\":null,\"sort\":0,\"remark\":null,\"created_by\":null,\"updated_by\":null,\"create_time\":null,\"update_time\":null,\"display\":true},{\"id\":23,\"group_id\":2,\"key\":\"cos_domain\",\"value\":\"\",\"name\":\"腾讯domain\",\"input_type\":\"input\",\"config_select_data\":null,\"sort\":0,\"remark\":\"腾讯云存储domain\",\"created_by\":null,\"updated_by\":null,\"create_time\":null,\"update_time\":null,\"display\":false},{\"id\":22,\"group_id\":2,\"key\":\"cos_dirname\",\"value\":\"\",\"name\":\"腾讯dirname\",\"input_type\":\"input\",\"config_select_data\":null,\"sort\":0,\"remark\":\"腾讯云存储dirname\",\"created_by\":null,\"updated_by\":null,\"create_time\":null,\"update_time\":null,\"display\":false},{\"id\":21,\"group_id\":2,\"key\":\"cos_bucket\",\"value\":\"\",\"name\":\"腾讯bucket\",\"input_type\":\"input\",\"config_select_data\":null,\"sort\":0,\"remark\":\"腾讯云存储bucket\",\"created_by\":null,\"updated_by\":null,\"create_time\":null,\"update_time\":null,\"display\":false},{\"id\":20,\"group_id\":2,\"key\":\"cos_secretKey\",\"value\":\"\",\"name\":\"腾讯key\",\"input_type\":\"input\",\"config_select_data\":null,\"sort\":0,\"remark\":\"腾讯云secretKey\",\"created_by\":null,\"updated_by\":null,\"create_time\":null,\"update_time\":null,\"display\":false},{\"id\":19,\"group_id\":2,\"key\":\"cos_secretId\",\"value\":\"\",\"name\":\"腾讯Id\",\"input_type\":\"input\",\"config_select_data\":null,\"sort\":0,\"remark\":\"腾讯云存储secretId\",\"created_by\":null,\"updated_by\":null,\"create_time\":null,\"update_time\":null,\"display\":false},{\"id\":18,\"group_id\":2,\"key\":\"qiniu_domain\",\"value\":\"\",\"name\":\"七牛domain\",\"input_type\":\"input\",\"config_select_data\":null,\"sort\":0,\"remark\":\"七牛云存储domain\",\"created_by\":null,\"updated_by\":null,\"create_time\":null,\"update_time\":null,\"display\":false},{\"id\":17,\"group_id\":2,\"key\":\"qiniu_dirname\",\"value\":\"\",\"name\":\"七牛dirname\",\"input_type\":\"input\",\"config_select_data\":null,\"sort\":0,\"remark\":\"七牛云存储dirname\",\"created_by\":null,\"updated_by\":null,\"create_time\":null,\"update_time\":null,\"display\":false},{\"id\":16,\"group_id\":2,\"key\":\"qiniu_bucket\",\"value\":\"\",\"name\":\"七牛bucket\",\"input_type\":\"input\",\"config_select_data\":null,\"sort\":0,\"remark\":\"七牛云存储bucket\",\"created_by\":null,\"updated_by\":null,\"create_time\":null,\"update_time\":null,\"display\":false},{\"id\":15,\"group_id\":2,\"key\":\"qiniu_secretKey\",\"value\":\"\",\"name\":\"七牛secret\",\"input_type\":\"input\",\"config_select_data\":null,\"sort\":0,\"remark\":\"七牛云存储secretKey\",\"created_by\":null,\"updated_by\":null,\"create_time\":null,\"update_time\":null,\"display\":false},{\"id\":14,\"group_id\":2,\"key\":\"qiniu_accessKey\",\"value\":\"\",\"name\":\"七牛key\",\"input_type\":\"input\",\"config_select_data\":null,\"sort\":0,\"remark\":\"七牛云存储secretId\",\"created_by\":null,\"updated_by\":null,\"create_time\":null,\"update_time\":null,\"display\":false},{\"id\":13,\"group_id\":2,\"key\":\"local_uri\",\"value\":\"\\/storage\\/\",\"name\":\"本地访问路径\",\"input_type\":\"input\",\"config_select_data\":null,\"sort\":0,\"remark\":\"访问是通过domain + uri\",\"created_by\":null,\"updated_by\":null,\"create_time\":null,\"update_time\":null,\"display\":true},{\"id\":12,\"group_id\":2,\"key\":\"local_domain\",\"value\":\"http:\\/\\/10.0.0.130:8787\",\"name\":\"本地存储域名\",\"input_type\":\"input\",\"config_select_data\":null,\"sort\":0,\"remark\":\"http:\\/\\/127.0.0.1:8787\",\"created_by\":null,\"updated_by\":null,\"create_time\":null,\"update_time\":null,\"display\":true},{\"id\":11,\"group_id\":2,\"key\":\"local_root\",\"value\":\"public\\/storage\\/\",\"name\":\"本地存储路径\",\"input_type\":\"input\",\"config_select_data\":null,\"sort\":0,\"remark\":\"本地存储文件路径\",\"created_by\":null,\"updated_by\":null,\"create_time\":null,\"update_time\":null,\"display\":true},{\"id\":7,\"group_id\":2,\"key\":\"upload_allow_image\",\"value\":\"jpg,jpeg,png,gif,svg,bmp\",\"name\":\"图片类型\",\"input_type\":\"input\",\"config_select_data\":null,\"sort\":0,\"remark\":null,\"created_by\":null,\"updated_by\":null,\"create_time\":null,\"update_time\":null,\"display\":true}]}', NULL, 1, 1, '2025-06-06 09:38:13', '2025-06-06 09:38:13', NULL);
INSERT INTO `sa_system_oper_log` (`id`, `username`, `app`, `method`, `router`, `service_name`, `ip`, `ip_location`, `request_data`, `remark`, `created_by`, `updated_by`, `create_time`, `update_time`, `delete_time`) VALUES (33, 'admin', 'saiadmin', 'POST', '/core/dictdata/save', '未命名业务', '127.0.0.1', '内网IP', '{\"type_id\":20,\"code\":\"step_type\",\"label\":\"处理中\",\"value\":\"6\",\"status\":1,\"sort\":100,\"remark\":\"\"}', NULL, 1, 1, '2025-06-07 14:44:51', '2025-06-07 14:44:51', NULL);
INSERT INTO `sa_system_oper_log` (`id`, `username`, `app`, `method`, `router`, `service_name`, `ip`, `ip_location`, `request_data`, `remark`, `created_by`, `updated_by`, `create_time`, `update_time`, `delete_time`) VALUES (34, 'admin', 'saiadmin', 'POST', '/core/dictdata/save', '未命名业务', '127.0.0.1', '内网IP', '{\"type_id\":20,\"code\":\"step_type\",\"label\":\"未降噪转写\",\"value\":\"10\",\"status\":1,\"sort\":100,\"remark\":\"\"}', NULL, 1, 1, '2025-06-15 14:23:19', '2025-06-15 14:23:19', NULL);
INSERT INTO `sa_system_oper_log` (`id`, `username`, `app`, `method`, `router`, `service_name`, `ip`, `ip_location`, `request_data`, `remark`, `created_by`, `updated_by`, `create_time`, `update_time`, `delete_time`) VALUES (35, 'admin', 'saiadmin', 'PUT', '/core/dictdata/update?id=50', '未命名业务', '127.0.0.1', '内网IP', '{\"id\":\"50\",\"type_id\":20,\"code\":\"step_type\",\"label\":\"未降噪转写\",\"value\":\"11\",\"status\":1,\"sort\":100,\"remark\":\"\"}', NULL, 1, 1, '2025-06-15 14:23:42', '2025-06-15 14:23:42', NULL);
INSERT INTO `sa_system_oper_log` (`id`, `username`, `app`, `method`, `router`, `service_name`, `ip`, `ip_location`, `request_data`, `remark`, `created_by`, `updated_by`, `create_time`, `update_time`, `delete_time`) VALUES (36, 'admin', 'saiadmin', 'POST', '/core/config/batchupdate', '未命名业务', '127.0.0.1', '内网IP', '{\"group_id\":2,\"config\":[{\"id\":8,\"group_id\":2,\"key\":\"upload_mode\",\"value\":\"1\",\"name\":\"上传模式\",\"input_type\":\"select\",\"config_select_data\":[{\"label\":\"本地上传\",\"value\":\"1\"},{\"label\":\"阿里云OSS\",\"value\":\"2\"},{\"label\":\"七牛云\",\"value\":\"3\"},{\"label\":\"腾讯云COS\",\"value\":\"4\"},{\"label\":\"亚马逊S3\",\"value\":\"5\"}],\"sort\":99,\"remark\":null,\"created_by\":null,\"updated_by\":1,\"create_time\":null,\"update_time\":\"2025-06-06 09:38:13\",\"display\":true},{\"id\":10,\"group_id\":2,\"key\":\"upload_size\",\"value\":\"524288000\",\"name\":\"上传大小\",\"input_type\":\"input\",\"config_select_data\":null,\"sort\":88,\"remark\":\"单位Byte,1MB=1024*1024Byte\",\"created_by\":null,\"updated_by\":1,\"create_time\":null,\"update_time\":\"2025-06-06 09:38:13\",\"display\":true},{\"id\":43,\"group_id\":2,\"key\":\"s3_dirname\",\"value\":\"\",\"name\":\"dirname\",\"input_type\":\"input\",\"config_select_data\":null,\"sort\":0,\"remark\":\"\",\"created_by\":null,\"updated_by\":1,\"create_time\":null,\"update_time\":\"2025-06-06 09:38:13\",\"display\":false},{\"id\":26,\"group_id\":2,\"key\":\"oss_accessKeySecret\",\"value\":\"\",\"name\":\"阿里Secret\",\"input_type\":\"input\",\"config_select_data\":null,\"sort\":0,\"remark\":\"阿里云存储accessKeySecret\",\"created_by\":null,\"updated_by\":1,\"create_time\":null,\"update_time\":\"2025-06-06 09:38:13\",\"display\":false},{\"id\":27,\"group_id\":2,\"key\":\"oss_bucket\",\"value\":\"\",\"name\":\"阿里bucket\",\"input_type\":\"input\",\"config_select_data\":null,\"sort\":0,\"remark\":\"阿里云存储bucket\",\"created_by\":null,\"updated_by\":1,\"create_time\":null,\"update_time\":\"2025-06-06 09:38:13\",\"display\":false},{\"id\":28,\"group_id\":2,\"key\":\"oss_dirname\",\"value\":\"\",\"name\":\"阿里dirname\",\"input_type\":\"input\",\"config_select_data\":null,\"sort\":0,\"remark\":\"阿里云存储dirname\",\"created_by\":null,\"updated_by\":1,\"create_time\":null,\"update_time\":\"2025-06-06 09:38:13\",\"display\":false},{\"id\":29,\"group_id\":2,\"key\":\"oss_domain\",\"value\":\"\",\"name\":\"阿里domain\",\"input_type\":\"input\",\"config_select_data\":null,\"sort\":0,\"remark\":\"阿里云存储domain\",\"created_by\":null,\"updated_by\":1,\"create_time\":null,\"update_time\":\"2025-06-06 09:38:13\",\"display\":false},{\"id\":30,\"group_id\":2,\"key\":\"oss_endpoint\",\"value\":\"\",\"name\":\"阿里endpoint\",\"input_type\":\"input\",\"config_select_data\":null,\"sort\":0,\"remark\":\"阿里云存储endpoint\",\"created_by\":null,\"updated_by\":1,\"create_time\":null,\"update_time\":\"2025-06-06 09:38:13\",\"display\":false},{\"id\":40,\"group_id\":2,\"key\":\"s3_key\",\"value\":\"\",\"name\":\"key\",\"input_type\":\"input\",\"config_select_data\":null,\"sort\":0,\"remark\":\"\",\"created_by\":null,\"updated_by\":1,\"create_time\":null,\"update_time\":\"2025-06-06 09:38:13\",\"display\":false},{\"id\":41,\"group_id\":2,\"key\":\"s3_secret\",\"value\":\"\",\"name\":\"secret\",\"input_type\":\"input\",\"config_select_data\":null,\"sort\":0,\"remark\":\"\",\"created_by\":null,\"updated_by\":1,\"create_time\":null,\"update_time\":\"2025-06-06 09:38:13\",\"display\":false},{\"id\":42,\"group_id\":2,\"key\":\"s3_bucket\",\"value\":\"\",\"name\":\"bucket\",\"input_type\":\"input\",\"config_select_data\":null,\"sort\":0,\"remark\":\"\",\"created_by\":null,\"updated_by\":1,\"create_time\":null,\"update_time\":\"2025-06-06 09:38:13\",\"display\":false},{\"id\":24,\"group_id\":2,\"key\":\"cos_region\",\"value\":\"\",\"name\":\"腾讯region\",\"input_type\":\"input\",\"config_select_data\":null,\"sort\":0,\"remark\":\"腾讯云存储region\",\"created_by\":null,\"updated_by\":1,\"create_time\":null,\"update_time\":\"2025-06-06 09:38:13\",\"display\":false},{\"id\":44,\"group_id\":2,\"key\":\"s3_domain\",\"value\":\"\",\"name\":\"domain\",\"input_type\":\"input\",\"config_select_data\":null,\"sort\":0,\"remark\":\"\",\"created_by\":null,\"updated_by\":1,\"create_time\":null,\"update_time\":\"2025-06-06 09:38:13\",\"display\":false},{\"id\":45,\"group_id\":2,\"key\":\"s3_region\",\"value\":\"\",\"name\":\"region\",\"input_type\":\"input\",\"config_select_data\":null,\"sort\":0,\"remark\":\"\",\"created_by\":null,\"updated_by\":1,\"create_time\":null,\"update_time\":\"2025-06-06 09:38:13\",\"display\":false},{\"id\":46,\"group_id\":2,\"key\":\"s3_version\",\"value\":\"\",\"name\":\"version\",\"input_type\":\"input\",\"config_select_data\":null,\"sort\":0,\"remark\":\"\",\"created_by\":null,\"updated_by\":1,\"create_time\":null,\"update_time\":\"2025-06-06 09:38:13\",\"display\":false},{\"id\":47,\"group_id\":2,\"key\":\"s3_use_path_style_endpoint\",\"value\":\"\",\"name\":\"path_style_endpoint\",\"input_type\":\"input\",\"config_select_data\":null,\"sort\":0,\"remark\":\"\",\"created_by\":null,\"updated_by\":1,\"create_time\":null,\"update_time\":\"2025-06-06 09:38:13\",\"display\":false},{\"id\":48,\"group_id\":2,\"key\":\"s3_endpoint\",\"value\":\"\",\"name\":\"endpoint\",\"input_type\":\"input\",\"config_select_data\":null,\"sort\":0,\"remark\":\"\",\"created_by\":null,\"updated_by\":1,\"create_time\":null,\"update_time\":\"2025-06-06 09:38:13\",\"display\":false},{\"id\":49,\"group_id\":2,\"key\":\"s3_acl\",\"value\":\"\",\"name\":\"acl\",\"input_type\":\"input\",\"config_select_data\":null,\"sort\":0,\"remark\":\"\",\"created_by\":null,\"updated_by\":1,\"create_time\":null,\"update_time\":\"2025-06-06 09:38:13\",\"display\":false},{\"id\":25,\"group_id\":2,\"key\":\"oss_accessKeyId\",\"value\":\"\",\"name\":\"阿里Id\",\"input_type\":\"input\",\"config_select_data\":null,\"sort\":0,\"remark\":\"阿里云存储accessKeyId\",\"created_by\":null,\"updated_by\":1,\"create_time\":null,\"update_time\":\"2025-06-06 09:38:13\",\"display\":false},{\"id\":6,\"group_id\":2,\"key\":\"upload_allow_file\",\"value\":\"mp3,wav,aac,flac,ogg,m4a,amr,wma,mp4,avi,mkv,mov,wmv,flv,webm,m4v,ts\",\"name\":\"文件类型\",\"input_type\":\"input\",\"config_select_data\":null,\"sort\":0,\"remark\":null,\"created_by\":null,\"updated_by\":1,\"create_time\":null,\"update_time\":\"2025-06-06 09:38:13\",\"display\":true},{\"id\":23,\"group_id\":2,\"key\":\"cos_domain\",\"value\":\"\",\"name\":\"腾讯domain\",\"input_type\":\"input\",\"config_select_data\":null,\"sort\":0,\"remark\":\"腾讯云存储domain\",\"created_by\":null,\"updated_by\":1,\"create_time\":null,\"update_time\":\"2025-06-06 09:38:13\",\"display\":false},{\"id\":22,\"group_id\":2,\"key\":\"cos_dirname\",\"value\":\"\",\"name\":\"腾讯dirname\",\"input_type\":\"input\",\"config_select_data\":null,\"sort\":0,\"remark\":\"腾讯云存储dirname\",\"created_by\":null,\"updated_by\":1,\"create_time\":null,\"update_time\":\"2025-06-06 09:38:13\",\"display\":false},{\"id\":21,\"group_id\":2,\"key\":\"cos_bucket\",\"value\":\"\",\"name\":\"腾讯bucket\",\"input_type\":\"input\",\"config_select_data\":null,\"sort\":0,\"remark\":\"腾讯云存储bucket\",\"created_by\":null,\"updated_by\":1,\"create_time\":null,\"update_time\":\"2025-06-06 09:38:13\",\"display\":false},{\"id\":20,\"group_id\":2,\"key\":\"cos_secretKey\",\"value\":\"\",\"name\":\"腾讯key\",\"input_type\":\"input\",\"config_select_data\":null,\"sort\":0,\"remark\":\"腾讯云secretKey\",\"created_by\":null,\"updated_by\":1,\"create_time\":null,\"update_time\":\"2025-06-06 09:38:13\",\"display\":false},{\"id\":19,\"group_id\":2,\"key\":\"cos_secretId\",\"value\":\"\",\"name\":\"腾讯Id\",\"input_type\":\"input\",\"config_select_data\":null,\"sort\":0,\"remark\":\"腾讯云存储secretId\",\"created_by\":null,\"updated_by\":1,\"create_time\":null,\"update_time\":\"2025-06-06 09:38:13\",\"display\":false},{\"id\":18,\"group_id\":2,\"key\":\"qiniu_domain\",\"value\":\"\",\"name\":\"七牛domain\",\"input_type\":\"input\",\"config_select_data\":null,\"sort\":0,\"remark\":\"七牛云存储domain\",\"created_by\":null,\"updated_by\":1,\"create_time\":null,\"update_time\":\"2025-06-06 09:38:13\",\"display\":false},{\"id\":17,\"group_id\":2,\"key\":\"qiniu_dirname\",\"value\":\"\",\"name\":\"七牛dirname\",\"input_type\":\"input\",\"config_select_data\":null,\"sort\":0,\"remark\":\"七牛云存储dirname\",\"created_by\":null,\"updated_by\":1,\"create_time\":null,\"update_time\":\"2025-06-06 09:38:13\",\"display\":false},{\"id\":16,\"group_id\":2,\"key\":\"qiniu_bucket\",\"value\":\"\",\"name\":\"七牛bucket\",\"input_type\":\"input\",\"config_select_data\":null,\"sort\":0,\"remark\":\"七牛云存储bucket\",\"created_by\":null,\"updated_by\":1,\"create_time\":null,\"update_time\":\"2025-06-06 09:38:13\",\"display\":false},{\"id\":15,\"group_id\":2,\"key\":\"qiniu_secretKey\",\"value\":\"\",\"name\":\"七牛secret\",\"input_type\":\"input\",\"config_select_data\":null,\"sort\":0,\"remark\":\"七牛云存储secretKey\",\"created_by\":null,\"updated_by\":1,\"create_time\":null,\"update_time\":\"2025-06-06 09:38:13\",\"display\":false},{\"id\":14,\"group_id\":2,\"key\":\"qiniu_accessKey\",\"value\":\"\",\"name\":\"七牛key\",\"input_type\":\"input\",\"config_select_data\":null,\"sort\":0,\"remark\":\"七牛云存储secretId\",\"created_by\":null,\"updated_by\":1,\"create_time\":null,\"update_time\":\"2025-06-06 09:38:13\",\"display\":false},{\"id\":13,\"group_id\":2,\"key\":\"local_uri\",\"value\":\"\\/storage\\/\",\"name\":\"本地访问路径\",\"input_type\":\"input\",\"config_select_data\":null,\"sort\":0,\"remark\":\"访问是通过domain + uri\",\"created_by\":null,\"updated_by\":1,\"create_time\":null,\"update_time\":\"2025-06-06 09:38:13\",\"display\":true},{\"id\":12,\"group_id\":2,\"key\":\"local_domain\",\"value\":\"http:\\/\\/10.0.0.130:8787\",\"name\":\"本地存储域名\",\"input_type\":\"input\",\"config_select_data\":null,\"sort\":0,\"remark\":\"http:\\/\\/127.0.0.1:8787\",\"created_by\":null,\"updated_by\":1,\"create_time\":null,\"update_time\":\"2025-06-06 09:38:13\",\"display\":true},{\"id\":11,\"group_id\":2,\"key\":\"local_root\",\"value\":\"public\\/storage\\/\",\"name\":\"本地存储路径\",\"input_type\":\"input\",\"config_select_data\":null,\"sort\":0,\"remark\":\"本地存储文件路径\",\"created_by\":null,\"updated_by\":1,\"create_time\":null,\"update_time\":\"2025-06-06 09:38:13\",\"display\":true},{\"id\":7,\"group_id\":2,\"key\":\"upload_allow_image\",\"value\":\"jpg,jpeg,png,gif,svg,bmp\",\"name\":\"图片类型\",\"input_type\":\"input\",\"config_select_data\":null,\"sort\":0,\"remark\":null,\"created_by\":null,\"updated_by\":1,\"create_time\":null,\"update_time\":\"2025-06-06 09:38:13\",\"display\":true}]}', NULL, 1, 1, '2025-06-15 15:21:52', '2025-06-15 15:21:52', NULL);
INSERT INTO `sa_system_oper_log` (`id`, `username`, `app`, `method`, `router`, `service_name`, `ip`, `ip_location`, `request_data`, `remark`, `created_by`, `updated_by`, `create_time`, `update_time`, `delete_time`) VALUES (37, 'admin', 'saiadmin', 'POST', '/core/config/batchupdate', '未命名业务', '127.0.0.1', '内网IP', '{\"group_id\":2,\"config\":[{\"id\":8,\"group_id\":2,\"key\":\"upload_mode\",\"value\":\"1\",\"name\":\"上传模式\",\"input_type\":\"select\",\"config_select_data\":[{\"label\":\"本地上传\",\"value\":\"1\"},{\"label\":\"阿里云OSS\",\"value\":\"2\"},{\"label\":\"七牛云\",\"value\":\"3\"},{\"label\":\"腾讯云COS\",\"value\":\"4\"},{\"label\":\"亚马逊S3\",\"value\":\"5\"}],\"sort\":99,\"remark\":null,\"created_by\":null,\"updated_by\":1,\"create_time\":null,\"update_time\":\"2025-06-06 09:38:13\",\"display\":true},{\"id\":10,\"group_id\":2,\"key\":\"upload_size\",\"value\":\"524288000\",\"name\":\"上传大小\",\"input_type\":\"input\",\"config_select_data\":null,\"sort\":88,\"remark\":\"单位Byte,1MB=1024*1024Byte\",\"created_by\":null,\"updated_by\":1,\"create_time\":null,\"update_time\":\"2025-06-06 09:38:13\",\"display\":true},{\"id\":43,\"group_id\":2,\"key\":\"s3_dirname\",\"value\":\"\",\"name\":\"dirname\",\"input_type\":\"input\",\"config_select_data\":null,\"sort\":0,\"remark\":\"\",\"created_by\":null,\"updated_by\":1,\"create_time\":null,\"update_time\":\"2025-06-06 09:38:13\",\"display\":false},{\"id\":26,\"group_id\":2,\"key\":\"oss_accessKeySecret\",\"value\":\"\",\"name\":\"阿里Secret\",\"input_type\":\"input\",\"config_select_data\":null,\"sort\":0,\"remark\":\"阿里云存储accessKeySecret\",\"created_by\":null,\"updated_by\":1,\"create_time\":null,\"update_time\":\"2025-06-06 09:38:13\",\"display\":false},{\"id\":27,\"group_id\":2,\"key\":\"oss_bucket\",\"value\":\"\",\"name\":\"阿里bucket\",\"input_type\":\"input\",\"config_select_data\":null,\"sort\":0,\"remark\":\"阿里云存储bucket\",\"created_by\":null,\"updated_by\":1,\"create_time\":null,\"update_time\":\"2025-06-06 09:38:13\",\"display\":false},{\"id\":28,\"group_id\":2,\"key\":\"oss_dirname\",\"value\":\"\",\"name\":\"阿里dirname\",\"input_type\":\"input\",\"config_select_data\":null,\"sort\":0,\"remark\":\"阿里云存储dirname\",\"created_by\":null,\"updated_by\":1,\"create_time\":null,\"update_time\":\"2025-06-06 09:38:13\",\"display\":false},{\"id\":29,\"group_id\":2,\"key\":\"oss_domain\",\"value\":\"\",\"name\":\"阿里domain\",\"input_type\":\"input\",\"config_select_data\":null,\"sort\":0,\"remark\":\"阿里云存储domain\",\"created_by\":null,\"updated_by\":1,\"create_time\":null,\"update_time\":\"2025-06-06 09:38:13\",\"display\":false},{\"id\":30,\"group_id\":2,\"key\":\"oss_endpoint\",\"value\":\"\",\"name\":\"阿里endpoint\",\"input_type\":\"input\",\"config_select_data\":null,\"sort\":0,\"remark\":\"阿里云存储endpoint\",\"created_by\":null,\"updated_by\":1,\"create_time\":null,\"update_time\":\"2025-06-06 09:38:13\",\"display\":false},{\"id\":40,\"group_id\":2,\"key\":\"s3_key\",\"value\":\"\",\"name\":\"key\",\"input_type\":\"input\",\"config_select_data\":null,\"sort\":0,\"remark\":\"\",\"created_by\":null,\"updated_by\":1,\"create_time\":null,\"update_time\":\"2025-06-06 09:38:13\",\"display\":false},{\"id\":41,\"group_id\":2,\"key\":\"s3_secret\",\"value\":\"\",\"name\":\"secret\",\"input_type\":\"input\",\"config_select_data\":null,\"sort\":0,\"remark\":\"\",\"created_by\":null,\"updated_by\":1,\"create_time\":null,\"update_time\":\"2025-06-06 09:38:13\",\"display\":false},{\"id\":42,\"group_id\":2,\"key\":\"s3_bucket\",\"value\":\"\",\"name\":\"bucket\",\"input_type\":\"input\",\"config_select_data\":null,\"sort\":0,\"remark\":\"\",\"created_by\":null,\"updated_by\":1,\"create_time\":null,\"update_time\":\"2025-06-06 09:38:13\",\"display\":false},{\"id\":24,\"group_id\":2,\"key\":\"cos_region\",\"value\":\"\",\"name\":\"腾讯region\",\"input_type\":\"input\",\"config_select_data\":null,\"sort\":0,\"remark\":\"腾讯云存储region\",\"created_by\":null,\"updated_by\":1,\"create_time\":null,\"update_time\":\"2025-06-06 09:38:13\",\"display\":false},{\"id\":44,\"group_id\":2,\"key\":\"s3_domain\",\"value\":\"\",\"name\":\"domain\",\"input_type\":\"input\",\"config_select_data\":null,\"sort\":0,\"remark\":\"\",\"created_by\":null,\"updated_by\":1,\"create_time\":null,\"update_time\":\"2025-06-06 09:38:13\",\"display\":false},{\"id\":45,\"group_id\":2,\"key\":\"s3_region\",\"value\":\"\",\"name\":\"region\",\"input_type\":\"input\",\"config_select_data\":null,\"sort\":0,\"remark\":\"\",\"created_by\":null,\"updated_by\":1,\"create_time\":null,\"update_time\":\"2025-06-06 09:38:13\",\"display\":false},{\"id\":46,\"group_id\":2,\"key\":\"s3_version\",\"value\":\"\",\"name\":\"version\",\"input_type\":\"input\",\"config_select_data\":null,\"sort\":0,\"remark\":\"\",\"created_by\":null,\"updated_by\":1,\"create_time\":null,\"update_time\":\"2025-06-06 09:38:13\",\"display\":false},{\"id\":47,\"group_id\":2,\"key\":\"s3_use_path_style_endpoint\",\"value\":\"\",\"name\":\"path_style_endpoint\",\"input_type\":\"input\",\"config_select_data\":null,\"sort\":0,\"remark\":\"\",\"created_by\":null,\"updated_by\":1,\"create_time\":null,\"update_time\":\"2025-06-06 09:38:13\",\"display\":false},{\"id\":48,\"group_id\":2,\"key\":\"s3_endpoint\",\"value\":\"\",\"name\":\"endpoint\",\"input_type\":\"input\",\"config_select_data\":null,\"sort\":0,\"remark\":\"\",\"created_by\":null,\"updated_by\":1,\"create_time\":null,\"update_time\":\"2025-06-06 09:38:13\",\"display\":false},{\"id\":49,\"group_id\":2,\"key\":\"s3_acl\",\"value\":\"\",\"name\":\"acl\",\"input_type\":\"input\",\"config_select_data\":null,\"sort\":0,\"remark\":\"\",\"created_by\":null,\"updated_by\":1,\"create_time\":null,\"update_time\":\"2025-06-06 09:38:13\",\"display\":false},{\"id\":25,\"group_id\":2,\"key\":\"oss_accessKeyId\",\"value\":\"\",\"name\":\"阿里Id\",\"input_type\":\"input\",\"config_select_data\":null,\"sort\":0,\"remark\":\"阿里云存储accessKeyId\",\"created_by\":null,\"updated_by\":1,\"create_time\":null,\"update_time\":\"2025-06-06 09:38:13\",\"display\":false},{\"id\":6,\"group_id\":2,\"key\":\"upload_allow_file\",\"value\":\"mp3,wav,aac,flac,ogg,m4a,amr,wma,mp4,avi,mkv,mov,wmv,flv,webm,m4v,ts\",\"name\":\"文件类型\",\"input_type\":\"input\",\"config_select_data\":null,\"sort\":0,\"remark\":null,\"created_by\":null,\"updated_by\":1,\"create_time\":null,\"update_time\":\"2025-06-06 09:38:13\",\"display\":true},{\"id\":23,\"group_id\":2,\"key\":\"cos_domain\",\"value\":\"\",\"name\":\"腾讯domain\",\"input_type\":\"input\",\"config_select_data\":null,\"sort\":0,\"remark\":\"腾讯云存储domain\",\"created_by\":null,\"updated_by\":1,\"create_time\":null,\"update_time\":\"2025-06-06 09:38:13\",\"display\":false},{\"id\":22,\"group_id\":2,\"key\":\"cos_dirname\",\"value\":\"\",\"name\":\"腾讯dirname\",\"input_type\":\"input\",\"config_select_data\":null,\"sort\":0,\"remark\":\"腾讯云存储dirname\",\"created_by\":null,\"updated_by\":1,\"create_time\":null,\"update_time\":\"2025-06-06 09:38:13\",\"display\":false},{\"id\":21,\"group_id\":2,\"key\":\"cos_bucket\",\"value\":\"\",\"name\":\"腾讯bucket\",\"input_type\":\"input\",\"config_select_data\":null,\"sort\":0,\"remark\":\"腾讯云存储bucket\",\"created_by\":null,\"updated_by\":1,\"create_time\":null,\"update_time\":\"2025-06-06 09:38:13\",\"display\":false},{\"id\":20,\"group_id\":2,\"key\":\"cos_secretKey\",\"value\":\"\",\"name\":\"腾讯key\",\"input_type\":\"input\",\"config_select_data\":null,\"sort\":0,\"remark\":\"腾讯云secretKey\",\"created_by\":null,\"updated_by\":1,\"create_time\":null,\"update_time\":\"2025-06-06 09:38:13\",\"display\":false},{\"id\":19,\"group_id\":2,\"key\":\"cos_secretId\",\"value\":\"\",\"name\":\"腾讯Id\",\"input_type\":\"input\",\"config_select_data\":null,\"sort\":0,\"remark\":\"腾讯云存储secretId\",\"created_by\":null,\"updated_by\":1,\"create_time\":null,\"update_time\":\"2025-06-06 09:38:13\",\"display\":false},{\"id\":18,\"group_id\":2,\"key\":\"qiniu_domain\",\"value\":\"\",\"name\":\"七牛domain\",\"input_type\":\"input\",\"config_select_data\":null,\"sort\":0,\"remark\":\"七牛云存储domain\",\"created_by\":null,\"updated_by\":1,\"create_time\":null,\"update_time\":\"2025-06-06 09:38:13\",\"display\":false},{\"id\":17,\"group_id\":2,\"key\":\"qiniu_dirname\",\"value\":\"\",\"name\":\"七牛dirname\",\"input_type\":\"input\",\"config_select_data\":null,\"sort\":0,\"remark\":\"七牛云存储dirname\",\"created_by\":null,\"updated_by\":1,\"create_time\":null,\"update_time\":\"2025-06-06 09:38:13\",\"display\":false},{\"id\":16,\"group_id\":2,\"key\":\"qiniu_bucket\",\"value\":\"\",\"name\":\"七牛bucket\",\"input_type\":\"input\",\"config_select_data\":null,\"sort\":0,\"remark\":\"七牛云存储bucket\",\"created_by\":null,\"updated_by\":1,\"create_time\":null,\"update_time\":\"2025-06-06 09:38:13\",\"display\":false},{\"id\":15,\"group_id\":2,\"key\":\"qiniu_secretKey\",\"value\":\"\",\"name\":\"七牛secret\",\"input_type\":\"input\",\"config_select_data\":null,\"sort\":0,\"remark\":\"七牛云存储secretKey\",\"created_by\":null,\"updated_by\":1,\"create_time\":null,\"update_time\":\"2025-06-06 09:38:13\",\"display\":false},{\"id\":14,\"group_id\":2,\"key\":\"qiniu_accessKey\",\"value\":\"\",\"name\":\"七牛key\",\"input_type\":\"input\",\"config_select_data\":null,\"sort\":0,\"remark\":\"七牛云存储secretId\",\"created_by\":null,\"updated_by\":1,\"create_time\":null,\"update_time\":\"2025-06-06 09:38:13\",\"display\":false},{\"id\":13,\"group_id\":2,\"key\":\"local_uri\",\"value\":\"\\/storage\\/\",\"name\":\"本地访问路径\",\"input_type\":\"input\",\"config_select_data\":null,\"sort\":0,\"remark\":\"访问是通过domain + uri\",\"created_by\":null,\"updated_by\":1,\"create_time\":null,\"update_time\":\"2025-06-06 09:38:13\",\"display\":true},{\"id\":12,\"group_id\":2,\"key\":\"local_domain\",\"value\":\"http:\\/\\/10.0.0.130:8787\",\"name\":\"本地存储域名\",\"input_type\":\"input\",\"config_select_data\":null,\"sort\":0,\"remark\":\"http:\\/\\/127.0.0.1:8787\",\"created_by\":null,\"updated_by\":1,\"create_time\":null,\"update_time\":\"2025-06-06 09:38:13\",\"display\":true},{\"id\":11,\"group_id\":2,\"key\":\"local_root\",\"value\":\"public\\/storage\\/\",\"name\":\"本地存储路径\",\"input_type\":\"input\",\"config_select_data\":null,\"sort\":0,\"remark\":\"本地存储文件路径\",\"created_by\":null,\"updated_by\":1,\"create_time\":null,\"update_time\":\"2025-06-06 09:38:13\",\"display\":true},{\"id\":7,\"group_id\":2,\"key\":\"upload_allow_image\",\"value\":\"\",\"name\":\"图片类型\",\"input_type\":\"input\",\"config_select_data\":null,\"sort\":0,\"remark\":null,\"created_by\":null,\"updated_by\":1,\"create_time\":null,\"update_time\":\"2025-06-06 09:38:13\",\"display\":true}]}', NULL, 1, 1, '2025-06-15 15:22:08', '2025-06-15 15:22:08', NULL);
INSERT INTO `sa_system_oper_log` (`id`, `username`, `app`, `method`, `router`, `service_name`, `ip`, `ip_location`, `request_data`, `remark`, `created_by`, `updated_by`, `create_time`, `update_time`, `delete_time`) VALUES (38, 'admin', 'saiadmin', 'POST', '/tool/crontab/changestatus', '定时任务状态修改', '127.0.0.1', '内网IP', '{\"id\":2,\"status\":\"2\"}', NULL, 1, 1, '2025-06-15 17:43:15', '2025-06-15 17:43:15', NULL);
INSERT INTO `sa_system_oper_log` (`id`, `username`, `app`, `method`, `router`, `service_name`, `ip`, `ip_location`, `request_data`, `remark`, `created_by`, `updated_by`, `create_time`, `update_time`, `delete_time`) VALUES (39, 'admin', 'saiadmin', 'POST', '/tool/crontab/changestatus', '定时任务状态修改', '127.0.0.1', '内网IP', '{\"id\":1,\"status\":\"2\"}', NULL, 1, 1, '2025-06-15 17:43:15', '2025-06-15 17:43:15', NULL);
INSERT INTO `sa_system_oper_log` (`id`, `username`, `app`, `method`, `router`, `service_name`, `ip`, `ip_location`, `request_data`, `remark`, `created_by`, `updated_by`, `create_time`, `update_time`, `delete_time`) VALUES (40, 'admin', 'saiadmin', 'POST', '/core/dicttype/save', '数据字典保存', '127.0.0.1', '内网IP', '{\"name\":\"节点任务类型\",\"code\":\"node_type\",\"status\":1,\"remark\":\"\"}', NULL, 1, 1, '2025-06-15 17:43:37', '2025-06-15 17:43:37', NULL);
INSERT INTO `sa_system_oper_log` (`id`, `username`, `app`, `method`, `router`, `service_name`, `ip`, `ip_location`, `request_data`, `remark`, `created_by`, `updated_by`, `create_time`, `update_time`, `delete_time`) VALUES (41, 'admin', 'saiadmin', 'POST', '/core/dictdata/save', '未命名业务', '127.0.0.1', '内网IP', '{\"type_id\":21,\"code\":\"node_type\",\"label\":\"音频分离节点\",\"value\":\"1\",\"status\":1,\"sort\":100,\"remark\":\"\"}', NULL, 1, 1, '2025-06-15 17:43:54', '2025-06-15 17:43:54', NULL);
INSERT INTO `sa_system_oper_log` (`id`, `username`, `app`, `method`, `router`, `service_name`, `ip`, `ip_location`, `request_data`, `remark`, `created_by`, `updated_by`, `create_time`, `update_time`, `delete_time`) VALUES (42, 'admin', 'saiadmin', 'POST', '/core/dictdata/save', '未命名业务', '127.0.0.1', '内网IP', '{\"type_id\":21,\"code\":\"node_type\",\"label\":\"降噪节点\",\"value\":\"2\",\"status\":1,\"sort\":100,\"remark\":\"\"}', NULL, 1, 1, '2025-06-15 17:44:06', '2025-06-15 17:44:06', NULL);
INSERT INTO `sa_system_oper_log` (`id`, `username`, `app`, `method`, `router`, `service_name`, `ip`, `ip_location`, `request_data`, `remark`, `created_by`, `updated_by`, `create_time`, `update_time`, `delete_time`) VALUES (43, 'admin', 'saiadmin', 'POST', '/core/dictdata/save', '未命名业务', '127.0.0.1', '内网IP', '{\"type_id\":21,\"code\":\"node_type\",\"label\":\"快速识别节点\",\"value\":\"3\",\"status\":1,\"sort\":100,\"remark\":\"\"}', NULL, 1, 1, '2025-06-15 17:44:15', '2025-06-15 17:44:15', NULL);
INSERT INTO `sa_system_oper_log` (`id`, `username`, `app`, `method`, `router`, `service_name`, `ip`, `ip_location`, `request_data`, `remark`, `created_by`, `updated_by`, `create_time`, `update_time`, `delete_time`) VALUES (44, 'admin', 'saiadmin', 'POST', '/core/dictdata/save', '未命名业务', '127.0.0.1', '内网IP', '{\"type_id\":21,\"code\":\"node_type\",\"label\":\"文本转写\",\"value\":\"4\",\"status\":1,\"sort\":100,\"remark\":\"\"}', NULL, 1, 1, '2025-06-15 17:44:25', '2025-06-15 17:44:25', NULL);
INSERT INTO `sa_system_oper_log` (`id`, `username`, `app`, `method`, `router`, `service_name`, `ip`, `ip_location`, `request_data`, `remark`, `created_by`, `updated_by`, `create_time`, `update_time`, `delete_time`) VALUES (45, 'admin', 'saiadmin', 'POST', '/core/dicttype/save', '数据字典保存', '127.0.0.1', '内网IP', '{\"name\":\"处理状态\",\"code\":\"log_status\",\"status\":1,\"remark\":\"\"}', NULL, 1, 1, '2025-06-15 17:44:54', '2025-06-15 17:44:54', NULL);
INSERT INTO `sa_system_oper_log` (`id`, `username`, `app`, `method`, `router`, `service_name`, `ip`, `ip_location`, `request_data`, `remark`, `created_by`, `updated_by`, `create_time`, `update_time`, `delete_time`) VALUES (46, 'admin', 'saiadmin', 'POST', '/core/dictdata/save', '未命名业务', '127.0.0.1', '内网IP', '{\"type_id\":22,\"code\":\"log_status\",\"label\":\"处理中\",\"value\":\"proccess\",\"status\":1,\"sort\":100,\"remark\":\"\"}', NULL, 1, 1, '2025-06-15 17:45:07', '2025-06-15 17:45:07', NULL);
INSERT INTO `sa_system_oper_log` (`id`, `username`, `app`, `method`, `router`, `service_name`, `ip`, `ip_location`, `request_data`, `remark`, `created_by`, `updated_by`, `create_time`, `update_time`, `delete_time`) VALUES (47, 'admin', 'saiadmin', 'PUT', '/core/dictdata/update?id=55', '未命名业务', '127.0.0.1', '内网IP', '{\"id\":\"55\",\"type_id\":22,\"code\":\"log_status\",\"label\":\"处理中\",\"value\":\"processing\",\"status\":1,\"sort\":100,\"remark\":\"\"}', NULL, 1, 1, '2025-06-15 17:45:21', '2025-06-15 17:45:21', NULL);
INSERT INTO `sa_system_oper_log` (`id`, `username`, `app`, `method`, `router`, `service_name`, `ip`, `ip_location`, `request_data`, `remark`, `created_by`, `updated_by`, `create_time`, `update_time`, `delete_time`) VALUES (48, 'admin', 'saiadmin', 'POST', '/core/dictdata/save', '未命名业务', '127.0.0.1', '内网IP', '{\"type_id\":22,\"code\":\"log_status\",\"label\":\"成功\",\"value\":\"success\",\"status\":1,\"sort\":100,\"remark\":\"\"}', NULL, 1, 1, '2025-06-15 17:45:41', '2025-06-15 17:45:41', NULL);
INSERT INTO `sa_system_oper_log` (`id`, `username`, `app`, `method`, `router`, `service_name`, `ip`, `ip_location`, `request_data`, `remark`, `created_by`, `updated_by`, `create_time`, `update_time`, `delete_time`) VALUES (49, 'admin', 'saiadmin', 'POST', '/core/config/batchupdate', '未命名业务', '127.0.0.1', '内网IP', '{\"group_id\":2,\"config\":[{\"id\":8,\"group_id\":2,\"key\":\"upload_mode\",\"value\":\"1\",\"name\":\"上传模式\",\"input_type\":\"select\",\"config_select_data\":[{\"label\":\"本地上传\",\"value\":\"1\"},{\"label\":\"阿里云OSS\",\"value\":\"2\"},{\"label\":\"七牛云\",\"value\":\"3\"},{\"label\":\"腾讯云COS\",\"value\":\"4\"},{\"label\":\"亚马逊S3\",\"value\":\"5\"}],\"sort\":99,\"remark\":null,\"created_by\":null,\"updated_by\":1,\"create_time\":null,\"update_time\":\"2025-06-15 15:22:08\",\"display\":true},{\"id\":10,\"group_id\":2,\"key\":\"upload_size\",\"value\":\"52428800000\",\"name\":\"上传大小\",\"input_type\":\"input\",\"config_select_data\":null,\"sort\":88,\"remark\":\"单位Byte,1MB=1024*1024Byte\",\"created_by\":null,\"updated_by\":1,\"create_time\":null,\"update_time\":\"2025-06-15 15:22:08\",\"display\":true},{\"id\":43,\"group_id\":2,\"key\":\"s3_dirname\",\"value\":\"\",\"name\":\"dirname\",\"input_type\":\"input\",\"config_select_data\":null,\"sort\":0,\"remark\":\"\",\"created_by\":null,\"updated_by\":1,\"create_time\":null,\"update_time\":\"2025-06-15 15:22:08\",\"display\":false},{\"id\":26,\"group_id\":2,\"key\":\"oss_accessKeySecret\",\"value\":\"\",\"name\":\"阿里Secret\",\"input_type\":\"input\",\"config_select_data\":null,\"sort\":0,\"remark\":\"阿里云存储accessKeySecret\",\"created_by\":null,\"updated_by\":1,\"create_time\":null,\"update_time\":\"2025-06-15 15:22:08\",\"display\":false},{\"id\":27,\"group_id\":2,\"key\":\"oss_bucket\",\"value\":\"\",\"name\":\"阿里bucket\",\"input_type\":\"input\",\"config_select_data\":null,\"sort\":0,\"remark\":\"阿里云存储bucket\",\"created_by\":null,\"updated_by\":1,\"create_time\":null,\"update_time\":\"2025-06-15 15:22:08\",\"display\":false},{\"id\":28,\"group_id\":2,\"key\":\"oss_dirname\",\"value\":\"\",\"name\":\"阿里dirname\",\"input_type\":\"input\",\"config_select_data\":null,\"sort\":0,\"remark\":\"阿里云存储dirname\",\"created_by\":null,\"updated_by\":1,\"create_time\":null,\"update_time\":\"2025-06-15 15:22:08\",\"display\":false},{\"id\":29,\"group_id\":2,\"key\":\"oss_domain\",\"value\":\"\",\"name\":\"阿里domain\",\"input_type\":\"input\",\"config_select_data\":null,\"sort\":0,\"remark\":\"阿里云存储domain\",\"created_by\":null,\"updated_by\":1,\"create_time\":null,\"update_time\":\"2025-06-15 15:22:08\",\"display\":false},{\"id\":30,\"group_id\":2,\"key\":\"oss_endpoint\",\"value\":\"\",\"name\":\"阿里endpoint\",\"input_type\":\"input\",\"config_select_data\":null,\"sort\":0,\"remark\":\"阿里云存储endpoint\",\"created_by\":null,\"updated_by\":1,\"create_time\":null,\"update_time\":\"2025-06-15 15:22:08\",\"display\":false},{\"id\":40,\"group_id\":2,\"key\":\"s3_key\",\"value\":\"\",\"name\":\"key\",\"input_type\":\"input\",\"config_select_data\":null,\"sort\":0,\"remark\":\"\",\"created_by\":null,\"updated_by\":1,\"create_time\":null,\"update_time\":\"2025-06-15 15:22:08\",\"display\":false},{\"id\":41,\"group_id\":2,\"key\":\"s3_secret\",\"value\":\"\",\"name\":\"secret\",\"input_type\":\"input\",\"config_select_data\":null,\"sort\":0,\"remark\":\"\",\"created_by\":null,\"updated_by\":1,\"create_time\":null,\"update_time\":\"2025-06-15 15:22:08\",\"display\":false},{\"id\":42,\"group_id\":2,\"key\":\"s3_bucket\",\"value\":\"\",\"name\":\"bucket\",\"input_type\":\"input\",\"config_select_data\":null,\"sort\":0,\"remark\":\"\",\"created_by\":null,\"updated_by\":1,\"create_time\":null,\"update_time\":\"2025-06-15 15:22:08\",\"display\":false},{\"id\":24,\"group_id\":2,\"key\":\"cos_region\",\"value\":\"\",\"name\":\"腾讯region\",\"input_type\":\"input\",\"config_select_data\":null,\"sort\":0,\"remark\":\"腾讯云存储region\",\"created_by\":null,\"updated_by\":1,\"create_time\":null,\"update_time\":\"2025-06-15 15:22:08\",\"display\":false},{\"id\":44,\"group_id\":2,\"key\":\"s3_domain\",\"value\":\"\",\"name\":\"domain\",\"input_type\":\"input\",\"config_select_data\":null,\"sort\":0,\"remark\":\"\",\"created_by\":null,\"updated_by\":1,\"create_time\":null,\"update_time\":\"2025-06-15 15:22:08\",\"display\":false},{\"id\":45,\"group_id\":2,\"key\":\"s3_region\",\"value\":\"\",\"name\":\"region\",\"input_type\":\"input\",\"config_select_data\":null,\"sort\":0,\"remark\":\"\",\"created_by\":null,\"updated_by\":1,\"create_time\":null,\"update_time\":\"2025-06-15 15:22:08\",\"display\":false},{\"id\":46,\"group_id\":2,\"key\":\"s3_version\",\"value\":\"\",\"name\":\"version\",\"input_type\":\"input\",\"config_select_data\":null,\"sort\":0,\"remark\":\"\",\"created_by\":null,\"updated_by\":1,\"create_time\":null,\"update_time\":\"2025-06-15 15:22:08\",\"display\":false},{\"id\":47,\"group_id\":2,\"key\":\"s3_use_path_style_endpoint\",\"value\":\"\",\"name\":\"path_style_endpoint\",\"input_type\":\"input\",\"config_select_data\":null,\"sort\":0,\"remark\":\"\",\"created_by\":null,\"updated_by\":1,\"create_time\":null,\"update_time\":\"2025-06-15 15:22:08\",\"display\":false},{\"id\":48,\"group_id\":2,\"key\":\"s3_endpoint\",\"value\":\"\",\"name\":\"endpoint\",\"input_type\":\"input\",\"config_select_data\":null,\"sort\":0,\"remark\":\"\",\"created_by\":null,\"updated_by\":1,\"create_time\":null,\"update_time\":\"2025-06-15 15:22:08\",\"display\":false},{\"id\":49,\"group_id\":2,\"key\":\"s3_acl\",\"value\":\"\",\"name\":\"acl\",\"input_type\":\"input\",\"config_select_data\":null,\"sort\":0,\"remark\":\"\",\"created_by\":null,\"updated_by\":1,\"create_time\":null,\"update_time\":\"2025-06-15 15:22:08\",\"display\":false},{\"id\":25,\"group_id\":2,\"key\":\"oss_accessKeyId\",\"value\":\"\",\"name\":\"阿里Id\",\"input_type\":\"input\",\"config_select_data\":null,\"sort\":0,\"remark\":\"阿里云存储accessKeyId\",\"created_by\":null,\"updated_by\":1,\"create_time\":null,\"update_time\":\"2025-06-15 15:22:08\",\"display\":false},{\"id\":6,\"group_id\":2,\"key\":\"upload_allow_file\",\"value\":\"mp3,wav,aac,flac,ogg,m4a,amr,wma,mp4,avi,mkv,mov,wmv,flv,webm,m4v,ts\",\"name\":\"文件类型\",\"input_type\":\"input\",\"config_select_data\":null,\"sort\":0,\"remark\":null,\"created_by\":null,\"updated_by\":1,\"create_time\":null,\"update_time\":\"2025-06-15 15:22:08\",\"display\":true},{\"id\":23,\"group_id\":2,\"key\":\"cos_domain\",\"value\":\"\",\"name\":\"腾讯domain\",\"input_type\":\"input\",\"config_select_data\":null,\"sort\":0,\"remark\":\"腾讯云存储domain\",\"created_by\":null,\"updated_by\":1,\"create_time\":null,\"update_time\":\"2025-06-15 15:22:08\",\"display\":false},{\"id\":22,\"group_id\":2,\"key\":\"cos_dirname\",\"value\":\"\",\"name\":\"腾讯dirname\",\"input_type\":\"input\",\"config_select_data\":null,\"sort\":0,\"remark\":\"腾讯云存储dirname\",\"created_by\":null,\"updated_by\":1,\"create_time\":null,\"update_time\":\"2025-06-15 15:22:08\",\"display\":false},{\"id\":21,\"group_id\":2,\"key\":\"cos_bucket\",\"value\":\"\",\"name\":\"腾讯bucket\",\"input_type\":\"input\",\"config_select_data\":null,\"sort\":0,\"remark\":\"腾讯云存储bucket\",\"created_by\":null,\"updated_by\":1,\"create_time\":null,\"update_time\":\"2025-06-15 15:22:08\",\"display\":false},{\"id\":20,\"group_id\":2,\"key\":\"cos_secretKey\",\"value\":\"\",\"name\":\"腾讯key\",\"input_type\":\"input\",\"config_select_data\":null,\"sort\":0,\"remark\":\"腾讯云secretKey\",\"created_by\":null,\"updated_by\":1,\"create_time\":null,\"update_time\":\"2025-06-15 15:22:08\",\"display\":false},{\"id\":19,\"group_id\":2,\"key\":\"cos_secretId\",\"value\":\"\",\"name\":\"腾讯Id\",\"input_type\":\"input\",\"config_select_data\":null,\"sort\":0,\"remark\":\"腾讯云存储secretId\",\"created_by\":null,\"updated_by\":1,\"create_time\":null,\"update_time\":\"2025-06-15 15:22:08\",\"display\":false},{\"id\":18,\"group_id\":2,\"key\":\"qiniu_domain\",\"value\":\"\",\"name\":\"七牛domain\",\"input_type\":\"input\",\"config_select_data\":null,\"sort\":0,\"remark\":\"七牛云存储domain\",\"created_by\":null,\"updated_by\":1,\"create_time\":null,\"update_time\":\"2025-06-15 15:22:08\",\"display\":false},{\"id\":17,\"group_id\":2,\"key\":\"qiniu_dirname\",\"value\":\"\",\"name\":\"七牛dirname\",\"input_type\":\"input\",\"config_select_data\":null,\"sort\":0,\"remark\":\"七牛云存储dirname\",\"created_by\":null,\"updated_by\":1,\"create_time\":null,\"update_time\":\"2025-06-15 15:22:08\",\"display\":false},{\"id\":16,\"group_id\":2,\"key\":\"qiniu_bucket\",\"value\":\"\",\"name\":\"七牛bucket\",\"input_type\":\"input\",\"config_select_data\":null,\"sort\":0,\"remark\":\"七牛云存储bucket\",\"created_by\":null,\"updated_by\":1,\"create_time\":null,\"update_time\":\"2025-06-15 15:22:08\",\"display\":false},{\"id\":15,\"group_id\":2,\"key\":\"qiniu_secretKey\",\"value\":\"\",\"name\":\"七牛secret\",\"input_type\":\"input\",\"config_select_data\":null,\"sort\":0,\"remark\":\"七牛云存储secretKey\",\"created_by\":null,\"updated_by\":1,\"create_time\":null,\"update_time\":\"2025-06-15 15:22:08\",\"display\":false},{\"id\":14,\"group_id\":2,\"key\":\"qiniu_accessKey\",\"value\":\"\",\"name\":\"七牛key\",\"input_type\":\"input\",\"config_select_data\":null,\"sort\":0,\"remark\":\"七牛云存储secretId\",\"created_by\":null,\"updated_by\":1,\"create_time\":null,\"update_time\":\"2025-06-15 15:22:08\",\"display\":false},{\"id\":13,\"group_id\":2,\"key\":\"local_uri\",\"value\":\"\\/storage\\/\",\"name\":\"本地访问路径\",\"input_type\":\"input\",\"config_select_data\":null,\"sort\":0,\"remark\":\"访问是通过domain + uri\",\"created_by\":null,\"updated_by\":1,\"create_time\":null,\"update_time\":\"2025-06-15 15:22:08\",\"display\":true},{\"id\":12,\"group_id\":2,\"key\":\"local_domain\",\"value\":\"http:\\/\\/10.0.0.130:8787\",\"name\":\"本地存储域名\",\"input_type\":\"input\",\"config_select_data\":null,\"sort\":0,\"remark\":\"http:\\/\\/127.0.0.1:8787\",\"created_by\":null,\"updated_by\":1,\"create_time\":null,\"update_time\":\"2025-06-15 15:22:08\",\"display\":true},{\"id\":11,\"group_id\":2,\"key\":\"local_root\",\"value\":\"public\\/storage\\/\",\"name\":\"本地存储路径\",\"input_type\":\"input\",\"config_select_data\":null,\"sort\":0,\"remark\":\"本地存储文件路径\",\"created_by\":null,\"updated_by\":1,\"create_time\":null,\"update_time\":\"2025-06-15 15:22:08\",\"display\":true},{\"id\":7,\"group_id\":2,\"key\":\"upload_allow_image\",\"value\":\"\",\"name\":\"图片类型\",\"input_type\":\"input\",\"config_select_data\":null,\"sort\":0,\"remark\":null,\"created_by\":null,\"updated_by\":1,\"create_time\":null,\"update_time\":\"2025-06-15 15:22:08\",\"display\":true}]}', NULL, 1, 1, '2025-06-15 21:15:39', '2025-06-15 21:15:39', NULL);
COMMIT;

-- ----------------------------
-- Table structure for sa_system_post
-- ----------------------------
DROP TABLE IF EXISTS `sa_system_post`;
CREATE TABLE `sa_system_post` (
  `id` int unsigned NOT NULL AUTO_INCREMENT COMMENT '主键',
  `name` varchar(50) DEFAULT NULL COMMENT '岗位名称',
  `code` varchar(100) DEFAULT NULL COMMENT '岗位代码',
  `sort` smallint unsigned DEFAULT '0' COMMENT '排序',
  `status` smallint DEFAULT '1' COMMENT '状态 (1正常 2停用)',
  `remark` varchar(255) DEFAULT NULL COMMENT '备注',
  `created_by` int DEFAULT NULL COMMENT '创建者',
  `updated_by` int DEFAULT NULL COMMENT '更新者',
  `create_time` datetime DEFAULT NULL COMMENT '创建时间',
  `update_time` datetime DEFAULT NULL COMMENT '修改时间',
  `delete_time` datetime DEFAULT NULL COMMENT '删除时间',
  PRIMARY KEY (`id`) USING BTREE
) ENGINE=InnoDB AUTO_INCREMENT=3 DEFAULT CHARSET=utf8mb4 COLLATE=utf8mb4_0900_ai_ci ROW_FORMAT=DYNAMIC COMMENT='岗位信息表';

-- ----------------------------
-- Records of sa_system_post
-- ----------------------------
BEGIN;
INSERT INTO `sa_system_post` (`id`, `name`, `code`, `sort`, `status`, `remark`, `created_by`, `updated_by`, `create_time`, `update_time`, `delete_time`) VALUES (1, '司机岗', 'driver', 100, 1, '', 1, 1, '2025-04-27 23:34:06', '2025-04-28 11:14:44', NULL);
INSERT INTO `sa_system_post` (`id`, `name`, `code`, `sort`, `status`, `remark`, `created_by`, `updated_by`, `create_time`, `update_time`, `delete_time`) VALUES (2, '保安岗', 'security', 100, 1, NULL, 1, 1, '2025-04-27 23:34:06', '2025-04-28 11:14:44', NULL);
COMMIT;

-- ----------------------------
-- Table structure for sa_system_role
-- ----------------------------
DROP TABLE IF EXISTS `sa_system_role`;
CREATE TABLE `sa_system_role` (
  `id` int unsigned NOT NULL AUTO_INCREMENT COMMENT '主键',
  `parent_id` int unsigned DEFAULT NULL COMMENT '父ID',
  `level` varchar(500) DEFAULT NULL COMMENT '组级集合',
  `name` varchar(30) DEFAULT NULL COMMENT '角色名称',
  `code` varchar(100) DEFAULT NULL COMMENT '角色代码',
  `data_scope` smallint DEFAULT '1' COMMENT '数据范围(1:全部数据权限 2:自定义数据权限 3:本部门数据权限 4:本部门及以下数据权限 5:本人数据权限)',
  `status` smallint DEFAULT '1' COMMENT '状态 (1正常 2停用)',
  `sort` smallint unsigned DEFAULT '0' COMMENT '排序',
  `remark` varchar(255) DEFAULT NULL COMMENT '备注',
  `created_by` int DEFAULT NULL COMMENT '创建者',
  `updated_by` int DEFAULT NULL COMMENT '更新者',
  `create_time` datetime DEFAULT NULL COMMENT '创建时间',
  `update_time` datetime DEFAULT NULL COMMENT '修改时间',
  `delete_time` datetime DEFAULT NULL COMMENT '删除时间',
  PRIMARY KEY (`id`) USING BTREE
) ENGINE=InnoDB AUTO_INCREMENT=7 DEFAULT CHARSET=utf8mb4 COLLATE=utf8mb4_0900_ai_ci ROW_FORMAT=DYNAMIC COMMENT='角色信息表';

-- ----------------------------
-- Records of sa_system_role
-- ----------------------------
BEGIN;
INSERT INTO `sa_system_role` (`id`, `parent_id`, `level`, `name`, `code`, `data_scope`, `status`, `sort`, `remark`, `created_by`, `updated_by`, `create_time`, `update_time`, `delete_time`) VALUES (1, 0, '0', '超级管理员（创始人', 'superAdmin', 1, 1, 100, '系统内置角色，不可删除', 1, 2, '2023-10-24 12:00:00', '2025-04-28 14:57:25', NULL);
INSERT INTO `sa_system_role` (`id`, `parent_id`, `level`, `name`, `code`, `data_scope`, `status`, `sort`, `remark`, `created_by`, `updated_by`, `create_time`, `update_time`, `delete_time`) VALUES (2, 1, '0,1', '管理员', 'manager', 1, 1, 100, '', 1, 1, '2023-10-24 12:00:00', '2025-04-27 23:30:59', NULL);
INSERT INTO `sa_system_role` (`id`, `parent_id`, `level`, `name`, `code`, `data_scope`, `status`, `sort`, `remark`, `created_by`, `updated_by`, `create_time`, `update_time`, `delete_time`) VALUES (3, 2, '0,1,2', '部门经理', 'deptManager', 1, 1, 100, '', 1, 1, '2025-04-27 23:31:44', '2025-04-28 15:47:33', NULL);
INSERT INTO `sa_system_role` (`id`, `parent_id`, `level`, `name`, `code`, `data_scope`, `status`, `sort`, `remark`, `created_by`, `updated_by`, `create_time`, `update_time`, `delete_time`) VALUES (4, 2, '0,1,2', '数据管理', 'dataManager', 1, 1, 100, '', 1, 1, '2025-04-27 23:32:23', '2025-04-27 23:32:27', NULL);
INSERT INTO `sa_system_role` (`id`, `parent_id`, `level`, `name`, `code`, `data_scope`, `status`, `sort`, `remark`, `created_by`, `updated_by`, `create_time`, `update_time`, `delete_time`) VALUES (5, 2, '0,1,2', '运维管理', 'operationManager', 1, 1, 100, '', 1, 2, '2025-04-27 23:33:13', '2025-04-28 14:56:03', NULL);
INSERT INTO `sa_system_role` (`id`, `parent_id`, `level`, `name`, `code`, `data_scope`, `status`, `sort`, `remark`, `created_by`, `updated_by`, `create_time`, `update_time`, `delete_time`) VALUES (6, 0, '0', '附加数据接口', 'additionData', 1, 1, 100, '', 1, 2, '2025-04-28 14:18:23', '2025-04-28 15:15:11', NULL);
COMMIT;

-- ----------------------------
-- Table structure for sa_system_role_dept
-- ----------------------------
DROP TABLE IF EXISTS `sa_system_role_dept`;
CREATE TABLE `sa_system_role_dept` (
  `id` int unsigned NOT NULL AUTO_INCREMENT COMMENT '编号',
  `role_id` int unsigned NOT NULL COMMENT '用户主键',
  `dept_id` int unsigned NOT NULL COMMENT '角色主键',
  PRIMARY KEY (`id`) USING BTREE,
  KEY `idx_role_id` (`role_id`) USING BTREE,
  KEY `idx_dept_id` (`dept_id`) USING BTREE
) ENGINE=InnoDB DEFAULT CHARSET=utf8mb4 COLLATE=utf8mb4_0900_ai_ci ROW_FORMAT=DYNAMIC COMMENT='角色与部门关联表';

-- ----------------------------
-- Records of sa_system_role_dept
-- ----------------------------
BEGIN;
COMMIT;

-- ----------------------------
-- Table structure for sa_system_role_menu
-- ----------------------------
DROP TABLE IF EXISTS `sa_system_role_menu`;
CREATE TABLE `sa_system_role_menu` (
  `id` int unsigned NOT NULL AUTO_INCREMENT COMMENT '编号',
  `role_id` int unsigned NOT NULL COMMENT '角色主键',
  `menu_id` int unsigned NOT NULL COMMENT '菜单主键',
  PRIMARY KEY (`id`) USING BTREE,
  KEY `idx_role_id` (`role_id`) USING BTREE,
  KEY `idx_menu_id` (`menu_id`) USING BTREE
) ENGINE=InnoDB DEFAULT CHARSET=utf8mb4 COLLATE=utf8mb4_0900_ai_ci ROW_FORMAT=DYNAMIC COMMENT='角色与菜单关联表';

-- ----------------------------
-- Records of sa_system_role_menu
-- ----------------------------
BEGIN;
COMMIT;

-- ----------------------------
-- Table structure for sa_system_user
-- ----------------------------
DROP TABLE IF EXISTS `sa_system_user`;
CREATE TABLE `sa_system_user` (
  `id` int unsigned NOT NULL AUTO_INCREMENT COMMENT '用户ID,主键',
  `username` varchar(20) NOT NULL COMMENT '用户名',
  `password` varchar(100) NOT NULL COMMENT '密码',
  `user_type` varchar(3) DEFAULT '100' COMMENT '用户类型:(100系统用户)',
  `nickname` varchar(30) DEFAULT NULL COMMENT '用户昵称',
  `phone` varchar(11) DEFAULT NULL COMMENT '手机',
  `email` varchar(50) DEFAULT NULL COMMENT '用户邮箱',
  `avatar` varchar(255) DEFAULT NULL COMMENT '用户头像',
  `signed` varchar(255) DEFAULT NULL COMMENT '个人签名',
  `dashboard` varchar(100) DEFAULT NULL COMMENT '后台首页类型',
  `dept_id` int unsigned DEFAULT NULL COMMENT '部门ID',
  `status` smallint DEFAULT '1' COMMENT '状态 (1正常 2停用)',
  `login_ip` varchar(45) DEFAULT NULL COMMENT '最后登陆IP',
  `login_time` datetime DEFAULT NULL COMMENT '最后登陆时间',
  `backend_setting` varchar(500) DEFAULT NULL COMMENT '后台设置数据',
  `remark` varchar(255) DEFAULT NULL COMMENT '备注',
  `created_by` int DEFAULT NULL COMMENT '创建者',
  `updated_by` int DEFAULT NULL COMMENT '更新者',
  `create_time` datetime DEFAULT NULL COMMENT '创建时间',
  `update_time` datetime DEFAULT NULL COMMENT '修改时间',
  `delete_time` datetime DEFAULT NULL COMMENT '删除时间',
  PRIMARY KEY (`id`) USING BTREE,
  UNIQUE KEY `username` (`username`) USING BTREE,
  KEY `dept_id` (`dept_id`) USING BTREE
) ENGINE=InnoDB AUTO_INCREMENT=4 DEFAULT CHARSET=utf8mb4 COLLATE=utf8mb4_0900_ai_ci ROW_FORMAT=DYNAMIC COMMENT='用户信息表';

-- ----------------------------
-- Records of sa_system_user
-- ----------------------------
BEGIN;
INSERT INTO `sa_system_user` (`id`, `username`, `password`, `user_type`, `nickname`, `phone`, `email`, `avatar`, `signed`, `dashboard`, `dept_id`, `status`, `login_ip`, `login_time`, `backend_setting`, `remark`, `created_by`, `updated_by`, `create_time`, `update_time`, `delete_time`) VALUES (1, 'admin', '$2y$10$sY/4StKVV.N/8Ock8J8kdeIOK4jS4tAUoYjkzvB8Tzy0fLh.wA2KS', '100', '祭道之上', '13888888888', 'admin@admin.com', 'https://image.saithink.top/saiadmin/avatar.jpg', 'Today is a very good day！', 'statistics', 0, 1, '127.0.0.1', '2025-06-15 21:35:37', '{\"mode\":\"light\",\"tag\":true,\"menuCollapse\":false,\"menuWidth\":230,\"layout\":\"classic\",\"skin\":\"mine\",\"i18n\":false,\"language\":\"zh_CN\",\"animation\":\"ma-slide-down\",\"color\":\"#7166F0\",\"waterMark\":false,\"waterContent\":\"saiadmin\",\"ws\":false,\"round\":true}', NULL, 1, 1, '2024-01-20 16:02:23', '2025-06-15 21:35:37', NULL);
INSERT INTO `sa_system_user` (`id`, `username`, `password`, `user_type`, `nickname`, `phone`, `email`, `avatar`, `signed`, `dashboard`, `dept_id`, `status`, `login_ip`, `login_time`, `backend_setting`, `remark`, `created_by`, `updated_by`, `create_time`, `update_time`, `delete_time`) VALUES (2, 'test1', '$2y$10$Q70WC9RBqMSS72DmppsbIuQtyAydXSmeD.Ae6W8YhmE/w15uLLpiy', '100', '小小测试员', '15822222222', 'test1@saadmin.com', 'http://127.0.0.1:8787/storage/20250428/7ece61225ffe6cc374a58add56f0e8e80b03fa09.jpg', NULL, 'statistics', 2, 1, '127.0.0.1', '2025-04-29 17:04:09', 'null', 'test', 1, 1, '2024-07-31 09:34:31', '2025-04-30 13:58:56', NULL);
INSERT INTO `sa_system_user` (`id`, `username`, `password`, `user_type`, `nickname`, `phone`, `email`, `avatar`, `signed`, `dashboard`, `dept_id`, `status`, `login_ip`, `login_time`, `backend_setting`, `remark`, `created_by`, `updated_by`, `create_time`, `update_time`, `delete_time`) VALUES (3, 'test2', '$2y$10$Q70WC9RBqMSS72DmppsbIuQtyAydXSmeD.Ae6W8YhmE/w15uLLpiy', '100', '酱油党', '13977777777', 'test2@saadmin.com', 'http://127.0.0.1:8787/storage/20250315/0f15984b5dad6149dca2a6b8b64b83f76863788e.png', NULL, 'work', 4, 1, '127.0.0.1', '2025-04-28 15:37:30', 'null', 'test', 1, 2, '2024-07-31 09:34:31', '2025-04-28 15:37:30', NULL);
COMMIT;

-- ----------------------------
-- Table structure for sa_system_user_post
-- ----------------------------
DROP TABLE IF EXISTS `sa_system_user_post`;
CREATE TABLE `sa_system_user_post` (
  `id` int unsigned NOT NULL AUTO_INCREMENT COMMENT '主键',
  `user_id` int unsigned NOT NULL COMMENT '用户主键',
  `post_id` int unsigned NOT NULL COMMENT '岗位主键',
  PRIMARY KEY (`id`,`user_id`) USING BTREE,
  KEY `idx_user_id` (`user_id`) USING BTREE,
  KEY `idx_post_id` (`post_id`) USING BTREE
) ENGINE=InnoDB DEFAULT CHARSET=utf8mb4 COLLATE=utf8mb4_0900_ai_ci ROW_FORMAT=DYNAMIC COMMENT='用户与岗位关联表';

-- ----------------------------
-- Records of sa_system_user_post
-- ----------------------------
BEGIN;
COMMIT;

-- ----------------------------
-- Table structure for sa_system_user_role
-- ----------------------------
DROP TABLE IF EXISTS `sa_system_user_role`;
CREATE TABLE `sa_system_user_role` (
  `id` int unsigned NOT NULL AUTO_INCREMENT COMMENT '编号',
  `user_id` int unsigned NOT NULL COMMENT '用户主键',
  `role_id` int unsigned NOT NULL COMMENT '角色主键',
  PRIMARY KEY (`id`) USING BTREE,
  KEY `idx_user_id` (`user_id`) USING BTREE,
  KEY `idx_role_id` (`role_id`) USING BTREE
) ENGINE=InnoDB AUTO_INCREMENT=2 DEFAULT CHARSET=utf8mb4 COLLATE=utf8mb4_0900_ai_ci ROW_FORMAT=DYNAMIC COMMENT='用户与角色关联表';

-- ----------------------------
-- Records of sa_system_user_role
-- ----------------------------
BEGIN;
INSERT INTO `sa_system_user_role` (`id`, `user_id`, `role_id`) VALUES (1, 1, 1);
COMMIT;

-- ----------------------------
-- Table structure for sa_tool_crontab
-- ----------------------------
DROP TABLE IF EXISTS `sa_tool_crontab`;
CREATE TABLE `sa_tool_crontab` (
  `id` int unsigned NOT NULL AUTO_INCREMENT COMMENT '主键',
  `name` varchar(100) DEFAULT NULL COMMENT '任务名称',
  `type` smallint DEFAULT '4' COMMENT '任务类型',
  `target` varchar(500) DEFAULT NULL COMMENT '调用任务字符串',
  `parameter` varchar(1000) DEFAULT NULL COMMENT '调用任务参数',
  `task_style` tinyint(1) DEFAULT NULL COMMENT '执行类型',
  `rule` varchar(32) DEFAULT NULL COMMENT '任务执行表达式',
  `singleton` smallint DEFAULT '1' COMMENT '是否单次执行 (1 是 2 不是)',
  `status` smallint DEFAULT '1' COMMENT '状态 (1正常 2停用)',
  `remark` varchar(255) DEFAULT NULL COMMENT '备注',
  `created_by` int DEFAULT NULL COMMENT '创建者',
  `updated_by` int DEFAULT NULL COMMENT '更新者',
  `create_time` datetime DEFAULT NULL COMMENT '创建时间',
  `update_time` datetime DEFAULT NULL COMMENT '修改时间',
  `delete_time` datetime DEFAULT NULL COMMENT '删除时间',
  PRIMARY KEY (`id`) USING BTREE
) ENGINE=InnoDB AUTO_INCREMENT=4 DEFAULT CHARSET=utf8mb4 COLLATE=utf8mb4_0900_ai_ci ROW_FORMAT=DYNAMIC COMMENT='定时任务信息表';

-- ----------------------------
-- Records of sa_tool_crontab
-- ----------------------------
BEGIN;
INSERT INTO `sa_tool_crontab` (`id`, `name`, `type`, `target`, `parameter`, `task_style`, `rule`, `singleton`, `status`, `remark`, `created_by`, `updated_by`, `create_time`, `update_time`, `delete_time`) VALUES (1, '访问官网', 1, 'https://saithink.top', NULL, 1, '0 0 8 * * *', 2, 2, NULL, 1, 1, '2024-01-20 14:21:11', '2025-06-15 17:43:15', NULL);
INSERT INTO `sa_tool_crontab` (`id`, `name`, `type`, `target`, `parameter`, `task_style`, `rule`, `singleton`, `status`, `remark`, `created_by`, `updated_by`, `create_time`, `update_time`, `delete_time`) VALUES (2, '登录gitee', 2, 'https://gitee.com/check_user_login', '{\"user_login\": \"saiadmin\"}', 1, '0 0 10 * * *', 2, 2, NULL, 1, 1, '2024-01-20 14:31:51', '2025-06-15 17:43:15', NULL);
INSERT INTO `sa_tool_crontab` (`id`, `name`, `type`, `target`, `parameter`, `task_style`, `rule`, `singleton`, `status`, `remark`, `created_by`, `updated_by`, `create_time`, `update_time`, `delete_time`) VALUES (3, '定时执行任务', 3, '\\plugin\\saiadmin\\process\\Task', '{\"type\":\"1\"}', 1, '0 30 12 * * *', 2, 1, '', 1, 1, '2024-01-20 14:38:03', '2025-04-28 00:09:30', NULL);
COMMIT;

-- ----------------------------
-- Table structure for sa_tool_crontab_log
-- ----------------------------
DROP TABLE IF EXISTS `sa_tool_crontab_log`;
CREATE TABLE `sa_tool_crontab_log` (
  `id` int unsigned NOT NULL AUTO_INCREMENT COMMENT '主键',
  `crontab_id` int unsigned DEFAULT NULL COMMENT '任务ID',
  `name` varchar(255) DEFAULT NULL COMMENT '任务名称',
  `target` varchar(500) DEFAULT NULL COMMENT '任务调用目标字符串',
  `parameter` varchar(1000) DEFAULT NULL COMMENT '任务调用参数',
  `exception_info` varchar(2000) DEFAULT NULL COMMENT '异常信息',
  `status` smallint DEFAULT '1' COMMENT '执行状态 (1成功 2失败)',
  `create_time` datetime DEFAULT NULL COMMENT '创建时间',
  `update_time` datetime DEFAULT NULL COMMENT '修改时间',
  `delete_time` datetime DEFAULT NULL COMMENT '删除时间',
  PRIMARY KEY (`id`) USING BTREE
) ENGINE=InnoDB AUTO_INCREMENT=29 DEFAULT CHARSET=utf8mb4 COLLATE=utf8mb4_0900_ai_ci ROW_FORMAT=DYNAMIC COMMENT='定时任务执行日志表';

-- ----------------------------
-- Records of sa_tool_crontab_log
-- ----------------------------
BEGIN;
INSERT INTO `sa_tool_crontab_log` (`id`, `crontab_id`, `name`, `target`, `parameter`, `exception_info`, `status`, `create_time`, `update_time`, `delete_time`) VALUES (1, 1, '访问官网', 'https://saithink.top', NULL, NULL, 1, '2025-06-06 08:00:06', '2025-06-06 08:00:06', NULL);
INSERT INTO `sa_tool_crontab_log` (`id`, `crontab_id`, `name`, `target`, `parameter`, `exception_info`, `status`, `create_time`, `update_time`, `delete_time`) VALUES (2, 2, '登录gitee', 'https://gitee.com/check_user_login', '{\"user_login\": \"saiadmin\"}', '{\"result\":1,\"failed_count\":1}', 1, '2025-06-06 10:00:00', '2025-06-06 10:00:00', NULL);
INSERT INTO `sa_tool_crontab_log` (`id`, `crontab_id`, `name`, `target`, `parameter`, `exception_info`, `status`, `create_time`, `update_time`, `delete_time`) VALUES (3, 3, '定时执行任务', '\\plugin\\saiadmin\\process\\Task', '{\"type\":\"1\"}', NULL, 1, '2025-06-06 12:30:00', '2025-06-06 12:30:00', NULL);
INSERT INTO `sa_tool_crontab_log` (`id`, `crontab_id`, `name`, `target`, `parameter`, `exception_info`, `status`, `create_time`, `update_time`, `delete_time`) VALUES (4, 1, '访问官网', 'https://saithink.top', NULL, 'cURL error 28: Connection timed out after 5001 milliseconds (see https://curl.haxx.se/libcurl/c/libcurl-errors.html) for https://saithink.top', 2, '2025-06-07 08:00:06', '2025-06-07 08:00:06', NULL);
INSERT INTO `sa_tool_crontab_log` (`id`, `crontab_id`, `name`, `target`, `parameter`, `exception_info`, `status`, `create_time`, `update_time`, `delete_time`) VALUES (5, 2, '登录gitee', 'https://gitee.com/check_user_login', '{\"user_login\": \"saiadmin\"}', '{\"result\":1,\"failed_count\":1}', 1, '2025-06-07 10:00:01', '2025-06-07 10:00:01', NULL);
INSERT INTO `sa_tool_crontab_log` (`id`, `crontab_id`, `name`, `target`, `parameter`, `exception_info`, `status`, `create_time`, `update_time`, `delete_time`) VALUES (6, 3, '定时执行任务', '\\plugin\\saiadmin\\process\\Task', '{\"type\":\"1\"}', NULL, 1, '2025-06-07 12:30:00', '2025-06-07 12:30:00', NULL);
INSERT INTO `sa_tool_crontab_log` (`id`, `crontab_id`, `name`, `target`, `parameter`, `exception_info`, `status`, `create_time`, `update_time`, `delete_time`) VALUES (7, 1, '访问官网', 'https://saithink.top', NULL, 'cURL error 28: Operation timed out after 5001 milliseconds with 16082 out of 27055 bytes received (see https://curl.haxx.se/libcurl/c/libcurl-errors.html) for https://saithink.top', 2, '2025-06-08 08:00:06', '2025-06-08 08:00:06', NULL);
INSERT INTO `sa_tool_crontab_log` (`id`, `crontab_id`, `name`, `target`, `parameter`, `exception_info`, `status`, `create_time`, `update_time`, `delete_time`) VALUES (8, 2, '登录gitee', 'https://gitee.com/check_user_login', '{\"user_login\": \"saiadmin\"}', '{\"result\":1,\"failed_count\":1}', 1, '2025-06-08 10:00:01', '2025-06-08 10:00:01', NULL);
INSERT INTO `sa_tool_crontab_log` (`id`, `crontab_id`, `name`, `target`, `parameter`, `exception_info`, `status`, `create_time`, `update_time`, `delete_time`) VALUES (9, 3, '定时执行任务', '\\plugin\\saiadmin\\process\\Task', '{\"type\":\"1\"}', NULL, 1, '2025-06-08 12:30:01', '2025-06-08 12:30:01', NULL);
INSERT INTO `sa_tool_crontab_log` (`id`, `crontab_id`, `name`, `target`, `parameter`, `exception_info`, `status`, `create_time`, `update_time`, `delete_time`) VALUES (10, 2, '登录gitee', 'https://gitee.com/check_user_login', '{\"user_login\": \"saiadmin\"}', '{\"result\":1,\"failed_count\":1}', 1, '2025-06-09 10:00:01', '2025-06-09 10:00:01', NULL);
INSERT INTO `sa_tool_crontab_log` (`id`, `crontab_id`, `name`, `target`, `parameter`, `exception_info`, `status`, `create_time`, `update_time`, `delete_time`) VALUES (11, 3, '定时执行任务', '\\plugin\\saiadmin\\process\\Task', '{\"type\":\"1\"}', NULL, 1, '2025-06-09 12:30:01', '2025-06-09 12:30:01', NULL);
INSERT INTO `sa_tool_crontab_log` (`id`, `crontab_id`, `name`, `target`, `parameter`, `exception_info`, `status`, `create_time`, `update_time`, `delete_time`) VALUES (12, 1, '访问官网', 'https://saithink.top', NULL, NULL, 1, '2025-06-10 08:00:06', '2025-06-10 08:00:06', NULL);
INSERT INTO `sa_tool_crontab_log` (`id`, `crontab_id`, `name`, `target`, `parameter`, `exception_info`, `status`, `create_time`, `update_time`, `delete_time`) VALUES (13, 2, '登录gitee', 'https://gitee.com/check_user_login', '{\"user_login\": \"saiadmin\"}', '{\"result\":1,\"failed_count\":1}', 1, '2025-06-10 10:00:01', '2025-06-10 10:00:01', NULL);
INSERT INTO `sa_tool_crontab_log` (`id`, `crontab_id`, `name`, `target`, `parameter`, `exception_info`, `status`, `create_time`, `update_time`, `delete_time`) VALUES (14, 3, '定时执行任务', '\\plugin\\saiadmin\\process\\Task', '{\"type\":\"1\"}', NULL, 1, '2025-06-10 12:30:01', '2025-06-10 12:30:01', NULL);
INSERT INTO `sa_tool_crontab_log` (`id`, `crontab_id`, `name`, `target`, `parameter`, `exception_info`, `status`, `create_time`, `update_time`, `delete_time`) VALUES (15, 1, '访问官网', 'https://saithink.top', NULL, 'cURL error 28: Operation timed out after 5002 milliseconds with 0 bytes received (see https://curl.haxx.se/libcurl/c/libcurl-errors.html) for https://saithink.top', 2, '2025-06-11 08:00:05', '2025-06-11 08:00:05', NULL);
INSERT INTO `sa_tool_crontab_log` (`id`, `crontab_id`, `name`, `target`, `parameter`, `exception_info`, `status`, `create_time`, `update_time`, `delete_time`) VALUES (16, 2, '登录gitee', 'https://gitee.com/check_user_login', '{\"user_login\": \"saiadmin\"}', '{\"result\":1,\"failed_count\":1}', 1, '2025-06-11 10:00:01', '2025-06-11 10:00:01', NULL);
INSERT INTO `sa_tool_crontab_log` (`id`, `crontab_id`, `name`, `target`, `parameter`, `exception_info`, `status`, `create_time`, `update_time`, `delete_time`) VALUES (17, 3, '定时执行任务', '\\plugin\\saiadmin\\process\\Task', '{\"type\":\"1\"}', NULL, 1, '2025-06-11 12:30:01', '2025-06-11 12:30:01', NULL);
INSERT INTO `sa_tool_crontab_log` (`id`, `crontab_id`, `name`, `target`, `parameter`, `exception_info`, `status`, `create_time`, `update_time`, `delete_time`) VALUES (18, 1, '访问官网', 'https://saithink.top', NULL, NULL, 1, '2025-06-12 08:00:06', '2025-06-12 08:00:06', NULL);
INSERT INTO `sa_tool_crontab_log` (`id`, `crontab_id`, `name`, `target`, `parameter`, `exception_info`, `status`, `create_time`, `update_time`, `delete_time`) VALUES (19, 2, '登录gitee', 'https://gitee.com/check_user_login', '{\"user_login\": \"saiadmin\"}', '{\"result\":1,\"failed_count\":1}', 1, '2025-06-12 10:00:01', '2025-06-12 10:00:01', NULL);
INSERT INTO `sa_tool_crontab_log` (`id`, `crontab_id`, `name`, `target`, `parameter`, `exception_info`, `status`, `create_time`, `update_time`, `delete_time`) VALUES (20, 3, '定时执行任务', '\\plugin\\saiadmin\\process\\Task', '{\"type\":\"1\"}', NULL, 1, '2025-06-12 12:30:01', '2025-06-12 12:30:01', NULL);
INSERT INTO `sa_tool_crontab_log` (`id`, `crontab_id`, `name`, `target`, `parameter`, `exception_info`, `status`, `create_time`, `update_time`, `delete_time`) VALUES (21, 1, '访问官网', 'https://saithink.top', NULL, 'cURL error 28: Connection timed out after 5000 milliseconds (see https://curl.haxx.se/libcurl/c/libcurl-errors.html) for https://saithink.top', 2, '2025-06-13 08:00:06', '2025-06-13 08:00:06', NULL);
INSERT INTO `sa_tool_crontab_log` (`id`, `crontab_id`, `name`, `target`, `parameter`, `exception_info`, `status`, `create_time`, `update_time`, `delete_time`) VALUES (22, 2, '登录gitee', 'https://gitee.com/check_user_login', '{\"user_login\": \"saiadmin\"}', '{\"result\":1,\"failed_count\":1}', 1, '2025-06-13 10:00:01', '2025-06-13 10:00:01', NULL);
INSERT INTO `sa_tool_crontab_log` (`id`, `crontab_id`, `name`, `target`, `parameter`, `exception_info`, `status`, `create_time`, `update_time`, `delete_time`) VALUES (23, 3, '定时执行任务', '\\plugin\\saiadmin\\process\\Task', '{\"type\":\"1\"}', NULL, 1, '2025-06-13 12:30:01', '2025-06-13 12:30:01', NULL);
INSERT INTO `sa_tool_crontab_log` (`id`, `crontab_id`, `name`, `target`, `parameter`, `exception_info`, `status`, `create_time`, `update_time`, `delete_time`) VALUES (24, 1, '访问官网', 'https://saithink.top', NULL, 'cURL error 28: Operation timed out after 5002 milliseconds with 16082 out of 27055 bytes received (see https://curl.haxx.se/libcurl/c/libcurl-errors.html) for https://saithink.top', 2, '2025-06-14 08:00:06', '2025-06-14 08:00:06', NULL);
INSERT INTO `sa_tool_crontab_log` (`id`, `crontab_id`, `name`, `target`, `parameter`, `exception_info`, `status`, `create_time`, `update_time`, `delete_time`) VALUES (25, 2, '登录gitee', 'https://gitee.com/check_user_login', '{\"user_login\": \"saiadmin\"}', '{\"result\":1,\"failed_count\":1}', 1, '2025-06-14 10:00:01', '2025-06-14 10:00:01', NULL);
INSERT INTO `sa_tool_crontab_log` (`id`, `crontab_id`, `name`, `target`, `parameter`, `exception_info`, `status`, `create_time`, `update_time`, `delete_time`) VALUES (26, 3, '定时执行任务', '\\plugin\\saiadmin\\process\\Task', '{\"type\":\"1\"}', NULL, 1, '2025-06-14 12:30:01', '2025-06-14 12:30:01', NULL);
INSERT INTO `sa_tool_crontab_log` (`id`, `crontab_id`, `name`, `target`, `parameter`, `exception_info`, `status`, `create_time`, `update_time`, `delete_time`) VALUES (27, 1, '访问官网', 'https://saithink.top', NULL, 'cURL error 28: Connection timed out after 5002 milliseconds (see https://curl.haxx.se/libcurl/c/libcurl-errors.html) for https://saithink.top', 2, '2025-06-15 08:00:06', '2025-06-15 08:00:06', NULL);
INSERT INTO `sa_tool_crontab_log` (`id`, `crontab_id`, `name`, `target`, `parameter`, `exception_info`, `status`, `create_time`, `update_time`, `delete_time`) VALUES (28, 2, '登录gitee', 'https://gitee.com/check_user_login', '{\"user_login\": \"saiadmin\"}', '{\"result\":1,\"failed_count\":1}', 1, '2025-06-15 10:00:01', '2025-06-15 10:00:01', NULL);
COMMIT;

-- ----------------------------
-- Table structure for sa_tool_generate_columns
-- ----------------------------
DROP TABLE IF EXISTS `sa_tool_generate_columns`;
CREATE TABLE `sa_tool_generate_columns` (
  `id` int unsigned NOT NULL AUTO_INCREMENT COMMENT '主键',
  `table_id` int unsigned DEFAULT NULL COMMENT '所属表ID',
  `column_name` varchar(200) DEFAULT NULL COMMENT '字段名称',
  `column_comment` varchar(255) DEFAULT NULL COMMENT '字段注释',
  `column_type` varchar(50) DEFAULT NULL COMMENT '字段类型',
  `default_value` varchar(50) DEFAULT NULL COMMENT '默认值',
  `is_pk` smallint DEFAULT '1' COMMENT '1 非主键 2 主键',
  `is_required` smallint DEFAULT '1' COMMENT '1 非必填 2 必填',
  `is_insert` smallint DEFAULT '1' COMMENT '1 非插入字段 2 插入字段',
  `is_edit` smallint DEFAULT '1' COMMENT '1 非编辑字段 2 编辑字段',
  `is_list` smallint DEFAULT '1' COMMENT '1 非列表显示字段 2 列表显示字段',
  `is_query` smallint DEFAULT '1' COMMENT '1 非查询字段 2 查询字段',
  `is_sort` smallint DEFAULT '1' COMMENT '1 非排序 2 排序',
  `query_type` varchar(100) DEFAULT 'eq' COMMENT '查询方式 eq 等于, neq 不等于, gt 大于, lt 小于, like 范围',
  `view_type` varchar(100) DEFAULT 'text' COMMENT '页面控件,text, textarea, password, select, checkbox, radio, date, upload, ma-upload(封装的上传控件)',
  `dict_type` varchar(200) DEFAULT NULL COMMENT '字典类型',
  `allow_roles` varchar(255) DEFAULT NULL COMMENT '允许查看该字段的角色',
  `options` varchar(1000) DEFAULT NULL COMMENT '字段其他设置',
  `sort` tinyint unsigned DEFAULT '0' COMMENT '排序',
  `remark` varchar(255) DEFAULT NULL COMMENT '备注',
  `created_by` int DEFAULT NULL COMMENT '创建者',
  `updated_by` int DEFAULT NULL COMMENT '更新者',
  `create_time` datetime DEFAULT NULL COMMENT '创建时间',
  `update_time` datetime DEFAULT NULL COMMENT '修改时间',
  `delete_time` datetime DEFAULT NULL COMMENT '删除时间',
  PRIMARY KEY (`id`) USING BTREE
) ENGINE=InnoDB DEFAULT CHARSET=utf8mb4 COLLATE=utf8mb4_0900_ai_ci ROW_FORMAT=DYNAMIC COMMENT='代码生成业务字段表';

-- ----------------------------
-- Records of sa_tool_generate_columns
-- ----------------------------
BEGIN;
COMMIT;

-- ----------------------------
-- Table structure for sa_tool_generate_tables
-- ----------------------------
DROP TABLE IF EXISTS `sa_tool_generate_tables`;
CREATE TABLE `sa_tool_generate_tables` (
  `id` int unsigned NOT NULL AUTO_INCREMENT COMMENT '主键',
  `table_name` varchar(200) DEFAULT NULL COMMENT '表名称',
  `table_comment` varchar(500) DEFAULT NULL COMMENT '表注释',
  `stub` varchar(50) DEFAULT NULL COMMENT 'stub类型',
  `template` varchar(50) DEFAULT NULL COMMENT '模板名称',
  `namespace` varchar(255) DEFAULT NULL COMMENT '命名空间',
  `package_name` varchar(100) DEFAULT NULL COMMENT '控制器包名',
  `business_name` varchar(50) DEFAULT NULL COMMENT '业务名称',
  `class_name` varchar(50) DEFAULT NULL COMMENT '类名称',
  `menu_name` varchar(100) DEFAULT NULL COMMENT '生成菜单名',
  `belong_menu_id` int DEFAULT NULL COMMENT '所属菜单',
  `tpl_category` varchar(100) DEFAULT NULL COMMENT '生成类型,single 单表CRUD,tree 树表CRUD,parent_sub父子表CRUD',
  `generate_type` smallint DEFAULT '1' COMMENT '1 压缩包下载 2 生成到模块',
  `generate_path` varchar(100) DEFAULT 'saiadmin-vue' COMMENT '前端根目录',
  `generate_model` smallint DEFAULT '1' COMMENT '1 软删除 2 非软删除',
  `generate_menus` varchar(255) DEFAULT NULL COMMENT '生成菜单列表',
  `build_menu` smallint DEFAULT '1' COMMENT '是否构建菜单',
  `component_type` smallint DEFAULT '1' COMMENT '组件显示方式',
  `options` varchar(1500) DEFAULT NULL COMMENT '其他业务选项',
  `form_width` int DEFAULT '600' COMMENT '表单宽度',
  `is_full` tinyint(1) DEFAULT '1' COMMENT '是否全屏',
  `remark` varchar(255) DEFAULT NULL COMMENT '备注',
  `source` varchar(255) DEFAULT NULL COMMENT '数据源',
  `created_by` int DEFAULT NULL COMMENT '创建者',
  `updated_by` int DEFAULT NULL COMMENT '更新者',
  `create_time` datetime DEFAULT NULL COMMENT '创建时间',
  `update_time` datetime DEFAULT NULL COMMENT '修改时间',
  `delete_time` datetime DEFAULT NULL COMMENT '删除时间',
  PRIMARY KEY (`id`) USING BTREE
) ENGINE=InnoDB DEFAULT CHARSET=utf8mb4 COLLATE=utf8mb4_0900_ai_ci ROW_FORMAT=DYNAMIC COMMENT='代码生成业务表';

-- ----------------------------
-- Records of sa_tool_generate_tables
-- ----------------------------
BEGIN;
COMMIT;

-- ----------------------------
-- Table structure for saicode_column
-- ----------------------------
DROP TABLE IF EXISTS `saicode_column`;
CREATE TABLE `saicode_column` (
  `id` int unsigned NOT NULL AUTO_INCREMENT COMMENT '主键',
  `table_id` int unsigned DEFAULT NULL COMMENT '所属表ID',
  `column_name` varchar(200) CHARACTER SET utf8mb4 COLLATE utf8mb4_general_ci DEFAULT NULL COMMENT '字段名称',
  `column_comment` varchar(255) CHARACTER SET utf8mb4 COLLATE utf8mb4_general_ci DEFAULT NULL COMMENT '字段注释',
  `column_type` varchar(50) CHARACTER SET utf8mb4 COLLATE utf8mb4_general_ci DEFAULT NULL COMMENT '字段类型',
  `column_width` int DEFAULT '180' COMMENT '列表宽度',
  `default_value` varchar(50) CHARACTER SET utf8mb4 COLLATE utf8mb4_general_ci DEFAULT NULL COMMENT '默认值',
  `is_pk` smallint DEFAULT '1' COMMENT '1 非主键 2 主键',
  `is_required` smallint DEFAULT '1' COMMENT '1 非必填 2 必填',
  `is_insert` smallint DEFAULT '1' COMMENT '1 非插入字段 2 插入字段',
  `is_edit` smallint DEFAULT '1' COMMENT '1 非编辑字段 2 编辑字段',
  `is_list` smallint DEFAULT '1' COMMENT '1 非列表显示字段 2 列表显示字段',
  `is_query` smallint DEFAULT '1' COMMENT '1 非查询字段 2 查询字段',
  `is_sort` smallint DEFAULT '1' COMMENT '1 非排序 2 排序',
  `query_type` varchar(100) CHARACTER SET utf8mb4 COLLATE utf8mb4_general_ci DEFAULT 'eq' COMMENT '查询方式',
  `span` smallint DEFAULT NULL COMMENT '布局',
  `view_type` varchar(100) CHARACTER SET utf8mb4 COLLATE utf8mb4_general_ci DEFAULT 'text' COMMENT '页面控件',
  `dict_type` varchar(200) CHARACTER SET utf8mb4 COLLATE utf8mb4_general_ci DEFAULT NULL COMMENT '字典类型',
  `options` varchar(1000) CHARACTER SET utf8mb4 COLLATE utf8mb4_general_ci DEFAULT NULL COMMENT '字段其他设置',
  `list_sort` smallint unsigned DEFAULT '0' COMMENT '列表排序',
  `form_sort` smallint unsigned DEFAULT '0' COMMENT '字段排序',
  `remark` varchar(255) CHARACTER SET utf8mb4 COLLATE utf8mb4_general_ci DEFAULT NULL COMMENT '备注',
  `created_by` int DEFAULT NULL COMMENT '创建者',
  `updated_by` int DEFAULT NULL COMMENT '更新者',
  `create_time` datetime DEFAULT NULL COMMENT '创建时间',
  `update_time` datetime DEFAULT NULL COMMENT '修改时间',
  `delete_time` datetime DEFAULT NULL COMMENT '删除时间',
  PRIMARY KEY (`id`) USING BTREE
) ENGINE=InnoDB AUTO_INCREMENT=83 DEFAULT CHARSET=utf8mb4 COLLATE=utf8mb4_0900_ai_ci ROW_FORMAT=DYNAMIC COMMENT='代码生成业务字段表';

-- ----------------------------
-- Records of saicode_column
-- ----------------------------
BEGIN;
INSERT INTO `saicode_column` (`id`, `table_id`, `column_name`, `column_comment`, `column_type`, `column_width`, `default_value`, `is_pk`, `is_required`, `is_insert`, `is_edit`, `is_list`, `is_query`, `is_sort`, `query_type`, `span`, `view_type`, `dict_type`, `options`, `list_sort`, `form_sort`, `remark`, `created_by`, `updated_by`, `create_time`, `update_time`, `delete_time`) VALUES (1, 1, 'id', '用户ID,主键', 'int', 180, NULL, 2, 2, 1, 1, 1, 1, 1, 'eq', NULL, 'input', NULL, 'null', 0, 0, NULL, 1, 1, '2025-06-06 07:22:21', '2025-06-06 08:29:42', '2025-06-06 08:29:42');
INSERT INTO `saicode_column` (`id`, `table_id`, `column_name`, `column_comment`, `column_type`, `column_width`, `default_value`, `is_pk`, `is_required`, `is_insert`, `is_edit`, `is_list`, `is_query`, `is_sort`, `query_type`, `span`, `view_type`, `dict_type`, `options`, `list_sort`, `form_sort`, `remark`, `created_by`, `updated_by`, `create_time`, `update_time`, `delete_time`) VALUES (2, 1, 'username', '用户名', 'varchar', 180, NULL, 1, 2, 1, 1, 1, 2, 1, 'like', NULL, 'input', NULL, 'null', 1, 1, NULL, 1, 1, '2025-06-06 07:22:21', '2025-06-06 08:29:42', '2025-06-06 08:29:42');
INSERT INTO `saicode_column` (`id`, `table_id`, `column_name`, `column_comment`, `column_type`, `column_width`, `default_value`, `is_pk`, `is_required`, `is_insert`, `is_edit`, `is_list`, `is_query`, `is_sort`, `query_type`, `span`, `view_type`, `dict_type`, `options`, `list_sort`, `form_sort`, `remark`, `created_by`, `updated_by`, `create_time`, `update_time`, `delete_time`) VALUES (3, 1, 'password', '密码', 'varchar', 180, NULL, 1, 2, 2, 2, 2, 1, 1, 'eq', NULL, 'input', NULL, 'null', 2, 2, NULL, 1, 1, '2025-06-06 07:22:21', '2025-06-06 08:29:42', '2025-06-06 08:29:42');
INSERT INTO `saicode_column` (`id`, `table_id`, `column_name`, `column_comment`, `column_type`, `column_width`, `default_value`, `is_pk`, `is_required`, `is_insert`, `is_edit`, `is_list`, `is_query`, `is_sort`, `query_type`, `span`, `view_type`, `dict_type`, `options`, `list_sort`, `form_sort`, `remark`, `created_by`, `updated_by`, `create_time`, `update_time`, `delete_time`) VALUES (4, 1, 'user_type', '用户类型:', 'varchar', 180, '100', 1, 2, 2, 2, 2, 2, 1, 'eq', NULL, 'input', NULL, 'null', 3, 3, NULL, 1, 1, '2025-06-06 07:22:21', '2025-06-06 08:29:42', '2025-06-06 08:29:42');
INSERT INTO `saicode_column` (`id`, `table_id`, `column_name`, `column_comment`, `column_type`, `column_width`, `default_value`, `is_pk`, `is_required`, `is_insert`, `is_edit`, `is_list`, `is_query`, `is_sort`, `query_type`, `span`, `view_type`, `dict_type`, `options`, `list_sort`, `form_sort`, `remark`, `created_by`, `updated_by`, `create_time`, `update_time`, `delete_time`) VALUES (5, 1, 'nickname', '用户昵称', 'varchar', 180, NULL, 1, 2, 2, 2, 2, 2, 1, 'like', NULL, 'input', NULL, 'null', 4, 4, NULL, 1, 1, '2025-06-06 07:22:21', '2025-06-06 08:29:42', '2025-06-06 08:29:42');
INSERT INTO `saicode_column` (`id`, `table_id`, `column_name`, `column_comment`, `column_type`, `column_width`, `default_value`, `is_pk`, `is_required`, `is_insert`, `is_edit`, `is_list`, `is_query`, `is_sort`, `query_type`, `span`, `view_type`, `dict_type`, `options`, `list_sort`, `form_sort`, `remark`, `created_by`, `updated_by`, `create_time`, `update_time`, `delete_time`) VALUES (6, 1, 'phone', '手机', 'varchar', 180, NULL, 1, 1, 2, 2, 2, 1, 1, 'eq', NULL, 'input', NULL, 'null', 5, 5, NULL, 1, 1, '2025-06-06 07:22:21', '2025-06-06 08:29:42', '2025-06-06 08:29:42');
INSERT INTO `saicode_column` (`id`, `table_id`, `column_name`, `column_comment`, `column_type`, `column_width`, `default_value`, `is_pk`, `is_required`, `is_insert`, `is_edit`, `is_list`, `is_query`, `is_sort`, `query_type`, `span`, `view_type`, `dict_type`, `options`, `list_sort`, `form_sort`, `remark`, `created_by`, `updated_by`, `create_time`, `update_time`, `delete_time`) VALUES (7, 1, 'email', '用户邮箱', 'varchar', 180, NULL, 1, 1, 2, 2, 2, 1, 1, 'eq', NULL, 'input', NULL, 'null', 6, 6, NULL, 1, 1, '2025-06-06 07:22:21', '2025-06-06 08:29:42', '2025-06-06 08:29:42');
INSERT INTO `saicode_column` (`id`, `table_id`, `column_name`, `column_comment`, `column_type`, `column_width`, `default_value`, `is_pk`, `is_required`, `is_insert`, `is_edit`, `is_list`, `is_query`, `is_sort`, `query_type`, `span`, `view_type`, `dict_type`, `options`, `list_sort`, `form_sort`, `remark`, `created_by`, `updated_by`, `create_time`, `update_time`, `delete_time`) VALUES (8, 1, 'avatar', '用户头像', 'varchar', 180, NULL, 1, 1, 2, 2, 2, 1, 1, 'eq', NULL, 'input', NULL, 'null', 7, 7, NULL, 1, 1, '2025-06-06 07:22:21', '2025-06-06 08:29:42', '2025-06-06 08:29:42');
INSERT INTO `saicode_column` (`id`, `table_id`, `column_name`, `column_comment`, `column_type`, `column_width`, `default_value`, `is_pk`, `is_required`, `is_insert`, `is_edit`, `is_list`, `is_query`, `is_sort`, `query_type`, `span`, `view_type`, `dict_type`, `options`, `list_sort`, `form_sort`, `remark`, `created_by`, `updated_by`, `create_time`, `update_time`, `delete_time`) VALUES (9, 1, 'signed', '个人签名', 'varchar', 180, NULL, 1, 1, 2, 2, 2, 1, 1, 'eq', NULL, 'input', NULL, 'null', 8, 8, NULL, 1, 1, '2025-06-06 07:22:21', '2025-06-06 08:29:42', '2025-06-06 08:29:42');
INSERT INTO `saicode_column` (`id`, `table_id`, `column_name`, `column_comment`, `column_type`, `column_width`, `default_value`, `is_pk`, `is_required`, `is_insert`, `is_edit`, `is_list`, `is_query`, `is_sort`, `query_type`, `span`, `view_type`, `dict_type`, `options`, `list_sort`, `form_sort`, `remark`, `created_by`, `updated_by`, `create_time`, `update_time`, `delete_time`) VALUES (10, 1, 'dashboard', '后台首页类型', 'varchar', 180, NULL, 1, 1, 2, 2, 2, 1, 1, 'eq', NULL, 'input', NULL, 'null', 9, 9, NULL, 1, 1, '2025-06-06 07:22:21', '2025-06-06 08:29:42', '2025-06-06 08:29:42');
INSERT INTO `saicode_column` (`id`, `table_id`, `column_name`, `column_comment`, `column_type`, `column_width`, `default_value`, `is_pk`, `is_required`, `is_insert`, `is_edit`, `is_list`, `is_query`, `is_sort`, `query_type`, `span`, `view_type`, `dict_type`, `options`, `list_sort`, `form_sort`, `remark`, `created_by`, `updated_by`, `create_time`, `update_time`, `delete_time`) VALUES (11, 1, 'dept_id', '部门ID', 'int', 180, NULL, 1, 1, 1, 1, 1, 1, 1, 'eq', NULL, 'input', NULL, 'null', 10, 10, NULL, 1, 1, '2025-06-06 07:22:21', '2025-06-06 08:29:42', '2025-06-06 08:29:42');
INSERT INTO `saicode_column` (`id`, `table_id`, `column_name`, `column_comment`, `column_type`, `column_width`, `default_value`, `is_pk`, `is_required`, `is_insert`, `is_edit`, `is_list`, `is_query`, `is_sort`, `query_type`, `span`, `view_type`, `dict_type`, `options`, `list_sort`, `form_sort`, `remark`, `created_by`, `updated_by`, `create_time`, `update_time`, `delete_time`) VALUES (12, 1, 'status', '状态', 'smallint', 180, '1', 1, 1, 2, 2, 2, 1, 1, 'eq', NULL, 'input', NULL, 'null', 11, 11, NULL, 1, 1, '2025-06-06 07:22:21', '2025-06-06 08:29:42', '2025-06-06 08:29:42');
INSERT INTO `saicode_column` (`id`, `table_id`, `column_name`, `column_comment`, `column_type`, `column_width`, `default_value`, `is_pk`, `is_required`, `is_insert`, `is_edit`, `is_list`, `is_query`, `is_sort`, `query_type`, `span`, `view_type`, `dict_type`, `options`, `list_sort`, `form_sort`, `remark`, `created_by`, `updated_by`, `create_time`, `update_time`, `delete_time`) VALUES (13, 1, 'login_ip', '最后登陆IP', 'varchar', 180, NULL, 1, 1, 2, 2, 2, 1, 1, 'eq', NULL, 'input', NULL, 'null', 12, 12, NULL, 1, 1, '2025-06-06 07:22:21', '2025-06-06 08:29:42', '2025-06-06 08:29:42');
INSERT INTO `saicode_column` (`id`, `table_id`, `column_name`, `column_comment`, `column_type`, `column_width`, `default_value`, `is_pk`, `is_required`, `is_insert`, `is_edit`, `is_list`, `is_query`, `is_sort`, `query_type`, `span`, `view_type`, `dict_type`, `options`, `list_sort`, `form_sort`, `remark`, `created_by`, `updated_by`, `create_time`, `update_time`, `delete_time`) VALUES (14, 1, 'login_time', '最后登陆时间', 'datetime', 180, NULL, 1, 1, 2, 2, 2, 1, 1, 'between', NULL, 'date', NULL, '{\"mode\":\"date\",\"showTime\":true}', 13, 13, NULL, 1, 1, '2025-06-06 07:22:21', '2025-06-06 08:29:42', '2025-06-06 08:29:42');
INSERT INTO `saicode_column` (`id`, `table_id`, `column_name`, `column_comment`, `column_type`, `column_width`, `default_value`, `is_pk`, `is_required`, `is_insert`, `is_edit`, `is_list`, `is_query`, `is_sort`, `query_type`, `span`, `view_type`, `dict_type`, `options`, `list_sort`, `form_sort`, `remark`, `created_by`, `updated_by`, `create_time`, `update_time`, `delete_time`) VALUES (15, 1, 'backend_setting', '后台设置数据', 'varchar', 180, NULL, 1, 1, 2, 2, 2, 1, 1, 'eq', NULL, 'input', NULL, 'null', 14, 14, NULL, 1, 1, '2025-06-06 07:22:21', '2025-06-06 08:29:42', '2025-06-06 08:29:42');
INSERT INTO `saicode_column` (`id`, `table_id`, `column_name`, `column_comment`, `column_type`, `column_width`, `default_value`, `is_pk`, `is_required`, `is_insert`, `is_edit`, `is_list`, `is_query`, `is_sort`, `query_type`, `span`, `view_type`, `dict_type`, `options`, `list_sort`, `form_sort`, `remark`, `created_by`, `updated_by`, `create_time`, `update_time`, `delete_time`) VALUES (16, 1, 'remark', '备注', 'varchar', 180, NULL, 1, 1, 1, 1, 1, 1, 1, 'eq', NULL, 'input', NULL, 'null', 15, 15, NULL, 1, 1, '2025-06-06 07:22:21', '2025-06-06 08:29:42', '2025-06-06 08:29:42');
INSERT INTO `saicode_column` (`id`, `table_id`, `column_name`, `column_comment`, `column_type`, `column_width`, `default_value`, `is_pk`, `is_required`, `is_insert`, `is_edit`, `is_list`, `is_query`, `is_sort`, `query_type`, `span`, `view_type`, `dict_type`, `options`, `list_sort`, `form_sort`, `remark`, `created_by`, `updated_by`, `create_time`, `update_time`, `delete_time`) VALUES (17, 1, 'created_by', '创建者', 'int', 180, NULL, 1, 1, 1, 1, 1, 1, 1, 'eq', NULL, 'input', NULL, 'null', 16, 16, NULL, 1, 1, '2025-06-06 07:22:21', '2025-06-06 08:29:42', '2025-06-06 08:29:42');
INSERT INTO `saicode_column` (`id`, `table_id`, `column_name`, `column_comment`, `column_type`, `column_width`, `default_value`, `is_pk`, `is_required`, `is_insert`, `is_edit`, `is_list`, `is_query`, `is_sort`, `query_type`, `span`, `view_type`, `dict_type`, `options`, `list_sort`, `form_sort`, `remark`, `created_by`, `updated_by`, `create_time`, `update_time`, `delete_time`) VALUES (18, 1, 'updated_by', '更新者', 'int', 180, NULL, 1, 1, 1, 1, 1, 1, 1, 'eq', NULL, 'input', NULL, 'null', 17, 17, NULL, 1, 1, '2025-06-06 07:22:21', '2025-06-06 08:29:42', '2025-06-06 08:29:42');
INSERT INTO `saicode_column` (`id`, `table_id`, `column_name`, `column_comment`, `column_type`, `column_width`, `default_value`, `is_pk`, `is_required`, `is_insert`, `is_edit`, `is_list`, `is_query`, `is_sort`, `query_type`, `span`, `view_type`, `dict_type`, `options`, `list_sort`, `form_sort`, `remark`, `created_by`, `updated_by`, `create_time`, `update_time`, `delete_time`) VALUES (19, 1, 'create_time', '创建时间', 'datetime', 180, NULL, 1, 1, 1, 1, 1, 1, 1, 'between', NULL, 'date', NULL, '{\"mode\":\"date\",\"showTime\":true}', 18, 18, NULL, 1, 1, '2025-06-06 07:22:21', '2025-06-06 08:29:42', '2025-06-06 08:29:42');
INSERT INTO `saicode_column` (`id`, `table_id`, `column_name`, `column_comment`, `column_type`, `column_width`, `default_value`, `is_pk`, `is_required`, `is_insert`, `is_edit`, `is_list`, `is_query`, `is_sort`, `query_type`, `span`, `view_type`, `dict_type`, `options`, `list_sort`, `form_sort`, `remark`, `created_by`, `updated_by`, `create_time`, `update_time`, `delete_time`) VALUES (20, 1, 'update_time', '修改时间', 'datetime', 180, NULL, 1, 1, 1, 1, 1, 1, 1, 'between', NULL, 'date', NULL, '{\"mode\":\"date\",\"showTime\":true}', 19, 19, NULL, 1, 1, '2025-06-06 07:22:21', '2025-06-06 08:29:42', '2025-06-06 08:29:42');
INSERT INTO `saicode_column` (`id`, `table_id`, `column_name`, `column_comment`, `column_type`, `column_width`, `default_value`, `is_pk`, `is_required`, `is_insert`, `is_edit`, `is_list`, `is_query`, `is_sort`, `query_type`, `span`, `view_type`, `dict_type`, `options`, `list_sort`, `form_sort`, `remark`, `created_by`, `updated_by`, `create_time`, `update_time`, `delete_time`) VALUES (21, 2, 'id', '用户ID', 'int', 180, NULL, 2, 1, 2, 2, 2, 2, 2, 'eq', NULL, 'input', NULL, NULL, 0, 0, NULL, 1, 1, '2025-06-06 08:30:26', '2025-06-06 08:32:29', '2025-06-06 08:32:29');
INSERT INTO `saicode_column` (`id`, `table_id`, `column_name`, `column_comment`, `column_type`, `column_width`, `default_value`, `is_pk`, `is_required`, `is_insert`, `is_edit`, `is_list`, `is_query`, `is_sort`, `query_type`, `span`, `view_type`, `dict_type`, `options`, `list_sort`, `form_sort`, `remark`, `created_by`, `updated_by`, `create_time`, `update_time`, `delete_time`) VALUES (22, 2, 'username', '用户名', 'varchar', 180, NULL, 1, 2, 2, 2, 2, 2, 1, 'like', NULL, 'input', NULL, NULL, 1, 1, NULL, 1, 1, '2025-06-06 08:30:26', '2025-06-06 08:32:29', '2025-06-06 08:32:29');
INSERT INTO `saicode_column` (`id`, `table_id`, `column_name`, `column_comment`, `column_type`, `column_width`, `default_value`, `is_pk`, `is_required`, `is_insert`, `is_edit`, `is_list`, `is_query`, `is_sort`, `query_type`, `span`, `view_type`, `dict_type`, `options`, `list_sort`, `form_sort`, `remark`, `created_by`, `updated_by`, `create_time`, `update_time`, `delete_time`) VALUES (23, 2, 'password', '密码', 'varchar', 180, NULL, 1, 2, 2, 2, 2, 1, 1, 'eq', NULL, 'input', NULL, NULL, 2, 2, NULL, 1, 1, '2025-06-06 08:30:26', '2025-06-06 08:32:29', '2025-06-06 08:32:29');
INSERT INTO `saicode_column` (`id`, `table_id`, `column_name`, `column_comment`, `column_type`, `column_width`, `default_value`, `is_pk`, `is_required`, `is_insert`, `is_edit`, `is_list`, `is_query`, `is_sort`, `query_type`, `span`, `view_type`, `dict_type`, `options`, `list_sort`, `form_sort`, `remark`, `created_by`, `updated_by`, `create_time`, `update_time`, `delete_time`) VALUES (24, 2, 'mobile', '手机号', 'varchar', 180, NULL, 1, 1, 2, 2, 2, 2, 1, 'eq', NULL, 'input', NULL, NULL, 3, 3, NULL, 1, 1, '2025-06-06 08:30:26', '2025-06-06 08:32:29', '2025-06-06 08:32:29');
INSERT INTO `saicode_column` (`id`, `table_id`, `column_name`, `column_comment`, `column_type`, `column_width`, `default_value`, `is_pk`, `is_required`, `is_insert`, `is_edit`, `is_list`, `is_query`, `is_sort`, `query_type`, `span`, `view_type`, `dict_type`, `options`, `list_sort`, `form_sort`, `remark`, `created_by`, `updated_by`, `create_time`, `update_time`, `delete_time`) VALUES (25, 2, 'role', '角色：0-普通用户，1-管理员', 'tinyint', 180, '0', 1, 1, 2, 2, 2, 2, 1, 'eq', NULL, 'input', NULL, NULL, 4, 4, NULL, 1, 1, '2025-06-06 08:30:26', '2025-06-06 08:32:29', '2025-06-06 08:32:29');
INSERT INTO `saicode_column` (`id`, `table_id`, `column_name`, `column_comment`, `column_type`, `column_width`, `default_value`, `is_pk`, `is_required`, `is_insert`, `is_edit`, `is_list`, `is_query`, `is_sort`, `query_type`, `span`, `view_type`, `dict_type`, `options`, `list_sort`, `form_sort`, `remark`, `created_by`, `updated_by`, `create_time`, `update_time`, `delete_time`) VALUES (26, 2, 'status', '状态：1-正常，0-禁用', 'tinyint', 180, '1', 1, 1, 2, 2, 2, 2, 1, 'eq', NULL, 'input', NULL, NULL, 5, 5, NULL, 1, 1, '2025-06-06 08:30:26', '2025-06-06 08:32:29', '2025-06-06 08:32:29');
INSERT INTO `saicode_column` (`id`, `table_id`, `column_name`, `column_comment`, `column_type`, `column_width`, `default_value`, `is_pk`, `is_required`, `is_insert`, `is_edit`, `is_list`, `is_query`, `is_sort`, `query_type`, `span`, `view_type`, `dict_type`, `options`, `list_sort`, `form_sort`, `remark`, `created_by`, `updated_by`, `create_time`, `update_time`, `delete_time`) VALUES (27, 2, 'create_time', '创建时间', 'datetime', 180, 'CURRENT_TIMESTAMP', 1, 1, 1, 2, 2, 1, 1, 'between', NULL, 'date', NULL, '{\"mode\":\"date\",\"showTime\":true}', 6, 6, NULL, 1, 1, '2025-06-06 08:30:26', '2025-06-06 08:32:29', '2025-06-06 08:32:29');
INSERT INTO `saicode_column` (`id`, `table_id`, `column_name`, `column_comment`, `column_type`, `column_width`, `default_value`, `is_pk`, `is_required`, `is_insert`, `is_edit`, `is_list`, `is_query`, `is_sort`, `query_type`, `span`, `view_type`, `dict_type`, `options`, `list_sort`, `form_sort`, `remark`, `created_by`, `updated_by`, `create_time`, `update_time`, `delete_time`) VALUES (28, 2, 'update_time', '更新时间', 'datetime', 180, 'CURRENT_TIMESTAMP', 1, 1, 1, 2, 2, 1, 1, 'between', NULL, 'date', NULL, '{\"mode\":\"date\",\"showTime\":true}', 7, 7, NULL, 1, 1, '2025-06-06 08:30:26', '2025-06-06 08:32:29', '2025-06-06 08:32:29');
INSERT INTO `saicode_column` (`id`, `table_id`, `column_name`, `column_comment`, `column_type`, `column_width`, `default_value`, `is_pk`, `is_required`, `is_insert`, `is_edit`, `is_list`, `is_query`, `is_sort`, `query_type`, `span`, `view_type`, `dict_type`, `options`, `list_sort`, `form_sort`, `remark`, `created_by`, `updated_by`, `create_time`, `update_time`, `delete_time`) VALUES (29, 2, 'id', '用户ID', 'int', 180, NULL, 2, 1, 1, 2, 2, 2, 2, 'eq', NULL, 'input', NULL, NULL, 0, 0, NULL, 1, 1, '2025-06-06 08:32:29', '2025-06-06 08:47:33', '2025-06-06 08:47:33');
INSERT INTO `saicode_column` (`id`, `table_id`, `column_name`, `column_comment`, `column_type`, `column_width`, `default_value`, `is_pk`, `is_required`, `is_insert`, `is_edit`, `is_list`, `is_query`, `is_sort`, `query_type`, `span`, `view_type`, `dict_type`, `options`, `list_sort`, `form_sort`, `remark`, `created_by`, `updated_by`, `create_time`, `update_time`, `delete_time`) VALUES (30, 2, 'username', '用户名', 'varchar', 180, NULL, 1, 2, 2, 2, 2, 2, 1, 'like', NULL, 'input', NULL, NULL, 1, 1, NULL, 1, 1, '2025-06-06 08:32:29', '2025-06-06 08:47:33', '2025-06-06 08:47:33');
INSERT INTO `saicode_column` (`id`, `table_id`, `column_name`, `column_comment`, `column_type`, `column_width`, `default_value`, `is_pk`, `is_required`, `is_insert`, `is_edit`, `is_list`, `is_query`, `is_sort`, `query_type`, `span`, `view_type`, `dict_type`, `options`, `list_sort`, `form_sort`, `remark`, `created_by`, `updated_by`, `create_time`, `update_time`, `delete_time`) VALUES (31, 2, 'password', '密码', 'varchar', 180, NULL, 1, 2, 2, 1, 1, 1, 1, 'eq', NULL, 'input', NULL, NULL, 2, 2, NULL, 1, 1, '2025-06-06 08:32:29', '2025-06-06 08:47:33', '2025-06-06 08:47:33');
INSERT INTO `saicode_column` (`id`, `table_id`, `column_name`, `column_comment`, `column_type`, `column_width`, `default_value`, `is_pk`, `is_required`, `is_insert`, `is_edit`, `is_list`, `is_query`, `is_sort`, `query_type`, `span`, `view_type`, `dict_type`, `options`, `list_sort`, `form_sort`, `remark`, `created_by`, `updated_by`, `create_time`, `update_time`, `delete_time`) VALUES (32, 2, 'mobile', '手机号', 'varchar', 180, NULL, 1, 1, 2, 2, 2, 2, 1, 'eq', NULL, 'input', NULL, NULL, 3, 3, NULL, 1, 1, '2025-06-06 08:32:29', '2025-06-06 08:47:33', '2025-06-06 08:47:33');
INSERT INTO `saicode_column` (`id`, `table_id`, `column_name`, `column_comment`, `column_type`, `column_width`, `default_value`, `is_pk`, `is_required`, `is_insert`, `is_edit`, `is_list`, `is_query`, `is_sort`, `query_type`, `span`, `view_type`, `dict_type`, `options`, `list_sort`, `form_sort`, `remark`, `created_by`, `updated_by`, `create_time`, `update_time`, `delete_time`) VALUES (33, 2, 'role', '角色', 'tinyint', 180, '2', 1, 2, 2, 2, 2, 2, 1, 'eq', NULL, 'saSelect', 'user_type', NULL, 4, 4, NULL, 1, 1, '2025-06-06 08:32:29', '2025-06-06 08:47:33', '2025-06-06 08:47:33');
INSERT INTO `saicode_column` (`id`, `table_id`, `column_name`, `column_comment`, `column_type`, `column_width`, `default_value`, `is_pk`, `is_required`, `is_insert`, `is_edit`, `is_list`, `is_query`, `is_sort`, `query_type`, `span`, `view_type`, `dict_type`, `options`, `list_sort`, `form_sort`, `remark`, `created_by`, `updated_by`, `create_time`, `update_time`, `delete_time`) VALUES (34, 2, 'status', '状态', 'tinyint', 180, '1', 1, 1, 2, 2, 2, 2, 1, 'eq', NULL, 'switch', NULL, '{\"min\":1,\"max\":100,\"step\":1}', 5, 5, NULL, 1, 1, '2025-06-06 08:32:29', '2025-06-06 08:47:33', '2025-06-06 08:47:33');
INSERT INTO `saicode_column` (`id`, `table_id`, `column_name`, `column_comment`, `column_type`, `column_width`, `default_value`, `is_pk`, `is_required`, `is_insert`, `is_edit`, `is_list`, `is_query`, `is_sort`, `query_type`, `span`, `view_type`, `dict_type`, `options`, `list_sort`, `form_sort`, `remark`, `created_by`, `updated_by`, `create_time`, `update_time`, `delete_time`) VALUES (35, 2, 'create_time', '创建时间', 'datetime', 180, 'CURRENT_TIMESTAMP', 1, 1, 1, 2, 2, 1, 1, 'between', NULL, 'date', NULL, '{\"mode\":\"date\",\"showTime\":true}', 6, 6, NULL, 1, 1, '2025-06-06 08:32:29', '2025-06-06 08:47:33', '2025-06-06 08:47:33');
INSERT INTO `saicode_column` (`id`, `table_id`, `column_name`, `column_comment`, `column_type`, `column_width`, `default_value`, `is_pk`, `is_required`, `is_insert`, `is_edit`, `is_list`, `is_query`, `is_sort`, `query_type`, `span`, `view_type`, `dict_type`, `options`, `list_sort`, `form_sort`, `remark`, `created_by`, `updated_by`, `create_time`, `update_time`, `delete_time`) VALUES (36, 2, 'update_time', '更新时间', 'datetime', 180, 'CURRENT_TIMESTAMP', 1, 1, 1, 2, 2, 1, 1, 'between', NULL, 'date', NULL, '{\"mode\":\"date\",\"showTime\":true}', 7, 7, NULL, 1, 1, '2025-06-06 08:32:29', '2025-06-06 08:47:33', '2025-06-06 08:47:33');
INSERT INTO `saicode_column` (`id`, `table_id`, `column_name`, `column_comment`, `column_type`, `column_width`, `default_value`, `is_pk`, `is_required`, `is_insert`, `is_edit`, `is_list`, `is_query`, `is_sort`, `query_type`, `span`, `view_type`, `dict_type`, `options`, `list_sort`, `form_sort`, `remark`, `created_by`, `updated_by`, `create_time`, `update_time`, `delete_time`) VALUES (37, 3, 'id', 'id', 'int', 180, NULL, 2, 1, 1, 2, 2, 2, 2, 'eq', NULL, 'input', NULL, NULL, 0, 0, NULL, 1, 1, '2025-06-06 08:45:25', '2025-06-06 09:34:47', NULL);
INSERT INTO `saicode_column` (`id`, `table_id`, `column_name`, `column_comment`, `column_type`, `column_width`, `default_value`, `is_pk`, `is_required`, `is_insert`, `is_edit`, `is_list`, `is_query`, `is_sort`, `query_type`, `span`, `view_type`, `dict_type`, `options`, `list_sort`, `form_sort`, `remark`, `created_by`, `updated_by`, `create_time`, `update_time`, `delete_time`) VALUES (38, 3, 'uid', '用户 id', 'int', 180, NULL, 1, 2, 2, 2, 2, 2, 2, 'eq', NULL, 'select', NULL, '{\"check_strictly\":false,\"field_label\":\"username\",\"field_value\":\"id\",\"url\":\"\\/api\\/User\\/index?saiType=all\"}', 1, 1, NULL, 1, 1, '2025-06-06 08:45:25', '2025-06-06 09:34:47', NULL);
INSERT INTO `saicode_column` (`id`, `table_id`, `column_name`, `column_comment`, `column_type`, `column_width`, `default_value`, `is_pk`, `is_required`, `is_insert`, `is_edit`, `is_list`, `is_query`, `is_sort`, `query_type`, `span`, `view_type`, `dict_type`, `options`, `list_sort`, `form_sort`, `remark`, `created_by`, `updated_by`, `create_time`, `update_time`, `delete_time`) VALUES (39, 3, 'number', '任务编号', 'varchar', 180, NULL, 1, 2, 2, 2, 2, 2, 1, 'eq', NULL, 'input', NULL, NULL, 2, 2, NULL, 1, 1, '2025-06-06 08:45:25', '2025-06-06 09:34:47', NULL);
INSERT INTO `saicode_column` (`id`, `table_id`, `column_name`, `column_comment`, `column_type`, `column_width`, `default_value`, `is_pk`, `is_required`, `is_insert`, `is_edit`, `is_list`, `is_query`, `is_sort`, `query_type`, `span`, `view_type`, `dict_type`, `options`, `list_sort`, `form_sort`, `remark`, `created_by`, `updated_by`, `create_time`, `update_time`, `delete_time`) VALUES (40, 3, 'name', '任务昵称', 'varchar', 180, NULL, 1, 2, 2, 2, 2, 2, 1, 'like', NULL, 'input', NULL, NULL, 3, 3, NULL, 1, 1, '2025-06-06 08:45:25', '2025-06-06 09:34:47', NULL);
INSERT INTO `saicode_column` (`id`, `table_id`, `column_name`, `column_comment`, `column_type`, `column_width`, `default_value`, `is_pk`, `is_required`, `is_insert`, `is_edit`, `is_list`, `is_query`, `is_sort`, `query_type`, `span`, `view_type`, `dict_type`, `options`, `list_sort`, `form_sort`, `remark`, `created_by`, `updated_by`, `create_time`, `update_time`, `delete_time`) VALUES (41, 3, 'status', '状态', 'int', 180, '1', 1, 2, 2, 2, 2, 1, 1, 'eq', NULL, 'saSelect', 'task_type', NULL, 4, 4, NULL, 1, 1, '2025-06-06 08:45:25', '2025-06-06 09:34:47', NULL);
INSERT INTO `saicode_column` (`id`, `table_id`, `column_name`, `column_comment`, `column_type`, `column_width`, `default_value`, `is_pk`, `is_required`, `is_insert`, `is_edit`, `is_list`, `is_query`, `is_sort`, `query_type`, `span`, `view_type`, `dict_type`, `options`, `list_sort`, `form_sort`, `remark`, `created_by`, `updated_by`, `create_time`, `update_time`, `delete_time`) VALUES (42, 3, 'create_time', '创建时间', 'datetime', 180, NULL, 1, 1, 1, 1, 2, 1, 1, 'between', NULL, 'date', NULL, '{\"mode\":\"date\",\"showTime\":true}', 5, 5, NULL, 1, 1, '2025-06-06 08:45:25', '2025-06-06 09:34:47', NULL);
INSERT INTO `saicode_column` (`id`, `table_id`, `column_name`, `column_comment`, `column_type`, `column_width`, `default_value`, `is_pk`, `is_required`, `is_insert`, `is_edit`, `is_list`, `is_query`, `is_sort`, `query_type`, `span`, `view_type`, `dict_type`, `options`, `list_sort`, `form_sort`, `remark`, `created_by`, `updated_by`, `create_time`, `update_time`, `delete_time`) VALUES (43, 3, 'update_time', '更新时间', 'datetime', 180, NULL, 1, 1, 1, 1, 2, 1, 1, 'between', NULL, 'date', NULL, '{\"mode\":\"date\",\"showTime\":true}', 6, 6, NULL, 1, 1, '2025-06-06 08:45:25', '2025-06-06 09:34:47', NULL);
INSERT INTO `saicode_column` (`id`, `table_id`, `column_name`, `column_comment`, `column_type`, `column_width`, `default_value`, `is_pk`, `is_required`, `is_insert`, `is_edit`, `is_list`, `is_query`, `is_sort`, `query_type`, `span`, `view_type`, `dict_type`, `options`, `list_sort`, `form_sort`, `remark`, `created_by`, `updated_by`, `create_time`, `update_time`, `delete_time`) VALUES (44, 2, 'id', '用户ID', 'int', 180, NULL, 2, 1, 1, 2, 2, 2, 2, 'eq', NULL, 'input', NULL, 'null', 0, 0, NULL, 1, 1, '2025-06-06 08:47:33', '2025-06-06 08:47:33', NULL);
INSERT INTO `saicode_column` (`id`, `table_id`, `column_name`, `column_comment`, `column_type`, `column_width`, `default_value`, `is_pk`, `is_required`, `is_insert`, `is_edit`, `is_list`, `is_query`, `is_sort`, `query_type`, `span`, `view_type`, `dict_type`, `options`, `list_sort`, `form_sort`, `remark`, `created_by`, `updated_by`, `create_time`, `update_time`, `delete_time`) VALUES (45, 2, 'username', '用户名', 'varchar', 180, NULL, 1, 2, 2, 2, 2, 2, 1, 'like', NULL, 'input', NULL, 'null', 1, 1, NULL, 1, 1, '2025-06-06 08:47:33', '2025-06-06 08:47:33', NULL);
INSERT INTO `saicode_column` (`id`, `table_id`, `column_name`, `column_comment`, `column_type`, `column_width`, `default_value`, `is_pk`, `is_required`, `is_insert`, `is_edit`, `is_list`, `is_query`, `is_sort`, `query_type`, `span`, `view_type`, `dict_type`, `options`, `list_sort`, `form_sort`, `remark`, `created_by`, `updated_by`, `create_time`, `update_time`, `delete_time`) VALUES (46, 2, 'password', '密码', 'varchar', 180, NULL, 1, 2, 2, 1, 1, 1, 1, 'eq', NULL, 'input', NULL, 'null', 2, 2, NULL, 1, 1, '2025-06-06 08:47:33', '2025-06-06 08:47:33', NULL);
INSERT INTO `saicode_column` (`id`, `table_id`, `column_name`, `column_comment`, `column_type`, `column_width`, `default_value`, `is_pk`, `is_required`, `is_insert`, `is_edit`, `is_list`, `is_query`, `is_sort`, `query_type`, `span`, `view_type`, `dict_type`, `options`, `list_sort`, `form_sort`, `remark`, `created_by`, `updated_by`, `create_time`, `update_time`, `delete_time`) VALUES (47, 2, 'nickname', '昵称', 'varchar', 180, NULL, 1, 2, 2, 2, 2, 2, 1, 'like', NULL, 'input', NULL, 'null', 3, 3, NULL, 1, 1, '2025-06-06 08:47:33', '2025-06-06 08:47:33', NULL);
INSERT INTO `saicode_column` (`id`, `table_id`, `column_name`, `column_comment`, `column_type`, `column_width`, `default_value`, `is_pk`, `is_required`, `is_insert`, `is_edit`, `is_list`, `is_query`, `is_sort`, `query_type`, `span`, `view_type`, `dict_type`, `options`, `list_sort`, `form_sort`, `remark`, `created_by`, `updated_by`, `create_time`, `update_time`, `delete_time`) VALUES (48, 2, 'role', '角色', 'tinyint', 180, '2', 1, 2, 2, 2, 2, 2, 1, 'eq', NULL, 'saSelect', 'user_type', 'null', 4, 4, NULL, 1, 1, '2025-06-06 08:47:33', '2025-06-06 08:47:33', NULL);
INSERT INTO `saicode_column` (`id`, `table_id`, `column_name`, `column_comment`, `column_type`, `column_width`, `default_value`, `is_pk`, `is_required`, `is_insert`, `is_edit`, `is_list`, `is_query`, `is_sort`, `query_type`, `span`, `view_type`, `dict_type`, `options`, `list_sort`, `form_sort`, `remark`, `created_by`, `updated_by`, `create_time`, `update_time`, `delete_time`) VALUES (49, 2, 'status', '状态', 'tinyint', 180, '1', 1, 1, 2, 2, 2, 2, 1, 'eq', NULL, 'switch', NULL, '{\"min\":1,\"max\":100,\"step\":1}', 5, 5, NULL, 1, 1, '2025-06-06 08:47:33', '2025-06-06 08:47:33', NULL);
INSERT INTO `saicode_column` (`id`, `table_id`, `column_name`, `column_comment`, `column_type`, `column_width`, `default_value`, `is_pk`, `is_required`, `is_insert`, `is_edit`, `is_list`, `is_query`, `is_sort`, `query_type`, `span`, `view_type`, `dict_type`, `options`, `list_sort`, `form_sort`, `remark`, `created_by`, `updated_by`, `create_time`, `update_time`, `delete_time`) VALUES (50, 2, 'create_time', '创建时间', 'datetime', 180, 'CURRENT_TIMESTAMP', 1, 1, 1, 2, 2, 1, 1, 'between', NULL, 'date', NULL, '{\"mode\":\"date\",\"showTime\":true}', 6, 6, NULL, 1, 1, '2025-06-06 08:47:33', '2025-06-06 08:47:33', NULL);
INSERT INTO `saicode_column` (`id`, `table_id`, `column_name`, `column_comment`, `column_type`, `column_width`, `default_value`, `is_pk`, `is_required`, `is_insert`, `is_edit`, `is_list`, `is_query`, `is_sort`, `query_type`, `span`, `view_type`, `dict_type`, `options`, `list_sort`, `form_sort`, `remark`, `created_by`, `updated_by`, `create_time`, `update_time`, `delete_time`) VALUES (51, 2, 'update_time', '更新时间', 'datetime', 180, 'CURRENT_TIMESTAMP', 1, 1, 1, 2, 2, 1, 1, 'between', NULL, 'date', NULL, '{\"mode\":\"date\",\"showTime\":true}', 7, 7, NULL, 1, 1, '2025-06-06 08:47:33', '2025-06-06 08:47:33', NULL);
INSERT INTO `saicode_column` (`id`, `table_id`, `column_name`, `column_comment`, `column_type`, `column_width`, `default_value`, `is_pk`, `is_required`, `is_insert`, `is_edit`, `is_list`, `is_query`, `is_sort`, `query_type`, `span`, `view_type`, `dict_type`, `options`, `list_sort`, `form_sort`, `remark`, `created_by`, `updated_by`, `create_time`, `update_time`, `delete_time`) VALUES (52, 4, 'id', 'ID', 'int', 180, NULL, 2, 1, 1, 2, 2, 2, 2, 'eq', NULL, 'input', NULL, NULL, 0, 0, NULL, 1, 1, '2025-06-06 09:25:48', '2025-06-06 09:34:54', NULL);
INSERT INTO `saicode_column` (`id`, `table_id`, `column_name`, `column_comment`, `column_type`, `column_width`, `default_value`, `is_pk`, `is_required`, `is_insert`, `is_edit`, `is_list`, `is_query`, `is_sort`, `query_type`, `span`, `view_type`, `dict_type`, `options`, `list_sort`, `form_sort`, `remark`, `created_by`, `updated_by`, `create_time`, `update_time`, `delete_time`) VALUES (53, 4, 'tid', '任务ID', 'int', 180, NULL, 1, 2, 2, 2, 2, 2, 1, 'eq', NULL, 'select', NULL, '{\"check_strictly\":false,\"field_label\":\"name\",\"field_value\":\"id\",\"url\":\"\\/api\\/Task\\/index?saiType=all\"}', 1, 1, NULL, 1, 1, '2025-06-06 09:25:48', '2025-06-06 09:34:54', NULL);
INSERT INTO `saicode_column` (`id`, `table_id`, `column_name`, `column_comment`, `column_type`, `column_width`, `default_value`, `is_pk`, `is_required`, `is_insert`, `is_edit`, `is_list`, `is_query`, `is_sort`, `query_type`, `span`, `view_type`, `dict_type`, `options`, `list_sort`, `form_sort`, `remark`, `created_by`, `updated_by`, `create_time`, `update_time`, `delete_time`) VALUES (54, 4, 'filename', '原始文件名', 'varchar', 180, NULL, 1, 1, 2, 2, 2, 2, 1, 'like', NULL, 'input', NULL, '{\"multiple\":false,\"limit\":3}', 2, 2, NULL, 1, 1, '2025-06-06 09:25:48', '2025-06-06 09:34:54', NULL);
INSERT INTO `saicode_column` (`id`, `table_id`, `column_name`, `column_comment`, `column_type`, `column_width`, `default_value`, `is_pk`, `is_required`, `is_insert`, `is_edit`, `is_list`, `is_query`, `is_sort`, `query_type`, `span`, `view_type`, `dict_type`, `options`, `list_sort`, `form_sort`, `remark`, `created_by`, `updated_by`, `create_time`, `update_time`, `delete_time`) VALUES (55, 4, 'size', '文件大小', 'varchar', 180, NULL, 1, 1, 2, 2, 2, 1, 1, 'eq', NULL, 'input', NULL, NULL, 3, 3, NULL, 1, 1, '2025-06-06 09:25:48', '2025-06-06 09:34:54', NULL);
INSERT INTO `saicode_column` (`id`, `table_id`, `column_name`, `column_comment`, `column_type`, `column_width`, `default_value`, `is_pk`, `is_required`, `is_insert`, `is_edit`, `is_list`, `is_query`, `is_sort`, `query_type`, `span`, `view_type`, `dict_type`, `options`, `list_sort`, `form_sort`, `remark`, `created_by`, `updated_by`, `create_time`, `update_time`, `delete_time`) VALUES (56, 4, 'type', '文件类型', 'int', 180, '1', 1, 2, 2, 2, 2, 2, 1, 'eq', NULL, 'saSelect', 'file_type', NULL, 4, 4, NULL, 1, 1, '2025-06-06 09:25:48', '2025-06-06 09:34:54', NULL);
INSERT INTO `saicode_column` (`id`, `table_id`, `column_name`, `column_comment`, `column_type`, `column_width`, `default_value`, `is_pk`, `is_required`, `is_insert`, `is_edit`, `is_list`, `is_query`, `is_sort`, `query_type`, `span`, `view_type`, `dict_type`, `options`, `list_sort`, `form_sort`, `remark`, `created_by`, `updated_by`, `create_time`, `update_time`, `delete_time`) VALUES (57, 4, 'url', '原始文件 URL', 'varchar', 180, NULL, 1, 1, 2, 2, 2, 1, 1, 'eq', NULL, 'input', NULL, '{\"multiple\":true,\"limit\":100}', 5, 5, NULL, 1, 1, '2025-06-06 09:25:48', '2025-06-06 09:34:54', NULL);
INSERT INTO `saicode_column` (`id`, `table_id`, `column_name`, `column_comment`, `column_type`, `column_width`, `default_value`, `is_pk`, `is_required`, `is_insert`, `is_edit`, `is_list`, `is_query`, `is_sort`, `query_type`, `span`, `view_type`, `dict_type`, `options`, `list_sort`, `form_sort`, `remark`, `created_by`, `updated_by`, `create_time`, `update_time`, `delete_time`) VALUES (58, 4, 'voice_url', '提取音频后的 URL', 'varchar', 180, NULL, 1, 1, 2, 2, 2, 1, 1, 'eq', NULL, 'input', NULL, NULL, 6, 6, NULL, 1, 1, '2025-06-06 09:25:48', '2025-06-06 09:34:54', NULL);
INSERT INTO `saicode_column` (`id`, `table_id`, `column_name`, `column_comment`, `column_type`, `column_width`, `default_value`, `is_pk`, `is_required`, `is_insert`, `is_edit`, `is_list`, `is_query`, `is_sort`, `query_type`, `span`, `view_type`, `dict_type`, `options`, `list_sort`, `form_sort`, `remark`, `created_by`, `updated_by`, `create_time`, `update_time`, `delete_time`) VALUES (59, 4, 'clear_url', '降噪后的 URL', 'varchar', 180, NULL, 1, 1, 2, 2, 2, 1, 1, 'eq', NULL, 'input', NULL, NULL, 7, 7, NULL, 1, 1, '2025-06-06 09:25:48', '2025-06-06 09:34:54', NULL);
INSERT INTO `saicode_column` (`id`, `table_id`, `column_name`, `column_comment`, `column_type`, `column_width`, `default_value`, `is_pk`, `is_required`, `is_insert`, `is_edit`, `is_list`, `is_query`, `is_sort`, `query_type`, `span`, `view_type`, `dict_type`, `options`, `list_sort`, `form_sort`, `remark`, `created_by`, `updated_by`, `create_time`, `update_time`, `delete_time`) VALUES (60, 4, 'is_extract', '是否提取音频', 'int', 180, '2', 1, 2, 2, 2, 2, 2, 1, 'eq', NULL, 'saSelect', 'yes_or_no', NULL, 8, 8, NULL, 1, 1, '2025-06-06 09:25:48', '2025-06-06 09:34:54', NULL);
INSERT INTO `saicode_column` (`id`, `table_id`, `column_name`, `column_comment`, `column_type`, `column_width`, `default_value`, `is_pk`, `is_required`, `is_insert`, `is_edit`, `is_list`, `is_query`, `is_sort`, `query_type`, `span`, `view_type`, `dict_type`, `options`, `list_sort`, `form_sort`, `remark`, `created_by`, `updated_by`, `create_time`, `update_time`, `delete_time`) VALUES (61, 4, 'is_clear', '是否降噪', 'int', 180, '2', 1, 2, 2, 2, 2, 2, 1, 'eq', NULL, 'saSelect', 'yes_or_no', NULL, 9, 9, NULL, 1, 1, '2025-06-06 09:25:48', '2025-06-06 09:34:54', NULL);
INSERT INTO `saicode_column` (`id`, `table_id`, `column_name`, `column_comment`, `column_type`, `column_width`, `default_value`, `is_pk`, `is_required`, `is_insert`, `is_edit`, `is_list`, `is_query`, `is_sort`, `query_type`, `span`, `view_type`, `dict_type`, `options`, `list_sort`, `form_sort`, `remark`, `created_by`, `updated_by`, `create_time`, `update_time`, `delete_time`) VALUES (62, 4, 'fast_status', '是否快速识别', 'int', 180, '2', 1, 2, 2, 2, 2, 2, 1, 'eq', NULL, 'saSelect', 'yes_or_no', NULL, 10, 10, NULL, 1, 1, '2025-06-06 09:25:48', '2025-06-06 09:34:54', NULL);
INSERT INTO `saicode_column` (`id`, `table_id`, `column_name`, `column_comment`, `column_type`, `column_width`, `default_value`, `is_pk`, `is_required`, `is_insert`, `is_edit`, `is_list`, `is_query`, `is_sort`, `query_type`, `span`, `view_type`, `dict_type`, `options`, `list_sort`, `form_sort`, `remark`, `created_by`, `updated_by`, `create_time`, `update_time`, `delete_time`) VALUES (63, 4, 'transcribe_status', '是否转写', 'int', 180, '2', 1, 2, 2, 2, 2, 2, 1, 'eq', NULL, 'saSelect', 'yes_or_no', NULL, 11, 11, NULL, 1, 1, '2025-06-06 09:25:48', '2025-06-06 09:34:54', NULL);
INSERT INTO `saicode_column` (`id`, `table_id`, `column_name`, `column_comment`, `column_type`, `column_width`, `default_value`, `is_pk`, `is_required`, `is_insert`, `is_edit`, `is_list`, `is_query`, `is_sort`, `query_type`, `span`, `view_type`, `dict_type`, `options`, `list_sort`, `form_sort`, `remark`, `created_by`, `updated_by`, `create_time`, `update_time`, `delete_time`) VALUES (64, 4, 'effective_voice', '有效语音时长', 'varchar', 180, NULL, 1, 1, 2, 2, 2, 2, 1, 'eq', NULL, 'input', NULL, NULL, 12, 12, NULL, 1, 1, '2025-06-06 09:25:48', '2025-06-06 09:34:54', NULL);
INSERT INTO `saicode_column` (`id`, `table_id`, `column_name`, `column_comment`, `column_type`, `column_width`, `default_value`, `is_pk`, `is_required`, `is_insert`, `is_edit`, `is_list`, `is_query`, `is_sort`, `query_type`, `span`, `view_type`, `dict_type`, `options`, `list_sort`, `form_sort`, `remark`, `created_by`, `updated_by`, `create_time`, `update_time`, `delete_time`) VALUES (65, 4, 'total_voice', '音频总时长', 'varchar', 180, NULL, 1, 1, 2, 2, 2, 2, 2, 'eq', NULL, 'input', NULL, NULL, 13, 13, NULL, 1, 1, '2025-06-06 09:25:48', '2025-06-06 09:34:54', NULL);
INSERT INTO `saicode_column` (`id`, `table_id`, `column_name`, `column_comment`, `column_type`, `column_width`, `default_value`, `is_pk`, `is_required`, `is_insert`, `is_edit`, `is_list`, `is_query`, `is_sort`, `query_type`, `span`, `view_type`, `dict_type`, `options`, `list_sort`, `form_sort`, `remark`, `created_by`, `updated_by`, `create_time`, `update_time`, `delete_time`) VALUES (66, 4, 'language', '语言类型', 'varchar', 180, NULL, 1, 1, 2, 2, 2, 2, 1, 'eq', NULL, 'input', NULL, NULL, 14, 14, NULL, 1, 1, '2025-06-06 09:25:48', '2025-06-06 09:34:54', NULL);
INSERT INTO `saicode_column` (`id`, `table_id`, `column_name`, `column_comment`, `column_type`, `column_width`, `default_value`, `is_pk`, `is_required`, `is_insert`, `is_edit`, `is_list`, `is_query`, `is_sort`, `query_type`, `span`, `view_type`, `dict_type`, `options`, `list_sort`, `form_sort`, `remark`, `created_by`, `updated_by`, `create_time`, `update_time`, `delete_time`) VALUES (67, 4, 'text_info', '转写内容', 'longtext', 180, NULL, 1, 1, 2, 2, 1, 1, 1, 'eq', NULL, 'textarea', NULL, '{\"height\":400}', 15, 15, NULL, 1, 1, '2025-06-06 09:25:48', '2025-06-06 09:34:54', NULL);
INSERT INTO `saicode_column` (`id`, `table_id`, `column_name`, `column_comment`, `column_type`, `column_width`, `default_value`, `is_pk`, `is_required`, `is_insert`, `is_edit`, `is_list`, `is_query`, `is_sort`, `query_type`, `span`, `view_type`, `dict_type`, `options`, `list_sort`, `form_sort`, `remark`, `created_by`, `updated_by`, `create_time`, `update_time`, `delete_time`) VALUES (68, 4, 'error_msg', '任务错误信息', 'text', 180, NULL, 1, 1, 2, 2, 1, 1, 1, 'eq', NULL, 'textarea', NULL, '{\"height\":400}', 16, 16, NULL, 1, 1, '2025-06-06 09:25:48', '2025-06-06 09:34:54', NULL);
INSERT INTO `saicode_column` (`id`, `table_id`, `column_name`, `column_comment`, `column_type`, `column_width`, `default_value`, `is_pk`, `is_required`, `is_insert`, `is_edit`, `is_list`, `is_query`, `is_sort`, `query_type`, `span`, `view_type`, `dict_type`, `options`, `list_sort`, `form_sort`, `remark`, `created_by`, `updated_by`, `create_time`, `update_time`, `delete_time`) VALUES (69, 4, 'retry_count', '失败重试次数', 'tinyint', 180, '0', 1, 2, 2, 2, 2, 1, 1, 'eq', NULL, 'input', NULL, NULL, 17, 17, NULL, 1, 1, '2025-06-06 09:25:48', '2025-06-06 09:34:54', NULL);
INSERT INTO `saicode_column` (`id`, `table_id`, `column_name`, `column_comment`, `column_type`, `column_width`, `default_value`, `is_pk`, `is_required`, `is_insert`, `is_edit`, `is_list`, `is_query`, `is_sort`, `query_type`, `span`, `view_type`, `dict_type`, `options`, `list_sort`, `form_sort`, `remark`, `created_by`, `updated_by`, `create_time`, `update_time`, `delete_time`) VALUES (70, 4, 'step', '当前处理阶段', 'int', 180, '0', 1, 1, 2, 2, 2, 1, 1, 'eq', NULL, 'saSelect', 'step_type', NULL, 18, 18, NULL, 1, 1, '2025-06-06 09:25:48', '2025-06-06 09:34:54', NULL);
INSERT INTO `saicode_column` (`id`, `table_id`, `column_name`, `column_comment`, `column_type`, `column_width`, `default_value`, `is_pk`, `is_required`, `is_insert`, `is_edit`, `is_list`, `is_query`, `is_sort`, `query_type`, `span`, `view_type`, `dict_type`, `options`, `list_sort`, `form_sort`, `remark`, `created_by`, `updated_by`, `create_time`, `update_time`, `delete_time`) VALUES (71, 4, 'create_time', '创建时间', 'datetime', 180, NULL, 1, 1, 1, 2, 2, 1, 1, 'between', NULL, 'date', NULL, '{\"mode\":\"date\",\"showTime\":true}', 19, 19, NULL, 1, 1, '2025-06-06 09:25:48', '2025-06-06 09:34:54', NULL);
INSERT INTO `saicode_column` (`id`, `table_id`, `column_name`, `column_comment`, `column_type`, `column_width`, `default_value`, `is_pk`, `is_required`, `is_insert`, `is_edit`, `is_list`, `is_query`, `is_sort`, `query_type`, `span`, `view_type`, `dict_type`, `options`, `list_sort`, `form_sort`, `remark`, `created_by`, `updated_by`, `create_time`, `update_time`, `delete_time`) VALUES (72, 4, 'update_time', '更新时间', 'datetime', 180, NULL, 1, 1, 1, 2, 2, 1, 1, 'between', NULL, 'date', NULL, '{\"mode\":\"date\",\"showTime\":true}', 20, 20, NULL, 1, 1, '2025-06-06 09:25:48', '2025-06-06 09:34:54', NULL);
INSERT INTO `saicode_column` (`id`, `table_id`, `column_name`, `column_comment`, `column_type`, `column_width`, `default_value`, `is_pk`, `is_required`, `is_insert`, `is_edit`, `is_list`, `is_query`, `is_sort`, `query_type`, `span`, `view_type`, `dict_type`, `options`, `list_sort`, `form_sort`, `remark`, `created_by`, `updated_by`, `create_time`, `update_time`, `delete_time`) VALUES (73, 5, 'id', 'ID', 'int', 180, NULL, 2, 1, 1, 2, 2, 2, 2, 'eq', NULL, 'input', NULL, NULL, 0, 0, NULL, 1, 1, '2025-06-15 16:14:44', '2025-06-15 16:19:50', '2025-06-15 16:19:50');
INSERT INTO `saicode_column` (`id`, `table_id`, `column_name`, `column_comment`, `column_type`, `column_width`, `default_value`, `is_pk`, `is_required`, `is_insert`, `is_edit`, `is_list`, `is_query`, `is_sort`, `query_type`, `span`, `view_type`, `dict_type`, `options`, `list_sort`, `form_sort`, `remark`, `created_by`, `updated_by`, `create_time`, `update_time`, `delete_time`) VALUES (74, 5, 'log', '日志信息', 'longtext', 180, NULL, 1, 1, 2, 2, 2, 2, 1, 'eq', NULL, 'textarea', NULL, '{\"height\":400}', 1, 1, NULL, 1, 1, '2025-06-15 16:14:44', '2025-06-15 16:19:50', '2025-06-15 16:19:50');
INSERT INTO `saicode_column` (`id`, `table_id`, `column_name`, `column_comment`, `column_type`, `column_width`, `default_value`, `is_pk`, `is_required`, `is_insert`, `is_edit`, `is_list`, `is_query`, `is_sort`, `query_type`, `span`, `view_type`, `dict_type`, `options`, `list_sort`, `form_sort`, `remark`, `created_by`, `updated_by`, `create_time`, `update_time`, `delete_time`) VALUES (75, 5, 'create_time', '创建时间', 'datetime', 180, NULL, 1, 1, 1, 2, 2, 2, 1, 'between', NULL, 'date', NULL, '{\"mode\":\"date\",\"showTime\":true}', 2, 2, NULL, 1, 1, '2025-06-15 16:14:44', '2025-06-15 16:19:50', '2025-06-15 16:19:50');
INSERT INTO `saicode_column` (`id`, `table_id`, `column_name`, `column_comment`, `column_type`, `column_width`, `default_value`, `is_pk`, `is_required`, `is_insert`, `is_edit`, `is_list`, `is_query`, `is_sort`, `query_type`, `span`, `view_type`, `dict_type`, `options`, `list_sort`, `form_sort`, `remark`, `created_by`, `updated_by`, `create_time`, `update_time`, `delete_time`) VALUES (76, 5, 'id', 'ID', 'int', 180, NULL, 2, 1, 1, 2, 2, 2, 2, 'eq', NULL, 'input', NULL, NULL, 0, 0, NULL, 1, 1, '2025-06-15 16:19:50', '2025-06-15 16:20:08', NULL);
INSERT INTO `saicode_column` (`id`, `table_id`, `column_name`, `column_comment`, `column_type`, `column_width`, `default_value`, `is_pk`, `is_required`, `is_insert`, `is_edit`, `is_list`, `is_query`, `is_sort`, `query_type`, `span`, `view_type`, `dict_type`, `options`, `list_sort`, `form_sort`, `remark`, `created_by`, `updated_by`, `create_time`, `update_time`, `delete_time`) VALUES (77, 5, 'task_id', '任务详情ID', 'int', 180, NULL, 1, 2, 2, 2, 2, 2, 1, 'eq', NULL, 'input', NULL, NULL, 1, 1, NULL, 1, 1, '2025-06-15 16:19:50', '2025-06-15 16:20:08', NULL);
INSERT INTO `saicode_column` (`id`, `table_id`, `column_name`, `column_comment`, `column_type`, `column_width`, `default_value`, `is_pk`, `is_required`, `is_insert`, `is_edit`, `is_list`, `is_query`, `is_sort`, `query_type`, `span`, `view_type`, `dict_type`, `options`, `list_sort`, `form_sort`, `remark`, `created_by`, `updated_by`, `create_time`, `update_time`, `delete_time`) VALUES (78, 5, 'task_type', '任务类型', 'varchar', 180, NULL, 1, 2, 2, 2, 2, 2, 1, 'eq', NULL, 'saSelect', 'node_type', NULL, 3, 3, NULL, 1, 1, '2025-06-15 16:19:50', '2025-06-15 16:20:08', NULL);
INSERT INTO `saicode_column` (`id`, `table_id`, `column_name`, `column_comment`, `column_type`, `column_width`, `default_value`, `is_pk`, `is_required`, `is_insert`, `is_edit`, `is_list`, `is_query`, `is_sort`, `query_type`, `span`, `view_type`, `dict_type`, `options`, `list_sort`, `form_sort`, `remark`, `created_by`, `updated_by`, `create_time`, `update_time`, `delete_time`) VALUES (79, 5, 'status', '状态', 'varchar', 180, NULL, 1, 1, 2, 2, 2, 2, 1, 'eq', NULL, 'saSelect', 'log_status', NULL, 4, 5, NULL, 1, 1, '2025-06-15 16:19:50', '2025-06-15 16:20:08', NULL);
INSERT INTO `saicode_column` (`id`, `table_id`, `column_name`, `column_comment`, `column_type`, `column_width`, `default_value`, `is_pk`, `is_required`, `is_insert`, `is_edit`, `is_list`, `is_query`, `is_sort`, `query_type`, `span`, `view_type`, `dict_type`, `options`, `list_sort`, `form_sort`, `remark`, `created_by`, `updated_by`, `create_time`, `update_time`, `delete_time`) VALUES (80, 5, 'message', '消息', 'varchar', 180, NULL, 1, 1, 2, 2, 2, 1, 1, 'eq', NULL, 'input', NULL, NULL, 5, 6, NULL, 1, 1, '2025-06-15 16:19:50', '2025-06-15 16:20:08', NULL);
INSERT INTO `saicode_column` (`id`, `table_id`, `column_name`, `column_comment`, `column_type`, `column_width`, `default_value`, `is_pk`, `is_required`, `is_insert`, `is_edit`, `is_list`, `is_query`, `is_sort`, `query_type`, `span`, `view_type`, `dict_type`, `options`, `list_sort`, `form_sort`, `remark`, `created_by`, `updated_by`, `create_time`, `update_time`, `delete_time`) VALUES (81, 5, 'log', '日志信息', 'longtext', 180, NULL, 1, 1, 2, 2, 2, 2, 1, 'eq', NULL, 'textarea', NULL, '{\"height\":400}', 2, 2, NULL, 1, 1, '2025-06-15 16:19:50', '2025-06-15 16:20:08', NULL);
INSERT INTO `saicode_column` (`id`, `table_id`, `column_name`, `column_comment`, `column_type`, `column_width`, `default_value`, `is_pk`, `is_required`, `is_insert`, `is_edit`, `is_list`, `is_query`, `is_sort`, `query_type`, `span`, `view_type`, `dict_type`, `options`, `list_sort`, `form_sort`, `remark`, `created_by`, `updated_by`, `create_time`, `update_time`, `delete_time`) VALUES (82, 5, 'create_time', '创建时间', 'datetime', 180, NULL, 1, 1, 1, 2, 2, 2, 1, 'between', NULL, 'date', NULL, '{\"mode\":\"date\",\"showTime\":true}', 6, 4, NULL, 1, 1, '2025-06-15 16:19:50', '2025-06-15 16:20:08', NULL);
COMMIT;

-- ----------------------------
-- Table structure for saicode_table
-- ----------------------------
DROP TABLE IF EXISTS `saicode_table`;
CREATE TABLE `saicode_table` (
  `id` int unsigned NOT NULL AUTO_INCREMENT COMMENT '主键',
  `table_name` varchar(200) DEFAULT NULL COMMENT '表名称',
  `table_comment` varchar(500) DEFAULT NULL COMMENT '表注释',
  `stub` varchar(50) DEFAULT NULL COMMENT 'stub类型',
  `template` varchar(50) DEFAULT NULL COMMENT '模板名称',
  `namespace` varchar(255) DEFAULT NULL COMMENT '命名空间',
  `package_name` varchar(100) DEFAULT NULL COMMENT '控制器包名',
  `business_name` varchar(50) DEFAULT NULL COMMENT '业务名称',
  `class_name` varchar(50) DEFAULT NULL COMMENT '类名称',
  `menu_name` varchar(100) DEFAULT NULL COMMENT '生成菜单名',
  `belong_menu_id` int DEFAULT NULL COMMENT '所属菜单',
  `tpl_category` varchar(100) DEFAULT NULL COMMENT '生成类型',
  `generate_type` smallint DEFAULT '1' COMMENT '1 压缩包下载 2 生成到模块',
  `generate_model` smallint DEFAULT '1' COMMENT '1 软删除 2 非软删除',
  `generate_path` varchar(100) DEFAULT 'saiadmin-vue' COMMENT '前端根目录',
  `generate_menus` varchar(255) DEFAULT NULL COMMENT '生成菜单列表',
  `component_type` smallint DEFAULT '1' COMMENT '组件方式',
  `form_width` int DEFAULT '600' COMMENT '宽度',
  `is_full` smallint DEFAULT '1' COMMENT '是否全屏',
  `span` smallint DEFAULT NULL COMMENT '布局',
  `options` varchar(1500) DEFAULT NULL COMMENT '其他业务选项',
  `remark` varchar(255) DEFAULT NULL COMMENT '备注',
  `source` varchar(255) DEFAULT NULL COMMENT '数据源',
  `created_by` int DEFAULT NULL COMMENT '创建者',
  `updated_by` int DEFAULT NULL COMMENT '更新者',
  `create_time` datetime DEFAULT NULL COMMENT '创建时间',
  `update_time` datetime DEFAULT NULL COMMENT '修改时间',
  `delete_time` datetime DEFAULT NULL COMMENT '删除时间',
  PRIMARY KEY (`id`) USING BTREE
) ENGINE=InnoDB AUTO_INCREMENT=6 DEFAULT CHARSET=utf8mb4 COLLATE=utf8mb4_0900_ai_ci ROW_FORMAT=DYNAMIC COMMENT='低代码数据表';

-- ----------------------------
-- Records of saicode_table
-- ----------------------------
BEGIN;
INSERT INTO `saicode_table` (`id`, `table_name`, `table_comment`, `stub`, `template`, `namespace`, `package_name`, `business_name`, `class_name`, `menu_name`, `belong_menu_id`, `tpl_category`, `generate_type`, `generate_model`, `generate_path`, `generate_menus`, `component_type`, `form_width`, `is_full`, `span`, `options`, `remark`, `source`, `created_by`, `updated_by`, `create_time`, `update_time`, `delete_time`) VALUES (1, 'sa_system_user', '用户信息表', 'saiadmin', 'app', '', '', 'user', 'SaSystemUser', '用户信息表', 4000, 'single', 1, 1, 'saiadmin-vue', 'index,save,update,read,destroy', 1, 600, 1, 24, NULL, NULL, 'mysql', 1, 1, '2025-06-06 07:22:21', '2025-06-06 08:29:42', '2025-06-06 08:29:42');
INSERT INTO `saicode_table` (`id`, `table_name`, `table_comment`, `stub`, `template`, `namespace`, `package_name`, `business_name`, `class_name`, `menu_name`, `belong_menu_id`, `tpl_category`, `generate_type`, `generate_model`, `generate_path`, `generate_menus`, `component_type`, `form_width`, `is_full`, `span`, `options`, `remark`, `source`, `created_by`, `updated_by`, `create_time`, `update_time`, `delete_time`) VALUES (2, 'ai_user', '用户表', 'saiadmin', 'app', 'api', '', 'user', 'User', '用户管理', 0, 'single', 1, 1, 'saiadmin-vue', 'index,save,update,read,destroy,changeStatus,export', 1, 600, 1, 24, '{\"relations\":[]}', NULL, 'mysql', 1, 1, '2025-06-06 08:30:26', '2025-06-06 08:36:45', NULL);
INSERT INTO `saicode_table` (`id`, `table_name`, `table_comment`, `stub`, `template`, `namespace`, `package_name`, `business_name`, `class_name`, `menu_name`, `belong_menu_id`, `tpl_category`, `generate_type`, `generate_model`, `generate_path`, `generate_menus`, `component_type`, `form_width`, `is_full`, `span`, `options`, `remark`, `source`, `created_by`, `updated_by`, `create_time`, `update_time`, `delete_time`) VALUES (3, 'ai_task', '任务表', 'saiadmin', 'app', 'api', '', 'task', 'Task', '任务管理', 0, 'single', 1, 1, 'saiadmin-vue', 'index,save,update,read,destroy,export', 1, 600, 1, 24, '{\"relations\":[]}', NULL, 'mysql', 1, 1, '2025-06-06 08:45:25', '2025-06-06 09:34:47', NULL);
INSERT INTO `saicode_table` (`id`, `table_name`, `table_comment`, `stub`, `template`, `namespace`, `package_name`, `business_name`, `class_name`, `menu_name`, `belong_menu_id`, `tpl_category`, `generate_type`, `generate_model`, `generate_path`, `generate_menus`, `component_type`, `form_width`, `is_full`, `span`, `options`, `remark`, `source`, `created_by`, `updated_by`, `create_time`, `update_time`, `delete_time`) VALUES (4, 'ai_task_info', '任务详情', 'saiadmin', 'app', 'api', '', 'taskinfo', 'TaskInfo', '任务详情', 0, 'single', 1, 1, 'saiadmin-vue', 'index,save,update,read,destroy,export', 1, 600, 1, 24, '{\"relations\":[]}', NULL, 'mysql', 1, 1, '2025-06-06 09:25:48', '2025-06-06 16:06:10', NULL);
INSERT INTO `saicode_table` (`id`, `table_name`, `table_comment`, `stub`, `template`, `namespace`, `package_name`, `business_name`, `class_name`, `menu_name`, `belong_menu_id`, `tpl_category`, `generate_type`, `generate_model`, `generate_path`, `generate_menus`, `component_type`, `form_width`, `is_full`, `span`, `options`, `remark`, `source`, `created_by`, `updated_by`, `create_time`, `update_time`, `delete_time`) VALUES (5, 'ai_log', '日志记录', 'saiadmin', 'app', 'api', '', 'ailog', 'AiLog', '日志记录', 0, 'single', 1, 2, 'saiadmin-vue', 'index,save,update,read,destroy', 1, 600, 1, 24, '{\"relations\":[]}', NULL, 'mysql', 1, 1, '2025-06-15 16:14:44', '2025-06-15 17:46:15', NULL);
COMMIT;

SET FOREIGN_KEY_CHECKS = 1;
